species_id,common_name,scientific_name
28208,Abbott's Babbler,Malacocincla abbotti
7685,Abbott's Booby,Papasula abbotti
30111,Abbott's Starling,Arizelopsar femoralis
32930,Abd al Kuri Sparrow,Passer hemileucus
7652,Abdim's Stork,Ciconia abdimii
26480,Aberdare Cisticola,Cisticola aberdare
25520,Aberrant Bush-warbler,Horornis flavolivaceus
35550,Abert's Towhee,Melozone aberti
27061,Abyssinian Catbird,Sylvia galinieri
34508,Abyssinian Citril,Crithagra citrinelloides
33543,Abyssinian Crimsonwing,Cryptospiza salvadorii
30419,Abyssinian Ground-thrush,Geokichla piaggiae
33940,Abyssinian Longclaw,Macronyx flavicollis
9445,Abyssinian Owl,Asio abyssinicus
10244,Abyssinian Roller,Coracias abyssinicus
10067,Abyssinian Scimitarbill,Rhinopomastus minor
31017,Abyssinian Slaty-flycatcher,Melaenornis chocolatinus
30500,Abyssinian Thrush,Turdus abyssinicus
31994,Abyssinian Wheatear,Oenanthe lugubris
27416,Abyssinian White-eye,Zosterops abyssinicus
12043,Abyssinian Woodpecker,Dendropicos abyssinicus
11534,Acacia Pied Barbet,Tricholaema leucomelas
17722,Acadian Flycatcher,Empidonax virescens
24962,Aceh Bulbul,Pycnonotus snouckaerti
11791,Acorn Woodpecker,Melanerpes formicivorus
16069,Acre Antshrike,Thamnophilus divisorius
17361,Acre Tody-tyrant,Hemitriccus cohnhafti
4613,Adamawa Turtle-dove,Streptopelia hypopyrrha
36328,Adelaide's Warbler,Setophaga adelaidae
7305,Adelie Penguin,Pygoscelis adeliae
4469,Afep Pigeon,Columba unicincta
28545,Afghan Babbler,Argya huttoni
32850,Afghan Snowfinch,Pyrgilauda theresae
9197,African Barred Owlet,Glaucidium capense
403,African Black Duck,Anas sparsa
23550,African Blue Flycatcher,Elminia longicauda
1626,African Blue Quail,Synoicus adansonii
23761,African Blue Tit,Cyanistes teneriffae
14287,African Broadbill,Smithornis capensis
34163,African Chaffinch,Fringilla spodiogenys
4631,African Collared-dove,Streptopelia roseogrisea
5782,African Crake,Crecopsis egregia
34256,African Crimson-winged Finch,
4336,African Cuckoo,Cuculus gularis
8176,African Cuckoo-hawk,Aviceda cuculoides
7718,African Darter,Anhinga rufa
27125,African Desert Warbler,Curruca deserti
31083,African Dusky Flycatcher,Muscicapa adusta
10593,African Dwarf-kingfisher,Ispidina lecontei
4195,African Emerald Cuckoo,Chrysococcyx cupreus
5615,African Finfoot,Podica senegalensis
33746,African Firefinch,Lagonosticta rubricata
8676,African Fish-eagle,Icthyophaga vocifer
30982,African Forest-flycatcher,Fraseria ocreata
21730,African Golden Oriole,Oriolus auratus
33058,African Golden Weaver,Ploceus subaureus
8429,African Goshawk,Aerospiza tachiro
8936,African Grass-owl,Tyto capensis
10885,African Green Bee-eater,Merops viridissimus
5234,African Green-pigeon,Treron calvus
31043,African Grey Flycatcher,Bradornis microrhynchus
10115,African Grey Hornbill,Lophoceros nasutus
8151,African Harrier-hawk,Polyboroides typus
8388,African Hawk-eagle,Aquila spilogaster
27063,African Hill-babbler,Sylvia abyssinica
12950,African Hobby,Falco cuvierii
3804,African Houbara,Chlamydotis undulata
6637,African Jacana,Actophilornis africanus
8627,African Marsh-harrier,Circus ranivorus
4470,African Olive-pigeon,Columba arquatrix
7636,African Openbill,Anastomus lamelligerus
6408,African Oystercatcher,Haematopus moquini
2561,African Palm Swift,Cypsiurus parvus
22207,African Paradise-flycatcher,Terpsiphone viridis
7323,African Penguin,Spheniscus demersus
11763,African Piculet,Verreauxia africana
30068,African Pied Starling,Lamprotornis bicolor
33932,African Pied Wagtail,Motacilla aguimp
33985,African Pipit,Anthus cinnamomeus
14392,African Pitta,Pitta angolensis
25105,African Plain Martin,Riparia paludicola
12845,African Pygmy-falcon,Polihierax semitorquatus
361,African Pygmy-goose,Nettapus auritus
10597,African Pygmy-kingfisher,Ispidina picta
33639,African Quailfinch,Ortygospiza atricollis
5780,African Rail,Rallus caerulescens
25308,African Red-rumped Swallow,Cecropis melanocrissus
25056,African River Martin,Pseudochelidon eurystomina
7809,African Sacred Ibis,Threskiornis aethiopicus
9328,African Scops-owl,Otus senegalensis
20396,African Shrike-flycatcher,Megabyas flammulatus
33368,African Silverbill,Euodice cantans
6905,African Skimmer,Rynchops flavirostris
6739,African Snipe,Gallinago nigripennis
7872,African Spoonbill,Platalea alba
29678,African Spotted Creeper,Salpornis salvadori
31810,African Stonechat,Saxicola torquatus
5947,African Swamphen,Porphyrio madagascariensis
2610,African Swift,Apus barbatus
6482,African Three-banded Plover,Thinornis tricollaris
30484,African Thrush,Turdus pelios
9784,African Wood-owl,Strix woodfordii
7653,African Woollyneck,Ciconia microscelis
26075,African Yellow Warbler,Iduna natalensis
27521,African Yellow White-eye,Zosterops senegalensis
7892,Agami Heron,Agamia agami
17069,Agile Tit-tyrant,Uromyias agilis
25985,Aguijan Reed-warbler,Acrocephalus nijoi
24000,Agulhas Long-billed Lark,
1724,Ahanta Spurfowl,Pternistis ahantensis
7429,Ainley's Storm-petrel,Hydrobates cheimomnestes
34428,Akekee,Loxops caeruleirostris
34423,Akiapolaau,Hemignathus wilsoni
34385,Akikiki,Oreomystis bairdi
34403,Akohekohe,Palmeria dolei
9542,Akun Eagle-owl,Ketupa leucosticta
31721,Ala Shan Redstart,Phoenicurus alaschanicus
15813,Alagoas Antwren,Myrmotherula snowi
742,Alagoas Curassow,Mitu mitu
15086,Alagoas Foliage-gleaner,Philydor novaesi
17203,Alagoas Tyrannulet,Phylloscartes ceciliae
6190,Alaotra Grebe,Tachybaptus rufolavatus
18686,Albert's Lyrebird,Menura alberti
9207,Albertine Owlet,Glaucidium albertinum
20217,Albertine Sooty Boubou,Laniarius holomelas
25938,Aldabra Brush-warbler,Nesillas aldabrana
21898,Aldabra Drongo,Dicrurus aldabranus
33235,Aldabra Fody,Foudia aldabrana
27549,Aldabra White-eye,Zosterops aldabrensis
17728,Alder Flycatcher,Empidonax alnorum
6949,Aleutian Tern,Onychoprion aleuticus
13787,Alexandrine Parakeet,Psittacula eupatria
29551,Algerian Nuthatch,Sitta ledanti
5942,Allen's Gallinule,Porphyrio alleni
3319,Allen's Hummingbird,Selasphorus sasin
16416,Allpahuayo Antbird,Percnostola arenarum
8994,Alor Boobook,Ninox plesseni
19083,Alor Myzomela,Myzomela prawiradilagae
33824,Alpine Accentor,Prunella collaris
33453,Alpine Mannikin,Lonchura monticola
34118,Alpine Pipit,Anthus gutturalis
2576,Alpine Swift,Tachymarptis melba
30346,Alpine Thrush,Zoothera mollissima
25788,Alström's Warbler,Phylloscopus soror
16617,Alta Floresta Antpitta,Hylopezus whittakeri
33834,Altai Accentor,Prunella himalayana
1578,Altai Snowcock,Tetraogallus altaicus
35880,Altamira Oriole,Icterus gularis
36200,Altamira Yellowthroat,Geothlypis flavovelata
22883,Amami Jay,Garrulus lidthi
30374,Amami Thrush,Zoothera major
6705,Amami Woodcock,Scolopax mira
12326,Amami Woodpecker,
32359,Amani Sunbird,Hedydipna pallidigaster
30188,Amaui,Myadestes woahensis
3618,Amazilia Hummingbird,Amazilis amazilia
10737,Amazon Kingfisher,Chloroceryle amazona
16626,Amazonian Antpitta,Myrmothera berlepschi
16063,Amazonian Antshrike,Thamnophilus amazonicus
14633,Amazonian Barred Woodcreeper,Dendrocolaptes certhia
12511,Amazonian Black-breasted Woodpecker,
9978,Amazonian Black-throated Trogon,Trogon rufus
17840,Amazonian Black-tyrant,Knipolegus poecilocercus
16905,Amazonian Grey Elaenia,Myiopagis cinerea
36699,Amazonian Grosbeak,Cyanoloxia rothschildii
10808,Amazonian Motmot,Momotus momota
13172,Amazonian Parrotlet,Nannopsittaca dachilleae
14910,Amazonian Plain Xenops,Xenops genibarbis
9236,Amazonian Pygmy-owl,Glaucidium hardyi
18646,Amazonian Royal Flycatcher,Onychorhynchus coronatus
17291,Amazonian Scrub-flycatcher,Sublegatus obscurior
15765,Amazonian Streaked Antwren,Myrmotherula multostriata
9961,Amazonian Trogon,Trogon ramonianus
17298,Amazonian Tyrannulet,Inezia subflava
18291,Amazonian Umbrellabird,Cephalopterus ornatus
15220,Amazonian Woodhaunter,Automolus subulatus
31755,Amber Mountain Rock-thrush,Monticola erythronotus
27705,Ambon White-eye,Zosterops kuehni
2414,Ameline Swiftlet,Aerodramus amelis
6443,American Avocet,Recurvirostra americana
8904,American Barn-Owl,Tyto furcata
7898,American Bittern,Botaurus lentiginosus
430,American Black Duck,Anas rubripes
6396,American Black Oystercatcher,Haematopus bachmani
8113,American Black Vulture,Coragyps atratus
25605,American Bushtit,Psaltriparus minimus
5933,American Coot,Fulica americana
23063,American Crow,Corvus brachyrhynchos
32017,American Dipper,Cinclus mexicanus
17735,American Dusky Flycatcher,Empidonax oberholseri
6264,American Flamingo,Phoenicopterus ruber
6456,American Golden Plover,Pluvialis dominica
34732,American Goldfinch,Spinus tristis
8603,American Goshawk,Astur atricapillus
17736,American Grey Flycatcher,Empidonax wrightii
12892,American Kestrel,Falco sparverius
6398,American Oystercatcher,Haematopus palliatus
10740,American Pygmy-kingfisher,Chloroceryle aenea
36223,American Redstart,Setophaga ruticilla
30663,American Robin,Turdus migratorius
12011,American Three-Toed Woodpecker,Picoides dorsalis
35345,American Tree Sparrow,Spizelloides arborea
29636,American Treecreeper,Certhia americana
8100,American White Pelican,Pelecanus erythrorhynchos
401,American Wigeon,Mareca americana
6702,American Woodcock,Scolopax minor
36247,American Yellow Warbler,
5144,Amethyst Brown-dove,Phapitreron amethystinus
32412,Amethyst Sunbird,Chalcomitra amethystina
3268,Amethyst Woodstar,Calliphlox amethystina
3242,Amethyst-throated Mountain-gem,Lampornis amethystinus
2863,Amethyst-throated Sunangel,Heliangelus amethysticollis
16774,Ampay Tapaculo,Scytalopus whitneyi
7385,Amsterdam Albatross,Diomedea amsterdamensis
402,Amsterdam Duck,Mareca marecula
12924,Amur Falcon,Falco amurensis
31808,Amur Stonechat,Saxicola stejnegeri
33605,Anambra Waxbill,Estrilda poliopareia
16754,Ancash Tapaculo,Scytalopus affinis
11462,Anchieta's Barbet,Stactolaema anchietae
32296,Anchieta's Sunbird,Anthreptes anchietae
15913,Ancient Antwren,Herpsilochmus gentryi
7263,Ancient Murrelet,Synthliboramphus antiquus
9022,Andaman Boobook,Ninox affinis
24883,Andaman Bulbul,Microtarsus fuscoflavescens
3995,Andaman Coucal,Centropus andamanensis
6085,Andaman Crake,Rallina canningi
4743,Andaman Cuckoo-Dove,Macropygia rufipennis
20693,Andaman Cuckooshrike,Coracina dobsoni
21799,Andaman Drongo,Dicrurus andamanensis
32178,Andaman Flowerpecker,Dicaeum virescens
5184,Andaman Green-pigeon,Treron chloropterus
8929,Andaman Masked-Owl,Tyto deroepstorffi
2055,Andaman Nightjar,Caprimulgus andamanicus
9275,Andaman Scops-owl,Otus balli
8291,Andaman Serpent-eagle,Spilornis elgini
30929,Andaman Shama,Copsychus albiventris
461,Andaman Teal,Anas albogularis
22954,Andaman Treepie,Dendrocitta bayleii
12554,Andaman Woodpecker,Dryocopus hodgei
4483,Andaman Woodpigeon,Columba palumboides
6445,Andean Avocet,Recurvirostra andina
17818,Andean Black-tyrant,Knipolegus signatus
18257,Andean Cock-of-the-rock,Rupicola peruvianus
8112,Andean Condor,Vultur gryphus
5938,Andean Coot,Fulica ardesiaca
547,Andean Duck,Oxyura ferruginea
3626,Andean Emerald,Uranomitra franciae
6269,Andean Flamingo,Phoenicoparrus andinus
334,Andean Goose,Oressochen melanopterus
681,Andean Guan,Penelope montagnii
7101,Andean Gull,Chroicocephalus serranus
2955,Andean Hillstar,Oreotrochilus estella
7849,Andean Ibis,Theristicus branickii
6543,Andean Lapwing,Vanellus resplendens
10818,Andean Motmot,Momotus aequatorialis
18555,Andean Mourner,Laniisoma buckleyi
17812,Andean Negrito,Lessonia oreas
13170,Andean Parakeet,Bolborhynchus orbygnesius
2160,Andean Potoo,Nyctibius maculosus
9223,Andean Pygmy-owl,Glaucidium jardinii
34781,Andean Siskin,Spinus spinescens
30710,Andean Slaty Thrush,Turdus nigriceps
6729,Andean Snipe,Gallinago jamesoni
30210,Andean Solitaire,Myadestes ralloides
25205,Andean Swallow,Orochelidon andecola
2544,Andean Swift,Aeronautes andecolus
456,Andean Teal,Anas andium
175,Andean Tinamou,Nothoprocta pentlandii
15291,Andean Tit-spinetail,Leptasthenura andicola
20054,Angola Batis,Batis minulla
31389,Angola Cave-chat,Xenocopsychus ansorgei
24641,Angola Greenbul,Phyllastrephus viridiceps
24175,Angola Lark,Amirafra angolensis
31008,Angola Slaty-flycatcher,Melaenornis brunneus
25273,Angola Swallow,Hirundo angolensis
33532,Angola Waxbill,Coccopygia bocagei
27527,Angola White-eye,Zosterops kasaicus
7710,Anhinga,Anhinga anhinga
34425,Anianiau,Magumma parva
25933,Anjouan Brush-warbler,
9303,Anjouan Scops-owl,Otus capnodes
32676,Anjouan Sunbird,Cinnyris comorensis
27547,Anjouan White-eye,Zosterops anjuanensis
34562,Ankober Serin,Crithagra ankoberensis
3313,Anna's Hummingbird,Calypte anna
11339,Annam Barbet,Psilopogon annamensis
26619,Annam Prinia,Prinia rocki
1422,Annamite Crested Argus,Rheinardia ocellata
28238,Annamite Limestone-babbler,Gypsophila annamensis
9339,Annobon Scops-owl,
27513,Annobon White-eye,Zosterops griseovirescens
24631,Ansorge's Greenbul,Eurillas ansorgei
7452,Antarctic Petrel,Thalassoica antarctica
7466,Antarctic Prion,Pachyptila desolata
7801,Antarctic Shag,Leucocarbo bransfieldensis
7023,Antarctic Tern,Sterna vittata
3422,Antillean Crested Hummingbird,Orthorhyncus cristatus
1858,Antillean Nighthawk,Chordeiles gundlachii
2548,Antillean Palm Swift,Tachornis phoenicobia
11773,Antillean Piculet,Nesoctites micromegas
34744,Antillean Siskin,Spinus dominicensis
17195,Antioquia Bristle-tyrant,Pogonotriccus lanyoni
35692,Antioquia Brushfinch,Atlapetes blancae
29110,Antioquia Wren,Thryophilus sernai
7382,Antipodean Albatross,Diomedea antipodensis
13906,Antipodes Parakeet,Cyanoramphus unicolor
34404,Apapane,Himatione sanguinea
18142,Apical Flycatcher,Myiarchus apicalis
12927,Aplomado Falcon,Falco femoralis
29896,Apo Myna,Goodfellowia miranda
32684,Apo Sunbird,Aethopyga boltoni
28962,Apolinar's Wren,Cistothorus apolinari
18273,Apolo Cotinga,
23151,Apostlebird,Struthidea cinerea
26320,Appert's Tetraka,Xanthomixis apperti
32655,Apricot-breasted Sunbird,Cinnyris buettikoferi
35718,Apurimac Brushfinch,Atlapetes forbesi
15614,Apurimac Spinetail,Synallaxis courseni
3119,Apurimac Starfrontlet,
26037,Aquatic Warbler,Acrocephalus paludicola
28557,Arabian Babbler,Argya squamiceps
3794,Arabian Bustard,Ardeotis arabs
9531,Arabian Eagle-owl,Bubo milesi
32964,Arabian Golden Sparrow,Passer euchlorus
10889,Arabian Green Bee-eater,Merops cyanophrys
34492,Arabian Grosbeak,Rhynchostruthus percivali
24474,Arabian Lark,Eremalauda eremodites
1650,Arabian Partridge,Alectoris melanocephala
9314,Arabian Scops-owl,Otus pamelae
34541,Arabian Serin,Crithagra rothschildi
32583,Arabian Sunbird,Cinnyris hellmayri
27113,Arabian Warbler,Curruca leucomelaena
33638,Arabian Waxbill,Estrilda rufibarba
31991,Arabian Wheatear,Oenanthe lugentoides
12016,Arabian Woodpecker,Dendrocoptes dorae
22096,Arafura Fantail,Rhipidura dryas
15540,Araguaia Spinetail,Synallaxis simoni
18354,Araripe Manakin,Chiroxiphia bokermanni
15297,Araucaria Tit-spinetail,Leptasthenura setaria
18724,Archbold's Bowerbird,Archboldia papuensis
20332,Archbold's Newtonia,Newtonia archboldi
1814,Archbold's Nightjar,Eurostopodus archboldi
2221,Archbold's Owlet-nightjar,
31399,Archer's Robin-chat,Dessonornis archeri
7184,Arctic Herring Gull,Larus smithsonianus
7196,Arctic Jaeger,Stercorarius parasiticus
7294,Arctic Loon,Gavia arctica
7021,Arctic Tern,Sterna paradisaea
25806,Arctic Warbler,Phylloscopus borealis
15334,Arequipa Canastero,
23196,Arfak Astrapia,Astrapia nigra
18716,Arfak Catbird,Ailuroedus arfakianus
18991,Arfak Honeyeater,Melipotes gymnops
23412,Arfak Robin,Heteromyias albispecularis
11186,Ariel Toucan,
15897,Aripuana Antwren,Herpsilochmus stotzi
12217,Arizona Woodpecker,Dryobates arizonae
7166,Armenian Gull,Larus armenicus
31895,Arnot's Chat,Myrmecocichla arnotti
28595,Arrow-marked Babbler,Turdoides jardineii
11714,Arrowhead Piculet,Picumnus minutissimus
36221,Arrowhead Warbler,Setophaga pharetra
32233,Aru Flowerpecker,
6031,Ascension Crake,Mundia elpenor
7667,Ascension Frigatebird,Fregata aquila
7939,Ascension Night-heron,Nycticorax olsoni
2767,Ash-bellied Hermit,
16385,Ash-breasted Antbird,Myrmoborus lugubris
37511,Ash-breasted Sierra-finch,Geospizopsis plebejus
17055,Ash-breasted Tit-tyrant,Anairetes alpinus
15480,Ash-browed Spinetail,Cranioleuca curtata
4085,Ash-colored Cuckoo,Coccycua cinerea
16739,Ash-colored Tapaculo,Myornis senilis
15901,Ash-throated Antwren,Herpsilochmus parkeri
18108,Ash-throated Casiornis,Casiornis fuscus
5696,Ash-throated Crake,Mustelirallus albicollis
18149,Ash-throated Flycatcher,Myiarchus cinerascens
16689,Ash-throated Gnateater,Conopophaga peruviana
15670,Ash-winged Antwren,Euchrepomis spodioptila
28402,Ashambu Chilappan,Montecincla meridionalis
15811,Ashy Antwren,Myrmotherula grisea
24754,Ashy Bulbul,Hemixos flavala
26414,Ashy Cisticola,Cisticola cinereolus
21873,Ashy Drongo,Dicrurus leucophaeus
32191,Ashy Flowerpecker,Dicaeum vulneratum
31000,Ashy Flycatcher,Fraseria caerulescens
20584,Ashy Minivet,Pericrocotus divaricatus
19045,Ashy Myzomela,Myzomela cineracea
26680,Ashy Prinia,Prinia socialis
30066,Ashy Starling,Lamprotornis unicolor
7431,Ashy Storm-petrel,Hydrobates homochroa
26965,Ashy Tailorbird,Orthotomus ruficeps
30462,Ashy Thrush,Geokichla cinerea
23891,Ashy Tit,Melaniparus cinerascens
12784,Ashy Woodpecker,Mulleripicus fulvus
4478,Ashy Woodpigeon,Columba pulchricollis
20404,Ashy Woodswallow,Artamus fuscus
27600,Ashy-bellied White-eye,Zosterops citrinella
31068,Ashy-breasted Flycatcher,Muscicapa randi
24056,Ashy-crowned Sparrow-lark,Eremopterix griseus
8931,Ashy-faced Owl,Tyto glaucops
28514,Ashy-fronted Babbler,Argya cinereifrons
24944,Ashy-fronted Bulbul,Pycnonotus cinereifrons
28133,Ashy-headed Babbler,Pellorneum cinereiceps
341,Ashy-headed Goose,Chloephaga poliocephala
5181,Ashy-headed Green-pigeon,Treron phayrei
21401,Ashy-headed Greenlet,Hylophilus pectoralis
16892,Ashy-headed Tyrannulet,Tyranniscus cinereiceps
2528,Ashy-tailed Swift,Chaetura andrei
35070,Ashy-throated Chlorospingus,Chlorospingus canigularis
27303,Ashy-throated Parrotbill,Suthora alphonsiana
25675,Ashy-throated Warbler,Phylloscopus maculipennis
22884,Asian Azure-winged Magpie,Cyanopica cyanus
9181,Asian Barred Owlet,Glaucidium cuculoides
1614,Asian Blue Quail,Synoicus chinensis
31072,Asian Brown Flycatcher,Muscicapa dauurica
7829,Asian Crested Ibis,Nipponia nippon
27127,Asian Desert Warbler,Curruca nana
6694,Asian Dowitcher,Limnodromus semipalmatus
4185,Asian Emerald Cuckoo,Chrysococcyx maculatus
28790,Asian Fairy-bluebird,Irena puella
29832,Asian Glossy Starling,Aplonis panayensis
33147,Asian Golden Weaver,Ploceus hypoxanthus
10893,Asian Green Bee-eater,Merops orientalis
3807,Asian Houbara,Chlamydotis macqueenii
25287,Asian House Martin,Delichon dasypus
7639,Asian Openbill,Anastomus oscitans
2571,Asian Palm Swift,Cypsiurus balasiensis
25114,Asian Plain Martin,Riparia chinensis
34283,Asian Rosy-finch,Leucosticte arctoa
24476,Asian Short-toed Lark,Alaudala cheleensis
25559,Asian Stubtail,Urosphena squameiceps
7655,Asian Woollyneck,Ciconia episcopus
22969,Asir Magpie,Pica asirensis
28377,Assam Laughingthrush,Trochalopteron chrysopterum
19641,Atherton Scrubwren,Sericornis keri
6222,Atitlan Grebe,Podilymbus gigas
2429,Atiu Swiftlet,Aerodramus sawtelli
12514,Atlantic Black-breasted Woodpecker,
9982,Atlantic Black-throated Trogon,Trogon chrysochloros
16907,Atlantic Grey Elaenia,Myiopagis caniceps
7484,Atlantic Petrel,Pterodroma incerta
7213,Atlantic Puffin,Fratercula arctica
18644,Atlantic Royal Flycatcher,Onychorhynchus swainsoni
6912,Atlantic White Tern,Gygis alba
14723,Atlantic Woodcreeper,Xiphorhynchus atlanticus
7393,Atlantic Yellow-nosed Albatross,Thalassarche chlororhynchos
31651,Atlas Flycatcher,Ficedula speculigera
31904,Atlas Wheatear,Oenanthe seebohmi
5382,Atoll Fruit-dove,Ptilinopus coralensis
29808,Atoll Starling,Aplonis feadensis
16596,Atuen Antpitta,Grallaria atuensis
5812,Auckland Island Rail,Lewinia muelleri
7789,Auckland Islands Shag,Leucocarbo colensoi
6724,Auckland Snipe,Coenocorypha aucklandica
474,Auckland Teal,Anas aucklandica
7121,Audouin's Gull,Ichthyaetus audouinii
35870,Audubon's Oriole,Icterus graduacauda
7590,Audubon's Shearwater,Puffinus lherminieri
36310,Audubon's Warbler,
8829,Augur Buzzard,Buteo augur
10183,Austen's Brown Hornbill,Anorrhinus austeni
36090,Austral Blackbird,Curaeus curaeus
15346,Austral Canastero,Asthenes anthoides
17813,Austral Negrito,Lessonia rufa
13459,Austral Parakeet,Enicognathus ferrugineus
9257,Austral Pygmy-owl,Glaucidium nana
5772,Austral Rail,Rallus antarcticus
30735,Austral Thrush,Turdus falcklandii
7897,Australasian Bittern,Botaurus poiciloptilus
7713,Australasian Darter,Anhinga novaehollandiae
21609,Australasian Figbird,Sphecotheres vieilloti
7688,Australasian Gannet,Morus serrator
8941,Australasian Grass-owl,Tyto longimembris
6203,Australasian Grebe,Tachybaptus novaehollandiae
8879,Australasian Masked-owl,Tyto novaehollandiae
33979,Australasian Pipit,Anthus novaeseelandiae
25974,Australasian Reed-warbler,Acrocephalus australis
391,Australasian Shoveler,Spatula rhynchotis
5960,Australasian Swamphen,Porphyrio melanotus
557,Australian Brushturkey,Alectura lathami
3803,Australian Bustard,Ardeotis australis
5882,Australian Crake,Porzana fluminea
6998,Australian Gull-billed Tern,Gelochelidon macrotarsa
12954,Australian Hobby,Falco longipennis
7817,Australian Ibis,Threskiornis molucca
13647,Australian King-parrot,Alisterus scapularis
7922,Australian Little Bittern,Botaurus dubius
19863,Australian Logrunner,Orthonyx temminckii
20447,Australian Magpie,Gymnorhina tibicen
2237,Australian Owlet-nightjar,Aegotheles cristatus
6616,Australian Painted-snipe,Rostratula australis
8099,Australian Pelican,Pelecanus conspicillatus
33972,Australian Pipit,Anthus australis
6888,Australian Pratincole,Glareola isabella
23121,Australian Raven,Corvus coronoides
13875,Australian Ringneck,Barnardius zonarius
349,Australian Shelduck,Tadorna tadornoides
2376,Australian Swiftlet,Aerodramus terraereginae
27607,Australian Yellow White-eye,Zosterops luteus
33341,Australian Zebra Finch,
16585,Ayacucho Antpitta,Grallaria ayacuchensis
15397,Ayacucho Thistletail,Asthenes ayacuchensis
24949,Ayeyarwady Bulbul,Pycnonotus blanfordi
8358,Ayres's Hawk-eagle,Hieraaetus ayresii
15601,Azara's Spinetail,Synallaxis azarae
34252,Azores Bullfinch,Pyrrhula murina
34167,Azores Chaffinch,Fringilla moreletti
13477,Aztec Parakeet,
30227,Aztec Thrush,Ridgwayia pinicola
13407,Azuero Parakeet,
10275,Azure Dollarbird,Eurystomus azureus
5944,Azure Gallinule,Porphyrio flavirostris
22723,Azure Jay,Cyanocorax caeruleus
10716,Azure Kingfisher,Ceyx azureus
23782,Azure Tit,Cyanistes cyanus
14446,Azure-breasted Pitta,Pitta steerii
22487,Azure-crested Flycatcher,Myiagra azureocapilla
3550,Azure-crowned Hummingbird,Saucerottia cyanocephala
22699,Azure-hooded Jay,Cyanolyca cucullata
22760,Azure-naped Jay,Cyanocorax heilprini
13752,Azure-rumped Parrot,Tanygnathus sumatranus
37802,Azure-rumped Tanager,Poecilostreptus cabanisi
37825,Azure-shouldered Tanager,Thraupis cyanoptera
21221,Babar Whistler,Pachycephala sharpei
30114,Babbling Starling,Neocichla gutturalis
19102,Bacan Myzomela,Myzomela batjanensis
35154,Bachman's Sparrow,Peucaea aestivalis
36136,Bachman's Warbler,Vermivora bachmanii
492,Baer's Pochard,Aythya baeri
33018,Baglafecht Weaver,Ploceus baglafecht
31541,Bagobo Babbler,Leonardina woodi
3308,Bahama Hummingbird,Nesophlox evelynae
4137,Bahama Lizard-cuckoo,
29700,Bahama Mockingbird,Mimus gundlachii
29548,Bahama Nuthatch,Sitta insularis
35952,Bahama Oriole,Icterus northropi
25146,Bahama Swallow,Tachycineta cyaneoviridis
36319,Bahama Warbler,Setophaga flavescens
36195,Bahama Yellowthroat,Geothlypis rostrata
15893,Bahia Antwren,Herpsilochmus pileatus
15562,Bahia Spinetail,Synallaxis cinerea
16741,Bahia Tapaculo,Eleoscytalopus psychopompus
17205,Bahia Tyrannulet,Phylloscartes beckeri
17144,Bahia Wagtail-tyrant,Stigmatura bahiae
1875,Bahian Nighthawk,Nyctiprogne vielliardi
26167,Baikal Grasshopper-warbler,Locustella davidi
374,Baikal Teal,Sibirionetta formosa
6046,Baillon's Crake,Zapornia pusilla
18029,Baird's Flycatcher,Myiodynastes bairdii
35373,Baird's Junco,Junco bairdi
6841,Baird's Sandpiper,Calidris bairdii
35448,Baird's Sparrow,Centronyx bairdii
9952,Baird's Trogon,Trogon bairdii
36186,Baird's Yellowthroat,
9216,Baja Pygmy-owl,
8673,Bald Eagle,Haliaeetus leucocephalus
13216,Bald Parrot,Pyrilia aurantiocephala
7577,Balearic Shearwater,Puffinus mauretanicus
27170,Balearic Warbler,Curruca balearica
29986,Bali Myna,Leucopsar rothschildi
21852,Balicassiao,Dicrurus balicassius
21097,Baliem Whistler,Pachycephala balim
9640,Balsas Screech-owl,Megascops seductus
35909,Baltimore Oriole,Icterus galbula
16112,Bamboo Antshrike,Cymbilaimus sanctaemariae
26134,Bamboo Warbler,Locustella alfredi
12740,Bamboo Woodpecker,Gecinulus viridis
26861,Bamenda Apalis,Apalis bamendae
16288,Bananal Antbird,Cercomacra ferdinandi
36957,Bananaquit,Coereba flaveola
28396,Banasura Chilappan,Montecincla jerdoni
28862,Band-backed Wren,Campylorhynchus zonatus
6041,Band-bellied Crake,Zapornia paykullii
9695,Band-bellied Owl,Pulsatrix melanota
7432,Band-rumped Storm-petrel,Hydrobates castro
2503,Band-rumped Swift,Chaetura spinicaudus
16304,Band-tailed Antbird,Hypocnemoides maculicauda
15967,Band-tailed Antshrike,Thamnophilus melanothorax
15803,Band-tailed Antwren,Myrmotherula urosticta
2689,Band-tailed Barbthroat,Threnetes ruckeri
35858,Band-tailed Cacique,Cacicus latirostris
14938,Band-tailed Earthcreeper,Ochetorhynchus phoenicurus
18241,Band-tailed Fruiteater,Pipreola intermedia
673,Band-tailed Guan,Penelope argyrotis
18441,Band-tailed Manakin,Pipra fasciicauda
1869,Band-tailed Nighthawk,Nyctiprogne leucopyga
37541,Band-tailed Seedeater,Catamenia analis
36784,Band-tailed Sierra-finch,Rhopospina alaudina
21980,Banda Fantail,
19092,Banda Myzomela,Myzomela boiei
14440,Banda Sea Pitta,Pitta vigorsii
21063,Banda Sea Whistler,
15862,Banded Antbird,Dichrozona cincta
11552,Banded Barbet,Lybius undatus
4244,Banded Bay Cuckoo,Cacomantis sonneratii
14270,Banded Broadbill,
18317,Banded Cotinga,Cotinga maculata
3895,Banded Ground-cuckoo,Neomorphus radiolosus
19282,Banded Honeyeater,Cissomela pectoralis
12917,Banded Kestrel,Falco zoniventris
10309,Banded Kingfisher,Lacedo pulchella
6530,Banded Lapwing,Vanellus tricolor
25098,Banded Martin,Neophedina cincta
26724,Banded Prinia,Prinia bairdii
870,Banded Quail,Philortyx fasciatus
6441,Banded Stilt,Cladorhynchus leucocephalus
32340,Banded Sunbird,Anthreptes rubritorques
27080,Banded Warbler,Curruca boehmi
20067,Banded Wattle-eye,Platysteira laticincta
19693,Banded Whiteface,Aphelocephala nigricincta
12591,Banded Woodpecker,Chrysophlegma miniaceum
29095,Banded Wren,Thryophilus pleurostictus
23466,Banded Yellow Robin,Eopsaltria placens
20818,Banggai Cicdabird,Edolisoma pelingi
23028,Banggai Crow,Corvus unicolor
5309,Banggai Fruit-dove,Ptilinopus subgularis
24805,Banggai Golden Bulbul,Hypsipetes harterti
31275,Banggai Jungle-flycatcher,Cyornis pelingensis
9373,Banggai Scops-owl,Otus mendeni
26262,Bangwa Warbler,Bradypterus bangwaensis
7740,Bank Cormorant,Phalacrocorax neglectus
29948,Bank Myna,Acridotheres ginginianus
7605,Bannerman's Shearwater,Puffinus bannermani
32370,Bannerman's Sunbird,Cyanomitra bannermani
3762,Bannerman's Turaco,Tauraco bannermani
33027,Bannerman's Weaver,Ploceus bannermani
1039,Bar-backed Partridge,Arborophila brunneopectus
20659,Bar-bellied Cuckooshrike,Coracina striata
14340,Bar-bellied Pitta,Hydrornis elliotii
14662,Bar-bellied Woodcreeper,Hylexetastes stresemanni
12185,Bar-bellied Woodpecker,Dryobates nigriceps
33765,Bar-breasted Firefinch,Lagonosticta rufopicta
18973,Bar-breasted Honeyeater,Ramsayornis fasciatus
11674,Bar-breasted Piculet,Picumnus aurifrons
15990,Bar-crested Antshrike,Thamnophilus multistriatus
269,Bar-headed Goose,Anser indicus
4864,Bar-shouldered Dove,Geopelia humeralis
6678,Bar-tailed Godwit,Limosa lapponica
24034,Bar-tailed Lark,Ammomanes cinctura
29661,Bar-tailed Treecreeper,Certhia himalayana
9862,Bar-tailed Trogon,Apaloderma vittatum
26764,Bar-throated Apalis,Apalis thoracica
28451,Bar-throated Minla,Actinodura strigula
20365,Bar-winged Flycatcher-shrike,Hemipus picatus
35931,Bar-winged Oriole,Icterus maculialatus
26668,Bar-winged Prinia,Prinia familiaris
5870,Bar-winged Rail,Gallirallus poecilopterus
33187,Bar-winged Weaver,Ploceus angolensis
29353,Bar-winged Wood-wren,Henicorhina leucoptera
27854,Bar-winged Wren-babbler,Spelaeornis troglodytoides
7515,Barau's Petrel,Pterodroma baraui
37024,Barbados Bullfinch,Loxigilla barbadensis
1645,Barbary Partridge,Alectoris barbara
36330,Barbuda Warbler,Setophaga subita
28605,Bare-cheeked Babbler,Turdoides gymnogenys
9861,Bare-cheeked Trogon,Apaloderma aequatoriale
16390,Bare-crowned Antbird,Gymnocichla nudiceps
16172,Bare-eyed Antbird,Rhegmatorhina gymnops
29905,Bare-eyed Myna,Streptocitta albertinae
4529,Bare-eyed Pigeon,Patagioenas corensis
6094,Bare-eyed Rail,Gymnocrex plumbeiventris
30527,Bare-eyed Thrush,Turdus tephronotus
27666,Bare-eyed White-eye,Zosterops superciliosus
24916,Bare-faced Bulbul,Nok hualon
761,Bare-faced Curassow,Crax fasciolata
4920,Bare-faced Ground Dove,Metriopelia ceciliae
7853,Bare-faced Ibis,Phimosus infuscatus
27873,Bare-headed Babbler,Melanocichla calva
9066,Bare-legged Owl,Margarobyas lawrencii
2391,Bare-legged Swiftlet,Aerodramus nuditarsus
18321,Bare-necked Fruitcrow,Gymnoderus foetidus
18289,Bare-necked Umbrellabird,Cephalopterus glabricollis
9591,Bare-shanked Screech-owl,Megascops clarkii
18308,Bare-throated Bellbird,Procnias nudicollis
7881,Bare-throated Tiger-heron,Tigrisoma mexicanum
21194,Bare-throated Whistler,Pachycephala nudigula
33788,Barka Indigobird,Vidua larvaticola
5558,Barking Imperial-pigeon,Ducula latrans
8970,Barking Owl,Ninox connivens
25255,Barn Swallow,Hirundo rustica
262,Barnacle Goose,Branta leucopsis
7616,Barolo Shearwater,Puffinus baroli
26264,Barratt's Warbler,Bradypterus barratti
15968,Barred Antshrike,Thamnophilus doliatus
16489,Barred Antthrush,Chamaeza mollissima
18571,Barred Becard,Pachyramphus versicolor
6289,Barred Buttonquail,Turnix suscitator
4693,Barred Cuckoo-Dove,Macropygia unchall
20620,Barred Cuckooshrike,Coracina lineata
4861,Barred Dove,Geopelia maugeus
9562,Barred Eagle-owl,Ketupa sumatrana
12828,Barred Forest-falcon,Micrastur ruficollis
18238,Barred Fruiteater,Pipreola arcuata
8706,Barred Hawk,Morphnarchus princeps
19001,Barred Honeyeater,Gliciphila undulata
28701,Barred Laughingthrush,Ianthocincla lunulata
4288,Barred Long-tailed Cuckoo,Cercococcyx montanus
9750,Barred Owl,Strix varia
2229,Barred Owlet-nightjar,Aegotheles bennettii
13165,Barred Parakeet,Bolborhynchus lineola
11010,Barred Puffbird,Nystalus radiatus
5828,Barred Rail,Gallirallus torquatus
149,Barred Tinamou,Crypturellus casiquiare
27072,Barred Warbler,Curruca nisoria
26918,Barred Wren-warbler,Calamonastes fasciolatus
529,Barrow's Goldeneye,Bucephala islandica
147,Bartlett's Tinamou,Crypturellus bartletti
4723,Barusan Cuckoo-Dove,Macropygia modiglianii
31976,Basalt Wheatear,
25939,Basra Reed-warbler,Acrocephalus griseldis
30388,Bassian Thrush,Zoothera lunulata
12942,Bat Falcon,Falco rufigularis
8307,Bat Hawk,Macheiramphus alcinus
8293,Bateleur,Terathopius ecaudatus
2125,Bates's Nightjar,Caprimulgus batesi
22204,Bates's Paradise-flycatcher,Terpsiphone batesi
32615,Bates's Sunbird,Cinnyris batesi
2660,Bates's Swift,Apus batesi
33028,Bates's Weaver,Ploceus batesi
13022,Baudin's Black-cockatoo,Zanda baudinii
680,Baudo Guan,Penelope ortoni
35837,Baudo Oropendola,Psarocolius cassini
24688,Baumann's Greenbul,Phyllastrephus baumanni
16564,Bay Antpitta,Grallaria capitalis
3920,Bay Coucal,Centropus celebensis
12750,Bay Woodpecker,Blythipicus pyrrhotis
29145,Bay Wren,Cantorchilus nigricapillus
22617,Bay-backed Shrike,Lanius vittatus
4133,Bay-breasted Cuckoo,Coccyzus rufigularis
36245,Bay-breasted Warbler,Setophaga castanea
15503,Bay-capped Wren-spinetail,Spartonoica maluroides
37381,Bay-chested Warbling-finch,Castanozoster thoracicus
35711,Bay-crowned Brushfinch,Atlapetes seebohmi
37898,Bay-headed Tanager,Tangara gyrola
17218,Bay-ringed Tyrannulet,Phylloscartes sylviolus
18275,Bay-vented Cotinga,Doliornis sclateri
33157,Baya Weaver,Ploceus philippinus
10543,Beach Kingfisher,Todiramphus saurophagus
6358,Beach Thick-knee,Esacus magnirostris
11600,Bearded Barbet,Pogonornis dubius
18309,Bearded Bellbird,Procnias averano
678,Bearded Guan,Penelope barbata
23951,Bearded Reedling,Panurus biarmicus
9609,Bearded Screech-owl,Megascops barbarus
30852,Bearded Scrub-robin,Tychaedon quadrivirgata
17108,Bearded Tachuri,Polystictus pectoralis
8156,Bearded Vulture,Gypaetus barbatus
833,Bearded Wood-partridge,Dendrortyx barbatus
12033,Bearded Woodpecker,Chloropicus namaquus
8299,Beaudouin's Snake-eagle,Circaetus beaudouini
33317,Beautiful Firetail,Stagonopleura bella
5399,Beautiful Fruit-dove,Ptilinopus pulchellus
3301,Beautiful Hummingbird,Calothorax pulcher
22698,Beautiful Jay,Cyanolyca pulchra
29515,Beautiful Nuthatch,Sitta formosa
34323,Beautiful Rosefinch,Carpodacus pulcherrimus
28414,Beautiful Sibia,Heterophasia pulchella
32552,Beautiful Sunbird,Cinnyris pulchellus
15252,Beautiful Treerunner,Margarornis bellulus
11809,Beautiful Woodpecker,Melanerpes pulcher
7544,Beck's Petrel,Pseudobulweria becki
22187,Bedford's Paradise-flycatcher,Terpsiphone bedfordi
3307,Bee Hummingbird,Mellisuga helenae
23965,Beesley's Lark,Chersomanes beesleyi
27192,Beijing Hill-warbler,Rhopophilus pekinensis
7129,Belcher's Gull,Larus belcheri
35469,Belding's Sparrow,
36192,Belding's Yellowthroat,Geothlypis beldingi
764,Belem Curassow,
19487,Belford's Melidectes,Melidectes belfordi
19501,Bell Miner,Manorina melanophrys
35417,Bell's Sparrow,Artemisiospiza belli
21591,Bell's Vireo,Vireo bellii
17642,Belted Flycatcher,Xenotriccus callizonus
10767,Belted Kingfisher,Megaceryle alcyon
29742,Bendire's Thrasher,Toxostoma bendirei
24172,Bengal Bushlark,Plocealauda assamica
3852,Bengal Florican,Houbaropsis bengalensis
23985,Benguela Long-billed Lark,
30047,Benguela Long-tailed Starling,
26187,Benguet Grasshopper-warbler,Locustella seebohmi
11905,Bennett's Woodpecker,Campethera bennettii
15339,Berlepsch's Canastero,Asthenes berlepschi
73,Berlepsch's Tinamou,Crypturellus berlepschi
12445,Bermuda Flicker,Colaptes oceanicus
8772,Bermuda Hawk,Bermuteo avivorus
7933,Bermuda Night Heron,Nyctanassa carcinocatactes
7497,Bermuda Petrel,Pterodroma cahow
9093,Bermuda Saw-whet Owl,Aegolius gradyi
35631,Bermuda Towhee,Pipilo naufragus
20300,Bernier's Vanga,Oriolia bernieri
34097,Berthelot's Pipit,Anthus berthelotii
16205,Bertoni's Antbird,Drymophila rubricollis
33030,Bertram's Weaver,Ploceus bertrandi
37882,Beryl-spangled Tanager,Tangara nigroviridis
3557,Berylline Hummingbird,Saucerottia beryllina
8446,Besra,Tachyspiza virgata
29003,Bewick's Wren,Thryomanes bewickii
28345,Bhutan Laughingthrush,Trochalopteron imbricatum
3910,Biak Coucal,Centropus chalybeus
22003,Biak Fantail,
22458,Biak Flycatcher,Myiagra atra
19788,Biak Gerygone,Gerygone hypoxantha
14419,Biak Hooded Pitta,Pitta rosenbergii
25923,Biak Leaf-warbler,Phylloscopus misoriensis
14088,Biak Lorikeet,Trichoglossus rosenbergii
22346,Biak Monarch,Symposiachrus brehmii
10337,Biak Paradise-kingfisher,Tanysiptera riedelii
9370,Biak Scops-owl,Otus beccarii
608,Biak Scrubfowl,Megapodius geelvinkianus
20883,Biak Triller,Lalage leucoptera
21021,Biak Whistler,Pachycephala melanorhyncha
27674,Biak White-eye,Zosterops mysorensis
25785,Bianchi's Warbler,Phylloscopus valentini
30338,Bicknell's Thrush,Catharus bicknelli
26111,Bicol Ground-warbler,Robsonius sorsogonensis
16153,Bicolored Antbird,Gymnopithys bicolor
16572,Bicolored Antpitta,Grallaria rufocinerea
15952,Bicolored Antvireo,Dysithamnus occidentalis
37410,Bicolored Conebill,Conirostrum bicolor
8584,Bicolored Hawk,Astur bicolor
28884,Bicolored Wren,Campylorhynchus griseus
32130,Bicoloured Flowerpecker,Dicaeum bicolor
19676,Bicoloured Scrubwren,Aethomyias nigrorufus
27402,Bicoloured White-eye,Tephrozosterops stalkeri
24455,Bimaculated Lark,Melanocorypha bimaculata
20059,Bioko Batis,Batis poensis
27500,Bioko Speirops,Zosterops brunneus
2290,Biscutate Swift,Streptoprocne biscutata
23527,Bishop's Oo,Moho bishopi
19132,Bismarck Black Myzomela,Myzomela pammelaena
9063,Bismarck Boobook,Ninox variegata
23113,Bismarck Crow,Corvus insularis
22089,Bismarck Fantail,Rhipidura dahli
14185,Bismarck Hanging-parrot,Loriculus tener
19040,Bismarck Honeyeater,Vosea whitemanensis
5568,Bismarck Imperial-pigeon,Ducula melanochroa
30604,Bismarck Island Thrush,Turdus heinrothi
10726,Bismarck Kingfisher,Ceyx websteri
21117,Bismarck Whistler,Pachycephala citreogaster
27670,Bismarck White-eye,Zosterops hypoxanthus
16276,Black Antbird,Cercomacroides serva
16005,Black Antshrike,Thamnophilus nigriceps
27871,Black Babbler,Melanocichla lugubris
8204,Black Baza,Aviceda leuphotes
10854,Black Bee-eater,Merops gularis
19887,Black Berrypecker,Melanocharis nigra
33251,Black Bishop,Euplectes gierowii
7910,Black Bittern,Botaurus flavicollis
24850,Black Bulbul,Hypsipetes leucocephalus
15705,Black Bushbird,Neoctantes niger
20440,Black Butcherbird,Melloria quoyi
12809,Black Caracara,Daptrius ater
29684,Black Catbird,Melanoptila glabrirostris
15027,Black Cinclodes,
3964,Black Coucal,Centropus grillii
6033,Black Crake,Zapornia flavirostra
6154,Black Crowned Crane,Balearica pavonina
4322,Black Cuckoo,Cuculus clamosus
4774,Black Cuckoo-Dove,Turacoena modesta
20727,Black Cuckooshrike,Campephaga flava
757,Black Curassow,Crax alector
20483,Black Currawong,Strepera fuliginosa
21913,Black Drongo,Dicrurus macrocercus
8349,Black Eagle,Ictinaetus malaiensis
12967,Black Falcon,Falco subniger
22022,Black Fantail,Rhipidura atra
37626,Black Flowerpiercer,Diglossa humeralis
1509,Black Francolin,Francolinus francolinus
18871,Black Grasswren,Amytornis housei
1268,Black Grouse,Lyrurus tetrix
729,Black Guan,Chamaepetes unicolor
7230,Black Guillemot,Cepphus grylle
769,Black Guineafowl,Agelastes niger
8615,Black Harrier,Circus maurus
8336,Black Hawk-eagle,Spizaetus tyrannus
7968,Black Heron,Egretta ardesiaca
8231,Black Honey-buzzard,Henicopernis infuscatus
19038,Black Honeyeater,Sugomel nigrum
10175,Black Hornbill,Anthracoceros malayanus
3103,Black Inca,Coeligena prunellei
2672,Black Jacobin,Florisuga fusca
8650,Black Kite,Milvus migrans
24464,Black Lark,Melanocorypha yeltoniensis
14029,Black Lory,Chalcopsitta atra
34401,Black Mamo,Drepanis funerea
18372,Black Manakin,Xenopipo atronitens
33480,Black Mannikin,Lonchura stygia
3045,Black Metaltail,Metallura phoebe
22317,Black Monarch,Symposiachrus axillaris
6931,Black Noddy,Anous minutus
11079,Black Nunbird,Monasa atra
21673,Black Oriole,Oriolus hosii
35836,Black Oropendola,Psarocolius guatimozinus
13598,Black Parrot,Coracopsis nigra
1009,Black Partridge,Melanoperdix niger
7553,Black Petrel,Procellaria parkinsoni
17645,Black Phoebe,Sayornis nigricans
20987,Black Pitohui,Melanorectes nigrescens
6000,Black Rail,Laterallus jamaicensis
31722,Black Redstart,Phoenicurus ochruros
23335,Black Robin,Petroica traversi
34298,Black Rosy-finch,Leucosticte atrata
25066,Black Saw-wing,Psalidoprocne pristoptera
10059,Black Scimitarbill,Rhinopomastus aterrimus
522,Black Scoter,Melanitta americana
30864,Black Scrub-robin,Cercotrichas podobe
37213,Black Seedeater,Sporophila corvina
30927,Black Shama,Copsychus cebuensis
23248,Black Sicklebill,Epimachus fastosus
34776,Black Siskin,Spinus atratus
20958,Black Sittella,Daphoenositta miranda
6907,Black Skimmer,Rynchops niger
30238,Black Solitaire,Entomodestes coracinus
8726,Black Solitary Eagle,Buteogallus solitarius
8608,Black Sparrowhawk,Astur melanoleucus
2473,Black Spinetail,Telacanthura melanopygia
6439,Black Stilt,Himantopus novaezelandiae
7660,Black Stork,Ciconia nigra
7439,Black Storm-petrel,Hydrobates melania
32448,Black Sunbird,Leptocoma aspasia
298,Black Swan,Cygnus atratus
2268,Black Swift,Cypseloides niger
7014,Black Tern,Chlidonias niger
22017,Black Thicket-fantail,Rhipidura maculipectus
30672,Black Thrush,Turdus infuscatus
46,Black Tinamou,Tinamus osgoodi
6798,Black Turnstone,Arenaria melanocephala
31988,Black Wheatear,Oenanthe leucura
12556,Black Woodpecker,Dryocopus martius
12775,Black-and-buff Woodpecker,Meiglyptes jugularis
8343,Black-and-chestnut Eagle,Spizaetus isidori
37324,Black-and-chestnut Warbling-finch,Poospiza whitii
22068,Black-and-cinnamon Fantail,Rhipidura nigrocinnamomea
21669,Black-and-crimson Oriole,Oriolus consanguineus
18299,Black-and-gold Cotinga,Lipaugus ater
37738,Black-and-gold Tanager,Bangsia melanochlamys
31659,Black-and-orange Flycatcher,Ficedula nigrorufa
14260,Black-and-red Broadbill,Cymbirhynchus macrorhynchos
25233,Black-and-rufous Swallow,Hirundo nigrorufa
37322,Black-and-rufous Warbling-finch,Poospiza nigrorufa
37301,Black-and-tawny Seedeater,Sporophila nigrorufa
15830,Black-and-white Antbird,Myrmochanes hemileucus
18605,Black-and-white Becard,Pachyramphus albogriseus
24870,Black-and-white Bulbul,Microtarsus melanoleucos
8339,Black-and-white Hawk-eagle,Spizaetus melanoleucus
33359,Black-and-white Mannikin,Spermestes bicolor
17905,Black-and-white Monjita,Heteroxolmis dominicana
9798,Black-and-white Owl,Strix nigrolineata
37232,Black-and-white Seedeater,Sporophila luctuosa
20399,Black-and-white Shrike-flycatcher,Bias musicus
37104,Black-and-white Tanager,Conothraupis speculigera
17441,Black-and-white Tody-flycatcher,Poecilotriccus capitalis
36139,Black-and-white Warbler,Mniotilta varia
10136,Black-and-white-casqued Hornbill,Bycanistes subcylindricus
14276,Black-and-yellow Broadbill,Eurylaimus ochromalus
34181,Black-and-yellow Grosbeak,Mycerobas icterioides
23509,Black-and-yellow Silky-flycatcher,Phainoptila melanoxantha
36804,Black-and-yellow Tanager,Chrysothlypis chrysomelas
15966,Black-backed Antshrike,Thamnophilus melanonotus
37390,Black-backed Bush Tanager,Urothraupis stolzmanni
20465,Black-backed Butcherbird,Cracticus mentalis
26565,Black-backed Cisticola,Cisticola eximius
10657,Black-backed Dwarf-kingfisher,Ceyx erithaca
31490,Black-backed Forktail,Enicurus immaculatus
5285,Black-backed Fruit-dove,Ptilinopus cinctus
36624,Black-backed Grosbeak,Pheucticus aureoventris
35907,Black-backed Oriole,Icterus abeillei
20199,Black-backed Puffback,Dryoscopus cubla
5955,Black-backed Swamphen,Porphyrio indicus
37859,Black-backed Tanager,Stilpnia peruviana
2986,Black-backed Thornbill,Ramphomicron dorsale
17470,Black-backed Tody-flycatcher,Poecilotriccus pulchellus
17899,Black-backed Water-tyrant,Fluvicola albiventer
12015,Black-backed Woodpecker,Picoides arcticus
11328,Black-banded Barbet,Psilopogon javensis
5984,Black-banded Crake,Rufirallus fasciatus
31674,Black-banded Flycatcher,Ficedula timorensis
5292,Black-banded Fruit-dove,Ptilinopus alligator
9799,Black-banded Owl,Strix huhula
6579,Black-banded Plover,Anarhynchus thoracicus
14644,Black-banded Woodcreeper,Dendrocolaptes picumnus
15850,Black-bellied Antwren,Formicivora melanogaster
3848,Black-bellied Bustard,Lissotis melanogaster
20753,Black-bellied Cicadabird,Edolisoma montanum
33321,Black-bellied Crimson Finch,Neochmia phaeton
4106,Black-bellied Cuckoo,Piaya melanogaster
33762,Black-bellied Firefinch,Lagonosticta rara
16704,Black-bellied Gnateater,Conopophaga melanogaster
3511,Black-bellied Hummingbird,Eupherusa nigriventris
4056,Black-bellied Malkoha,Phaenicophaeus diardi
19147,Black-bellied Myzomela,Myzomela erythromelas
4378,Black-bellied Sandgrouse,Pterocles orientalis
33704,Black-bellied Seedcracker,Pyrenestes ostrinus
37311,Black-bellied Seedeater,Sporophila melanogaster
30006,Black-bellied Starling,Notopholia corusca
7367,Black-bellied Storm-petrel,Fregetta tropica
32568,Black-bellied Sunbird,Cinnyris nectarinioides
7053,Black-bellied Tern,Sterna acuticauda
2898,Black-bellied Thorntail,Discosura langsdorffi
229,Black-bellied Whistling-duck,Dendrocygna autumnalis
29031,Black-bellied Wren,Pheugopedius fasciatoventris
32136,Black-belted Flowerpecker,Dicaeum haematostictum
20769,Black-bibbed Cicadabird,Edolisoma mindanense
22321,Black-bibbed Monarch,Symposiachrus mundus
23728,Black-bibbed Tit,Poecile hypermelaenus
13265,Black-billed Amazon,Amazona agilis
11574,Black-billed Barbet,Lybius guifsobalito
1261,Black-billed Capercaillie,Tetrao urogalloides
3981,Black-billed Coucal,Centropus bernsteini
4130,Black-billed Cuckoo,Coccyzus erythropthalmus
4747,Black-billed Cuckoo-Dove,Macropygia nigrirostris
17633,Black-billed Flycatcher,Aphanotriccus audax
7100,Black-billed Gull,Chroicocephalus bulleri
14165,Black-billed Hanging Parrot,Loriculus bonapartei
4167,Black-billed Koel,Eudynamys melanorhynchus
22976,Black-billed Magpie,Pica hudsonia
11229,Black-billed Mountain-toucan,Andigena nigrirostris
30302,Black-billed Nightingale-thrush,Catharus gracilirostris
21373,Black-billed Peppershrike,Cyclarhis nigrirostris
14826,Black-billed Scythebill,Campylorhamphus falcularius
37261,Black-billed Seed-finch,Sporophila atrirostris
17877,Black-billed Shrike-tyrant,Agriornis montanus
23258,Black-billed Sicklebill,Drepanornis albertisi
3539,Black-billed Streamertail,Trochilus scitulus
30750,Black-billed Thrush,Turdus ignobilis
11270,Black-billed Toucanet,
15186,Black-billed Treehunter,Thripadectes melanorhynchus
3781,Black-billed Turaco,Tauraco schuettii
33049,Black-billed Weaver,Ploceus melanogaster
4779,Black-billed Wood-dove,Turtur abyssinicus
10051,Black-billed Woodhoopoe,Phoeniculus somaliensis
12517,Black-bodied Woodpecker,Dryocopus schulzii
11601,Black-breasted Barbet,Pogonornis rolleti
20291,Black-breasted Boatbill,Machaerirhynchus nigripectus
3194,Black-breasted Brilliant,
6348,Black-breasted Buttonquail,Turnix melanogaster
8225,Black-breasted Buzzard,Hamirostra melanosternon
16685,Black-breasted Gnateater,Conopophaga snethlageae
2967,Black-breasted Hillstar,Oreotrochilus melanogaster
33449,Black-breasted Mannikin,Lonchura teerinki
19148,Black-breasted Myzomela,Myzomela vulnerata
27235,Black-breasted Parrotbill,Paradoxornis flavirostris
10989,Black-breasted Puffbird,Notharchus pectoralis
3057,Black-breasted Puffleg,Eriocnemis nigrivestis
37218,Black-breasted Seedeater,
30557,Black-breasted Thrush,Turdus dissimilis
37402,Black-breasted Warbling-finch,
33151,Black-breasted Weaver,Ploceus benghalensis
961,Black-breasted Wood-quail,Odontophorus leucolaemus
7410,Black-browed Albatross,Thalassarche melanophris
28227,Black-browed Babbler,Malacocincla perspicillata
11337,Black-browed Barbet,Psilopogon oorti
28290,Black-browed Fulvetta,Alcippe grotei
24580,Black-browed Mountain Greenbul,Arizelocichla fusciceps
26031,Black-browed Reed-warbler,Acrocephalus bistrigiceps
25659,Black-browed Tit,
20881,Black-browed Triller,Lalage atrovirens
15895,Black-capped Antwren,Herpsilochmus atricapillus
26822,Black-capped Apalis,Apalis nigriceps
28118,Black-capped Babbler,Pellorneum nigrocapitatum
18602,Black-capped Becard,Pachyramphus marginatus
24909,Black-capped Bulbul,Rubigula melanictera
18711,Black-capped Catbird,Ailuroedus melanocephalus
23710,Black-capped Chickadee,Poecile atricapillus
17761,Black-capped Flycatcher,Empidonax atriceps
15087,Black-capped Foliage-gleaner,Philydor atricapillus
29490,Black-capped Gnatcatcher,Polioptila nigriceps
37334,Black-capped Hemispingus,Kleinothraupis atropileus
28189,Black-capped Illadopsis,Illadopsis cleaveri
10422,Black-capped Kingfisher,Halcyon pileata
14008,Black-capped Lory,Lorius lory
13448,Black-capped Parakeet,Pyrrhura rupicola
7498,Black-capped Petrel,Pterodroma hasitata
16858,Black-capped Piprites,Piprites pileata
17407,Black-capped Pygmy-tyrant,Myiornis atricapillus
23414,Black-capped Robin,Heteromyias armiti
9682,Black-capped Screech-owl,Megascops atricapilla
34749,Black-capped Siskin,Spinus atriceps
32995,Black-capped Social-Weaver,Pseudonigrita cabanisi
35278,Black-capped Sparrow,Arremon abeillei
27516,Black-capped Speirops,Zosterops lugubris
25189,Black-capped Swallow,Atticora pileata
37844,Black-capped Tanager,Stilpnia heinei
128,Black-capped Tinamou,Crypturellus atrocapillus
16888,Black-capped Tyrannulet,Tyranniscus nigrocapillus
21597,Black-capped Vireo,Vireo atricapilla
37405,Black-capped Warbling-finch,Microspingus melanoleucus
27413,Black-capped White-eye,Zosterops atricapilla
25768,Black-capped Woodland-warbler,Phylloscopus herberti
10142,Black-casqued Hornbill,Ceratogymna atrata
36600,Black-cheeked Ant-tanager,Driophlox atrimaxillaris
16700,Black-cheeked Gnateater,Conopophaga melanops
14209,Black-cheeked Lovebird,Agapornis nigrigenis
36423,Black-cheeked Warbler,Basileuterus melanogenys
33577,Black-cheeked Waxbill,Brunhilda charmosyna
11811,Black-cheeked Woodpecker,Melanerpes pucherani
8766,Black-chested Buzzard-eagle,Geranoaetus melanoleucus
18228,Black-chested Fruiteater,Pipreola lubomirskii
22757,Black-chested Jay,Cyanocorax affinis
37687,Black-chested Mountain-tanager,Cnemathraupis eximia
26711,Black-chested Prinia,Prinia flavicans
8301,Black-chested Snake-eagle,Circaetus pectoralis
35141,Black-chested Sparrow,Peucaea humeralis
17472,Black-chested Tyrant,Taeniotriccus andrei
16300,Black-chinned Antbird,Hypocnemoides melanopogon
27828,Black-chinned Babbler,Cyanoderma pyrrhops
5315,Black-chinned Fruit-dove,Ptilinopus leclancheri
19312,Black-chinned Honeyeater,Melithreptus gularis
3302,Black-chinned Hummingbird,Archilochus alexandri
22323,Black-chinned Monarch,Symposiachrus boanensis
37704,Black-chinned Mountain-tanager,Anisognathus notabilis
23424,Black-chinned Robin,Leucophantes brachyurus
34754,Black-chinned Siskin,Spinus barbatus
35229,Black-chinned Sparrow,Spizella atrogularis
33029,Black-chinned Weaver,Ploceus nigrimentus
21099,Black-chinned Whistler,Pachycephala mentalis
27321,Black-chinned Yuhina,Yuhina nigrimenta
26755,Black-collared Apalis,Oreolais pulcher
11577,Black-collared Barbet,Lybius torquatus
24525,Black-collared Bulbul,Neolestes torquatus
8697,Black-collared Hawk,Busarellus nigricollis
22686,Black-collared Jay,Cyanolyca armillata
14199,Black-collared Lovebird,Agapornis swindernianus
29962,Black-collared Starling,Gracupica nigricollis
25198,Black-collared Swallow,Pygochelidon melanoleuca
35942,Black-cowled Oriole,Icterus prosthemelas
36941,Black-cowled Saltator,Saltator nigriceps
16094,Black-crested Antshrike,Sakesphorus canadensis
24898,Black-crested Bulbul,Rubigula flaviventris
2921,Black-crested Coquette,Lophornis helenae
37740,Black-crested Finch,Lophospingus pusillus
17050,Black-crested Tit-tyrant,Anairetes nigrocristatus
23655,Black-crested Titmouse,Baeolophus atricristatus
36367,Black-crested Warbler,Myiothlypis nigrocristata
16043,Black-crowned Antshrike,Thamnophilus atrinucha
27357,Black-crowned Babbler,Sterrhoptilus nigrocapitatus
28469,Black-crowned Barwing,Actinodura sodangorum
28568,Black-crowned Capuchin Babbler,
28062,Black-crowned Fulvetta,Schoeniparus klossi
17863,Black-crowned Monjita,Neoxolmis coronatus
7934,Black-crowned Night Heron,Nycticorax nycticorax
35737,Black-crowned Palm-tanager,Phaenicophilus palmarum
14389,Black-crowned Pitta,Erythropitta ussheri
16705,Black-crowned Pittasoma,Pittasoma michleri
24044,Black-crowned Sparrow-lark,Eremopterix nigriceps
20175,Black-crowned Tchagra,Tchagra senegalus
18492,Black-crowned Tityra,Tityra inquisitor
33591,Black-crowned Waxbill,Estrilda nonnula
27570,Black-crowned White-eye,Zosterops atrifrons
12395,Black-crowned Woodpecker,
11373,Black-eared Barbet,Psilopogon duvaucelii
18719,Black-eared Catbird,Ailuroedus melanotis
4204,Black-eared Cuckoo,Chalcites osculans
2827,Black-eared Fairy,Heliothryx auritus
30404,Black-eared Ground-thrush,Geokichla camaronensis
37347,Black-eared Hemispingus,Sphenopsis melanotis
19517,Black-eared Miner,Manorina melanotis
34599,Black-eared Seedeater,Crithagra mennelli
21314,Black-eared Shrike-babbler,Pteruthius melanotis
24042,Black-eared Sparrow-lark,Eremopterix australis
937,Black-eared Wood-quail,Odontophorus melanotis
16370,Black-faced Antbird,Myrmoborus myotherinus
16434,Black-faced Antthrush,Formicarius analis
26811,Black-faced Apalis,Apalis personata
28623,Black-faced Babbler,Turdoides melanops
35724,Black-faced Brushfinch,Atlapetes melanolaemus
35024,Black-faced Bunting,Emberiza spodocephala
34516,Black-faced Canary,Crithagra capistrata
7747,Black-faced Cormorant,Phalacrocorax fuscescens
18320,Black-faced Cotinga,Conioptilon mcilhennyi
3915,Black-faced Coucal,Centropus melanops
20631,Black-faced Cuckooshrike,Coracina novaehollandiae
36878,Black-faced Dacnis,Dacnis lineata
19171,Black-faced Friarbird,Philemon moluccensis
3729,Black-faced Go-away-bird,
37036,Black-faced Grassquit,Melanospiza bicolor
36672,Black-faced Grosbeak,Caryothraustes poliogaster
8770,Black-faced Hawk,Leucopternis melanops
7847,Black-faced Ibis,Theristicus melanopis
10313,Black-faced Kingfisher,
28352,Black-faced Laughingthrush,Trochalopteron affine
22388,Black-faced Monarch,Monarcha melanopsis
33402,Black-faced Munia,Lonchura molucca
14442,Black-faced Pitta,Pitta anerythra
26926,Black-faced Rufous-warbler,Bathmocercus rufus
4393,Black-faced Sandgrouse,Pterocles decoratus
6388,Black-faced Sheathbill,Chionis minor
30206,Black-faced Solitaire,Myadestes melanops
7871,Black-faced Spoonbill,Platalea minor
37752,Black-faced Tanager,Schistochlamys melanopis
25462,Black-faced Warbler,Abroscopus schisticeps
33581,Black-faced Waxbill,Brunhilda erythronotos
20425,Black-faced Woodswallow,Artamus cinereus
7389,Black-footed Albatross,Phoebastria nigripes
35703,Black-fronted Brushfinch,
25029,Black-fronted Bulbul,Pycnonotus nigricans
20117,Black-fronted Bushshrike,Chlorophoneus nigrifrons
6486,Black-fronted Dotterel,Thinornis melanops
14123,Black-fronted Fig-parrot,Nannopsittacus nigrifrons
32220,Black-fronted Flowerpecker,Dicaeum igniferum
17811,Black-fronted Ground-tyrant,Muscisaxicola frontalis
11080,Black-fronted Nunbird,Monasa nigrifrons
13920,Black-fronted Parakeet,Cyanoramphus zealandicus
727,Black-fronted Piping-guan,Pipile jacutinga
1717,Black-fronted Spurfowl,
7013,Black-fronted Tern,Chlidonias albostriatus
17209,Black-fronted Tyrannulet,Phylloscartes nigrifrons
27583,Black-fronted White-eye,
946,Black-fronted Wood-quail,Odontophorus atrifrons
11110,Black-girdled Barbet,Capito dayi
37116,Black-goggled Tanager,Trichothraupis melanops
16411,Black-headed Antbird,Percnostola rufifrons
16453,Black-headed Antthrush,Formicarius nigricapillus
26825,Black-headed Apalis,Apalis melanocephala
10848,Black-headed Bee-eater,Merops breweri
18256,Black-headed Berryeater,Carpornis melanocephala
35250,Black-headed Brushfinch,Arremon atricapillus
24878,Black-headed Bulbul,Microtarsus melanocephalos
35021,Black-headed Bunting,Emberiza melanocephala
34726,Black-headed Canary,Serinus alario
20920,Black-headed Cuckooshrike,Lalage melanoptera
542,Black-headed Duck,Heteronetta atricapilla
20269,Black-headed Gonolek,Laniarius erythrogaster
34486,Black-headed Greenfinch,Chloris ambigua
36632,Black-headed Grosbeak,Pheucticus melanocephalus
7103,Black-headed Gull,Chroicocephalus ridibundus
37318,Black-headed Hemispingus,Pseudospingus verticalis
8087,Black-headed Heron,Ardea melanocephala
19337,Black-headed Honeyeater,Melithreptus affinis
7815,Black-headed Ibis,Threskiornis melanocephalus
22882,Black-headed Jay,Garrulus lanceolatus
10285,Black-headed Kingfisher,
6505,Black-headed Lapwing,Vanellus tectus
19144,Black-headed Myzomela,Myzomela melanocephala
30267,Black-headed Nightingale-thrush,Catharus mexicanus
10344,Black-headed Paradise-kingfisher,Tanysiptera nigriceps
13368,Black-headed Parrot,Pionites melanocephalus
27249,Black-headed Parrotbill,Paradoxornis margaritae
23903,Black-headed Penduline-tit,Remiz macronyx
26925,Black-headed Rufous-warbler,Bathmocercus cerviniventris
36934,Black-headed Saltator,Saltator atriceps
21317,Black-headed Shrike-babbler,Pteruthius rufiventer
28422,Black-headed Sibia,Heterophasia desgodinsi
34750,Black-headed Siskin,Spinus notatus
26981,Black-headed Tailorbird,Orthotomus nigriceps
37833,Black-headed Tanager,Stilpnia cyanoptera
17499,Black-headed Tody-flycatcher,Todirostrum nigriceps
9944,Black-headed Trogon,Trogon melanocephalus
33595,Black-headed Waxbill,Estrilda atricapilla
33122,Black-headed Weaver,Ploceus melanocephalus
21213,Black-headed Whistler,Pachycephala monacha
12663,Black-headed Woodpecker,Picus erythropygius
16004,Black-hooded Antshrike,Thamnophilus bridgesi
15832,Black-hooded Antwren,Formicivora erythronotos
3918,Black-hooded Coucal,Centropus steerii
28665,Black-hooded Laughingthrush,Garrulax milleti
21682,Black-hooded Oriole,Oriolus xanthornus
37491,Black-hooded Sierra-finch,Phrygilus atriceps
3094,Black-hooded Sunbeam,Aglaeactis pamela
37835,Black-hooded Tanager,
30718,Black-hooded Thrush,Turdus olivater
36885,Black-legged Dacnis,Dacnis nigripes
7081,Black-legged Kittiwake,Rissa tridactyla
13372,Black-legged Parrot,
12798,Black-legged Seriema,Chunga burmeisteri
28619,Black-lored Babbler,Turdoides sharpei
26376,Black-lored Cisticola,Cisticola nigriloris
13756,Black-lored Parrot,Tanygnathus gramineus
23849,Black-lored Tit,Machlolophus xanthogenys
33632,Black-lored Waxbill,Estrilda nigriloris
36175,Black-lored Yellowthroat,Geothlypis auricularis
8524,Black-mantled Goshawk,Tachyspiza melanochlamys
36753,Black-masked Finch,Coryphaspiza melanotis
5445,Black-naped Fruit-dove,Ptilinopus melanospilus
22143,Black-naped Monarch,Hypothymis azurea
21738,Black-naped Oriole,Oriolus chinensis
5120,Black-naped Pheasant-pigeon,
7040,Black-naped Tern,Sterna sumatrana
12674,Black-naped Woodpecker,
11212,Black-necked Araçari,Pteroglossus aracari
6183,Black-necked Crane,Grus nigricollis
27046,Black-necked Eremomela,Eremomela atricollis
6243,Black-necked Grebe,Podiceps nigricollis
18264,Black-necked Red Cotinga,Phoenicircus nigricollis
6434,Black-necked Stilt,Himantopus mexicanus
7649,Black-necked Stork,Ephippiorhynchus asiaticus
299,Black-necked Swan,Cygnus melancoryphus
20088,Black-necked Wattle-eye,Platysteira chalybea
33045,Black-necked Weaver,Ploceus nigricollis
12397,Black-necked Woodpecker,Colaptes atricollis
19281,Black-necklaced Honeyeater,Lichmera notabilis
27970,Black-necklaced Scimitar-babbler,Erythrogenys erythrocnemis
2434,Black-nest Swiftlet,Aerodramus maximus
36189,Black-polled Yellowthroat,Geothlypis speciosa
27579,Black-ringed White-eye,Zosterops anomalus
6333,Black-rumped Buttonquail,Turnix nanus
12698,Black-rumped Flameback,Dinopium benghalense
22971,Black-rumped Magpie,Pica bottanensis
33634,Black-rumped Waxbill,Estrilda troglodytes
20827,Black-shouldered Cicadabird,Edolisoma incertum
8149,Black-shouldered Kite,Elanus axillaris
6534,Black-shouldered Lapwing,
32243,Black-sided Flowerpecker,Dicaeum monticolum
23428,Black-sided Robin,Poecilodryas hypoleuca
35720,Black-spectacled Brushfinch,Atlapetes melanopsis
11113,Black-spotted Barbet,Capito niger
16181,Black-spotted Bare-eye,Phlegopsis nigromaculata
11703,Black-spotted Piculet,
11041,Black-streaked Puffbird,Malacoptila fulvogularis
27960,Black-streaked Scimitar-babbler,Erythrogenys gravivox
35194,Black-striped Sparrow,Arremonops conirostris
14777,Black-striped Woodcreeper,Xiphorhynchus lachrymosus
16368,Black-tailed Antbird,Myrmoborus melanurus
35844,Black-tailed Cacique,
26527,Black-tailed Cisticola,Cisticola melanurus
6042,Black-tailed Crake,Zapornia bicolor
18669,Black-tailed Flycatcher,Myiobius atricaudus
29481,Black-tailed Gnatcatcher,Polioptila melanura
6685,Black-tailed Godwit,Limosa limosa
7130,Black-tailed Gull,Larus crassirostris
14474,Black-tailed Leaftosser,Sclerurus caudacutus
22352,Black-tailed Monarch,Symposiachrus verticalis
5885,Black-tailed Native-hen,Tribonyx ventralis
2970,Black-tailed Trainbearer,Lesbia victoriae
18790,Black-tailed Treecreeper,Climacteris melanurus
9940,Black-tailed Trogon,Trogon melanurus
33586,Black-tailed Waxbill,Glaucestrilda perreini
21178,Black-tailed Whistler,Pachycephala melanura
12851,Black-thighed Falconet,Microhierax fringillarius
36619,Black-thighed Grosbeak,Pheucticus tibialis
3065,Black-thighed Puffleg,Eriocnemis derbyi
33857,Black-throated Accentor,Prunella atrogularis
15748,Black-throated Antbird,Myrmophylax atrothorax
16128,Black-throated Antshrike,Frederickena viridis
26814,Black-throated Apalis,Apalis jacksoni
27972,Black-throated Babbler,Stachyris nigricollis
11546,Black-throated Barbet,Tricholaema melanocephala
36295,Black-throated Blue Warbler,Setophaga caerulescens
896,Black-throated Bobwhite,Colinus nigrogularis
3192,Black-throated Brilliant,Heliodoxa schreibersii
34529,Black-throated Canary,Crithagra atrogularis
3924,Black-throated Coucal,Centropus leucogaster
33349,Black-throated Finch,Poephila cincta
37620,Black-throated Flowerpiercer,Diglossa brunneiventris
36345,Black-throated Green Warbler,Setophaga virens
36339,Black-throated Grey Warbler,Setophaga nigrescens
36943,Black-throated Grosbeak,Saltator fuliginosus
2714,Black-throated Hermit,Phaethornis atrimentalis
19451,Black-throated Honeyeater,Caligavis subfrenata
16717,Black-throated Huet-huet,Pteroptochos tarnii
22705,Black-throated Jay,Cyanolyca pumilo
28724,Black-throated Laughingthrush,Pterorhinus chinensis
22711,Black-throated Magpie-jay,Cyanocorax colliei
2850,Black-throated Mango,Anthracothorax nigricollis
33398,Black-throated Munia,Lonchura kelaarti
27265,Black-throated Parrotbill,Suthora nipalensis
26621,Black-throated Prinia,Prinia atrogularis
23420,Black-throated Robin,Plesiodryas albonotata
36888,Black-throated Saltator,Saltatricula atricollis
37162,Black-throated Shrike-tanager,Lanio aurantius
22311,Black-throated Shrikebill,Clytorhynchus nigrogularis
35206,Black-throated Sparrow,Amphispiza bilineata
15634,Black-throated Spinetail,Synallaxis castanea
32733,Black-throated Sunbird,Aethopyga saturata
15391,Black-throated Thistletail,Asthenes harterti
30646,Black-throated Thrush,Turdus atrogularis
25644,Black-throated Tit,Aegithalos concinnus
17390,Black-throated Tody-tyrant,Hemitriccus granadensis
11269,Black-throated Toucanet,
20068,Black-throated Wattle-eye,Platysteira peltata
29026,Black-throated Wren,Pheugopedius atrogularis
28028,Black-throated Wren-babbler,Turdinus atrigularis
18325,Black-tipped Cotinga,Carpodectes hopkei
22343,Black-tipped Monarch,Symposiachrus loricatus
35932,Black-vented Oriole,Icterus wagleri
7580,Black-vented Shearwater,Puffinus opisthomelas
21477,Black-whiskered Vireo,Vireo altiloquus
28526,Black-winged Babbler,
33257,Black-winged Bishop,Euplectes hordeaceus
20915,Black-winged Cuckooshrike,Lalage melaschistos
20370,Black-winged Flycatcher-shrike,Hemipus hirundinaceus
4925,Black-winged Ground Dove,Metriopelia melanoptera
8143,Black-winged Kite,Elanus caeruleus
6510,Black-winged Lapwing,Vanellus melanopterus
14061,Black-winged Lory,Trichoglossus cyanogenius
14196,Black-winged Lovebird,Agapornis taranta
22389,Black-winged Monarch,Monarcha frater
29956,Black-winged Myna,Acridotheres melanopterus
21726,Black-winged Oriole,Oriolus nigripennis
13224,Black-winged Parrot,Hapalopsittaca melanotis
7523,Black-winged Petrel,Pterodroma nigripennis
6897,Black-winged Pratincole,Glareola nordmanni
36931,Black-winged Saltator,Saltator atripennis
32847,Black-winged Snowfinch,Montifringilla adamsi
6430,Black-winged Stilt,Himantopus himantopus
6149,Black-winged Trumpeter,
36246,Blackburnian Warbler,Setophaga fusca
28610,Blackcap Babbler,Turdoides reinwardtii
16262,Blackish Antbird,Cercomacroides nigrescens
17931,Blackish Chat-tyrant,Ochthoeca nigrita
20748,Blackish Cicadabird,Edolisoma coerulescens
15026,Blackish Cinclodes,Cinclodes antarcticus
1876,Blackish Nightjar,Nyctipolus nigrescens
6394,Blackish Oystercatcher,Haematopus ater
17704,Blackish Pewee,Contopus nigrescens
5685,Blackish Rail,Pardirallus nigricans
16800,Blackish Tapaculo,Scytalopus latrans
36689,Blackish-blue Seedeater,Amaurospiza moesta
27996,Blackish-breasted Babbler,Stachyris humei
16009,Blackish-grey Antshrike,Thamnophilus nigrocinereus
15624,Blackish-headed Spinetail,Synallaxis tithys
36294,Blackpoll Warbler,Setophaga striata
6501,Blacksmith Lapwing,Vanellus armatus
31942,Blackstart,Oenanthe melanura
31475,Blackthroat,Calliope obscura
9545,Blakiston's Eagle-owl,Ketupa blakistoni
24426,Blanford's Lark,Calandrella blanfordi
34264,Blanford's Rosefinch,Agraphospiza rubescens
13381,Blaze-winged Parakeet,Pyrrhura devillei
26889,Bleating Camaroptera,Camaroptera brachyura
12493,Blond-crested Woodpecker,Celeus flavescens
1062,Blood Pheasant,Ithaginis cruentus
12189,Blood-colored Woodpecker,Dryobates sanguineus
13762,Blossom-headed Parakeet,Psittacula roseata
23300,Blue Bird-of-paradise,Paradisornis rudolphi
36707,Blue Bunting,Cyanocompsa parellina
3825,Blue Bustard,Eupodotis caerulescens
18315,Blue Cotinga,Cotinga nattererii
4010,Blue Coua,Coua caerulea
6174,Blue Crane,Anthropoides paradiseus
20848,Blue Cuckooshrike,Cyanograucalus azureus
36867,Blue Dacnis,Dacnis cayana
308,Blue Duck,Hymenolaimus malacorhynchos
1370,Blue Eared-pheasant,Crossoptilon auritum
36783,Blue Finch,Rhopospina caerulescens
36713,Blue Grosbeak,Passerina caerulea
4911,Blue Ground Dove,Claravis pretiosa
22773,Blue Jay,Cyanocitta cristata
19968,Blue Jewel-babbler,Ptilorrhoa caerulescens
13987,Blue Lorikeet,Vini peruviana
18353,Blue Manakin,Chiroxiphia caudata
29774,Blue Mockingbird,Melanotis caerulescens
21555,Blue Mountain Vireo,Vireo osburni
6943,Blue Noddy,Anous ceruleus
29516,Blue Nuthatch,Sitta azurea
22243,Blue Paradise-flycatcher,Terpsiphone cyanescens
7459,Blue Petrel,Halobaena caerulea
14335,Blue Pitta,Hydrornis cyaneus
31768,Blue Rock-thrush,Monticola solitarius
36683,Blue Seedeater,Amaurospiza concolor
25232,Blue Swallow,Hirundo atrocaerulea
31516,Blue Whistling-thrush,Myophonus caeruleus
37877,Blue-and-black Tanager,Tangara vassorii
37732,Blue-and-gold Tanager,Bangsia arcaei
31144,Blue-and-white Flycatcher,Cyanoptila cyanomelana
10464,Blue-and-white Kingfisher,Todiramphus diops
29777,Blue-and-white Mockingbird,Melanotis hypoleucus
25194,Blue-and-white Swallow,Pygochelidon cyanoleuca
13521,Blue-and-yellow Macaw,Ara ararauna
37648,Blue-and-yellow Tanager,Rauenia bonariensis
37432,Blue-backed Conebill,Conirostrum sitticolor
18341,Blue-backed Manakin,Chiroxiphia pareola
13747,Blue-backed Parrot,Tanygnathus everetti
36750,Blue-backed Tanager,Cyanicterus cyanicterus
14391,Blue-banded Pitta,Erythropitta arquata
11275,Blue-banded Toucanet,Aulacorhynchus coeruleicinctis
10844,Blue-bearded Bee-eater,Nyctyornis athertoni
2998,Blue-bearded Helmetcrest,Oxypogon cyanolaemus
13205,Blue-bellied Parrot,Triclaria malachitacea
10248,Blue-bellied Roller,Coracias cyanogaster
17817,Blue-billed Black-tyrant,Knipolegus cyanirostris
753,Blue-billed Curassow,Crax alberti
551,Blue-billed Duck,Oxyura australis
33198,Blue-billed Malimbe,Malimbus nitens
376,Blue-billed Teal,Spatula hottentota
37100,Blue-black Grassquit,Volatinia jacarina
36695,Blue-black Grosbeak,Cyanoloxia cyanoides
10454,Blue-black Kingfisher,Todiramphus nigrocyaneus
10868,Blue-breasted Bee-eater,Merops variegatus
31208,Blue-breasted Blue Flycatcher,Cyornis herioti
33681,Blue-breasted Cordon-bleu,Uraeginthus angolensis
18814,Blue-breasted Fairywren,Malurus pulcherrimus
10440,Blue-breasted Kingfisher,Halcyon malimbica
13248,Blue-breasted Parrot,
37891,Blue-browed Tanager,Tangara cyanotis
33691,Blue-capped Cordon-bleu,Uraeginthus cyanocephalus
5402,Blue-capped Fruit-dove,Ptilinopus monacha
23161,Blue-capped Ifrit,Ifrita kowaldi
10299,Blue-capped Kingfisher,Actenoides hombroni
10791,Blue-capped Motmot,Momotus coeruliceps
3079,Blue-capped Puffleg,Eriocnemis glaucopoides
31714,Blue-capped Redstart,Phoenicurus coeruleocephala
31742,Blue-capped Rock-thrush,Monticola cinclorhyncha
37671,Blue-capped Tanager,Sporathraupis cyanocephala
13290,Blue-cheeked Amazon,Amazona dufresniana
10898,Blue-cheeked Bee-eater,Merops persicus
3694,Blue-chested Hummingbird,Polyerata amabilis
11149,Blue-chinned Barbet,
3719,Blue-chinned Emerald,Chlorestes notata
13717,Blue-collared Parrot,Geoffroyus simplex
11147,Blue-cowled Barbet,
34809,Blue-crowned Chlorophonia,Chlorophonia occipitalis
14167,Blue-crowned Hanging-parrot,Loriculus galgulus
28711,Blue-crowned Laughingthrush,Pterorhinus courtoisi
13983,Blue-crowned Lorikeet,Vini australis
18382,Blue-crowned Manakin,Lepidothrix coronata
13549,Blue-crowned Parakeet,Thectocercus acuticaudatus
13676,Blue-crowned Racquet-tail,Prioniturus discurus
9966,Blue-crowned Trogon,Trogon curucui
10793,Blue-diademed Motmot,Momotus lessonii
11369,Blue-eared Barbet,Psilopogon cyanotis
10631,Blue-eared Kingfisher,Alcedo meninting
14054,Blue-eared Lory,Trichoglossus semilarvatus
13077,Blue-eyed Cockatoo,Cacatua ophthalmica
4910,Blue-eyed Ground Dove,Columbina cyanopis
19305,Blue-faced Honeyeater,Entomyzon cyanotis
4055,Blue-faced Malkoha,Phaenicophaeus viridirostris
33512,Blue-faced Parrotfinch,Erythrura trichroa
6092,Blue-faced Rail,Gymnocrex rosenbergii
7706,Blue-footed Booby,Sula nebouxii
14121,Blue-fronted Fig-parrot,Nannopsittacus gulielmitertii
2797,Blue-fronted Lancebill,Doryfera johannae
13958,Blue-fronted Lorikeet,Charmosynopsis toxopei
13150,Blue-fronted Parrotlet,Touit dilectissimus
31713,Blue-fronted Redstart,Phoenicurus frontalis
31509,Blue-fronted Robin,Cinclidium frontale
31168,Blue-fronted Warbling-flycatcher,Eumyias hoevelli
29469,Blue-grey Gnatcatcher,Polioptila caerulea
23454,Blue-grey Robin,Melanodryas cyanus
37804,Blue-grey Tanager,Thraupis episcopus
10849,Blue-headed Bee-eater,Merops muelleri
3935,Blue-headed Coucal,Centropus monachus
21935,Blue-headed Fantail,Rhipidura cyaniceps
3346,Blue-headed Hummingbird,Riccordia bicolor
10282,Blue-headed Kingfisher,Actenoides monachus
13518,Blue-headed Macaw,Primolius couloni
13245,Blue-headed Parrot,Pionus menstruus
14334,Blue-headed Pitta,Hydrornis baudii
4932,Blue-headed Quail-Dove,Starnoenas cyanocephala
13667,Blue-headed Racquet-tail,Prioniturus platenae
32379,Blue-headed Sunbird,Cyanomitra alinae
21541,Blue-headed Vireo,Vireo solitarius
4788,Blue-headed Wood-dove,Turtur brehmeri
16422,Blue-lored Antbird,Hafferia immaculata
3014,Blue-mantled Thornbill,Chalcostigma stanleyi
32072,Blue-masked Leafbird,Chloropsis venusta
11146,Blue-moustached Barbet,Eubucco versicolor
10852,Blue-moustached Bee-eater,Merops mentalis
34799,Blue-naped Chlorophonia,Chlorophonia cyanea
9834,Blue-naped Mousebird,Urocolius macrourus
13738,Blue-naped Parrot,Tanygnathus lucionensis
14316,Blue-naped Pitta,Hydrornis nipalensis
10947,Blue-necked Jacamar,Galbula cyanicollis
37850,Blue-necked Tanager,Stilpnia cyanicollis
18400,Blue-rumped Manakin,Lepidothrix isidorei
13724,Blue-rumped Parrot,Psittinus cyanurus
14319,Blue-rumped Pitta,Hydrornis soror
31380,Blue-shouldered Robin-chat,Cossypha cyanocampter
4782,Blue-spotted Wood-dove,Turtur afer
14053,Blue-streaked Lory,Trichoglossus reticulatus
10904,Blue-tailed Bee-eater,Merops philippinus
3374,Blue-tailed Emerald,Chlorostilbon mellisugus
3563,Blue-tailed Hummingbird,Saucerottia cyanura
5507,Blue-tailed Imperial-pigeon,Ducula concinna
11346,Blue-throated Barbet,Psilopogon asiaticus
10910,Blue-throated Bee-eater,Merops viridis
31191,Blue-throated Blue Flycatcher,Cyornis rubeculoides
32371,Blue-throated Brown Sunbird,Cyanomitra cyanolaema
3705,Blue-throated Goldentail,Chlorestes eliciae
2964,Blue-throated Hillstar,Oreotrochilus cyanolaemus
13523,Blue-throated Macaw,Ara glaucogularis
10785,Blue-throated Motmot,Aspatha gularis
3238,Blue-throated Mountain-gem,Lampornis clemenciae
719,Blue-throated Piping-guan,Pipile cumanensis
10249,Blue-throated Roller,Eurystomus gularis
3144,Blue-throated Starfrontlet,Coeligena helianthea
37728,Blue-throated Tanager,
11257,Blue-throated Toucanet,
3236,Blue-tufted Starthroat,Heliomaster furcifer
3555,Blue-vented Hummingbird,Saucerottia hoffmanni
24885,Blue-wattled Bulbul,Microtarsus nieuwenhuisii
37922,Blue-whiskered Tanager,Tangara johannae
329,Blue-winged Goose,Cyanochen cyanoptera
10364,Blue-winged Kookaburra,Dacelo leachii
28338,Blue-winged Laughingthrush,Trochalopteron squamatum
32041,Blue-winged Leafbird,Chloropsis moluccensis
13520,Blue-winged Macaw,Primolius maracana
28441,Blue-winged Minla,Actinodura cyanouroptera
37693,Blue-winged Mountain-tanager,Anisognathus somptuosus
13929,Blue-winged Parrot,Neophema chrysostoma
13349,Blue-winged Parrotlet,Forpus xanthopterygius
14399,Blue-winged Pitta,Pitta moluccensis
389,Blue-winged Teal,Spatula discors
36138,Blue-winged Warbler,Vermivora cyanoptera
13832,Bluebonnet,Northiella haematogaster
31450,Bluethroat,Luscinia svecica
37563,Bluish Flowerpiercer,Diglossa caerulescens
10963,Bluish-fronted Jacamar,Galbula cyanescens
36906,Bluish-grey Saltator,Saltator coerulescens
15885,Bluish-slate Antshrike,Thamnomanes schistogynus
26040,Blunt-winged Warbler,Acrocephalus concinens
2204,Blyth's Frogmouth,Batrachostomus affinis
8323,Blyth's Hawk-eagle,Nisaetus alboniger
10656,Blyth's Kingfisher,Alcedo hercules
25840,Blyth's Leaf-warbler,Phylloscopus reguloides
34007,Blyth's Pipit,Anthus godlewskii
26051,Blyth's Reed-warbler,Acrocephalus dumetorum
34318,Blyth's Rosefinch,Carpodacus grandis
2633,Blyth's Swift,Apus leuconyx
1079,Blyth's Tragopan,Tragopan blythii
16747,Boa Nova Tapaculo,Scytalopus gonzagai
18040,Boat-billed Flycatcher,Megarynchus pitangua
7886,Boat-billed Heron,Cochlearius cochlearius
17362,Boat-billed Tody-tyrant,Hemitriccus josephinae
36063,Boat-tailed Grackle,Quiscalus major
33243,Bob-tailed Weaver,Brachycope anomala
35768,Bobolink,Dolichonyx oryzivorus
31421,Bocage's Akalat,Sheppardia bocagei
20127,Bocage's Bushshrike,Chlorophoneus bocagei
32473,Bocage's Sunbird,Nectarinia bocagii
33056,Bocage's Weaver,Ploceus temporalis
5766,Bogota Rail,Rallus semiplumbeus
23501,Bohemian Waxwing,Bombycilla garrulus
20140,Bokmakierie,Telophorus zeylonus
27783,Bold-striped Tit-babbler,Mixornis bornensis
16590,Bolivian Antpitta,Grallaria cochabambae
36100,Bolivian Blackbird,Oreopsar bolivianus
35726,Bolivian Brushfinch,Atlapetes rufinucha
36354,Bolivian Citrine Warbler,
14961,Bolivian Earthcreeper,Tarphonomus harterti
37702,Bolivian Mountain-tanager,
15139,Bolivian Recurvebill,Syndactyla striata
16057,Bolivian Slaty Antshrike,Thamnophilus sticturus
15463,Bolivian Spinetail,Cranioleuca henricae
3116,Bolivian Starfrontlet,Coeligena violifer
16780,Bolivian Tapaculo,Scytalopus bolivianus
17161,Bolivian Tyrannulet,Zimmerius bolivianus
37320,Bolivian Warbling-finch,Poospiza boliviana
7093,Bonaparte's Gull,Chroicocephalus philadelphia
2120,Bonaparte's Nightjar,Caprimulgus concretus
13424,Bonaparte's Parakeet,Pyrrhura lucianii
8385,Bonelli's Eagle,Aquila fasciata
34479,Bonin Greenfinch,
34309,Bonin Grosbeak,Carpodacus ferreorostris
7525,Bonin Petrel,Pterodroma hypoleuca
30376,Bonin Thrush,Zoothera terrestris
27399,Bonin White-eye,Apalopteron familiare
4488,Bonin Woodpigeon,Columba versicolor
8361,Booted Eagle,Hieraaetus pennatus
3167,Booted Racket-tail,Ocreatus underwoodii
26081,Booted Warbler,Iduna caligata
26408,Boran Cisticola,Cisticola bodessa
23693,Boreal Chickadee,Poecile hudsonicus
9081,Boreal Owl,Aegolius funereus
14332,Bornean Banded Pitta,Hydrornis schwaneri
11377,Bornean Barbet,Psilopogon eximius
22660,Bornean Black Magpie,Platysmurus aterrimus
28123,Bornean Black-capped Babbler,Pellorneum capistratoides
31198,Bornean Blue Flycatcher,Cyornis superbus
20403,Bornean Bristlehead,Pityriasis gymnocephala
11394,Bornean Brown Barbet,Caloramphus fuliginosus
24914,Bornean Bulbul,Rubigula montis
1419,Bornean Crested Fireback,Lophura ignita
1409,Bornean Crestless Fireback,Lophura pyronota
31503,Bornean Forktail,Enicurus borneensis
2200,Bornean Frogmouth,Batrachostomus mixtus
22927,Bornean Green Magpie,Cissa jefferyi
3997,Bornean Ground-cuckoo,Carpococcyx radiceus
32053,Bornean Leafbird,Chloropsis kinabaluensis
1044,Bornean Partridge,Arborophila hyperythra
1459,Bornean Peacock-Pheasant,Polyplectron schleiermacheri
31564,Bornean Shortwing,Brachypteryx erythrogyna
32811,Bornean Spiderhunter,Arachnothera everetti
25560,Bornean Stubtail,Urosphena whiteheadi
28156,Bornean Swamp Babbbler,
2335,Bornean Swiftlet,Collocalia dodgei
22941,Bornean Treepie,Dendrocitta cinerascens
21043,Bornean Whistler,Pachycephala hypoxantha
31525,Bornean Whistling-thrush,Myophonus borneensis
28250,Bornean Wren-babbler,Ptilocichla leucogrammica
24269,Botha's Lark,Spizocorys fringillaris
35143,Botteri's Sparrow,Peucaea botterii
28903,Boucard's Wren,Campylorhynchus jocosus
25503,Bougainville Bush-warbler,Horornis haddeni
23051,Bougainville Crow,Corvus meeki
22048,Bougainville Fantail,Rhipidura drownei
18965,Bougainville Honeyeater,Stresemannia bougainvillei
21192,Bougainville Hooded Whistler,Pachycephala richardsi
30608,Bougainville Island Thrush,Turdus bougainvillei
5865,Bougainville Rail,
26245,Bougainville Thicketbird,Cincloramphus llaneae
30395,Bougainville Thrush,Zoothera atrigena
27675,Bougainville White-eye,Zosterops hamlini
30172,Boulder Chat,Pinarornis plumosus
37540,Boulder Finch,Idiopsar brachyurus
7779,Bounty Islands Shag,Leucocarbo ranfurlyi
13928,Bourke's Parrot,Neopsephotus bourkii
21250,Bower's Shrike-thrush,Colluricincla boweri
16594,Boyaca Antpitta,Grallaria alticola
7618,Boyd's Shearwater,Puffinus boydi
20636,Boyer's Cuckooshrike,Coracina boyeri
3342,Brace's Emerald,Riccordia bracei
10098,Bradfield's Hornbill,Lophoceros bradfieldi
2625,Bradfield's Swift,Apus bradfieldi
8660,Brahminy Kite,Haliastur indus
29984,Brahminy Starling,Sturnia pagodarum
34180,Brambling,Fringilla montifringilla
17320,Bran-colored Flycatcher,Myiophobus fasciatus
7734,Brandt's Cormorant,Urile penicillatus
34274,Brandt's Mountain-finch,Leucosticte brandti
16744,Brasilia Tapaculo,Scytalopus novacapitalis
19155,Brass's Friarbird,Philemon brassi
37951,Brassy-breasted Tanager,Tangara desmaresti
20231,Braun's Bushshrike,Laniarius brauni
16976,Brazilian Elaenia,Elaenia sordida
533,Brazilian Merganser,Mergus octosetaceus
3211,Brazilian Ruby,Heliodoxa rubricauda
37179,Brazilian Tanager,Ramphocelus bresilius
366,Brazilian Teal,Amazonetta brasiliensis
115,Brazilian Tinamou,Crypturellus strigulosus
25104,Brazza's Martin,Phedinopsis brazzae
13808,Brehm's Tiger-parrot,Psittacella brehmii
247,Brent Goose,Branta bernicla
36039,Brewer's Blackbird,Euphagus cyanocephalus
35237,Brewer's Sparrow,Spizella breweri
26746,Briar Warbler,Oreophilais robertsi
19474,Bridled Honeyeater,Bolemoreus frenatus
4951,Bridled Quail-Dove,Geotrygon mystacea
35142,Bridled Sparrow,Peucaea mystacalis
6959,Bridled Tern,Onychoprion anaethetus
23636,Bridled Titmouse,Baeolophus wollweberi
27718,Bridled White-eye,Zosterops conspicillatus
18200,Bright-rumped Attila,Attila spadiceus
37450,Bright-rumped Yellow-finch,Sicalis uropygialis
34579,Brimstone Canary,Crithagra sulphurata
30100,Bristle-crowned Starling,Onychognathus salvadorii
11442,Bristle-nosed Barbet,Gymnobucco peli
6657,Bristle-thighed Curlew,Numenius tahitiensis
26250,Bristled Grassbird,Schoenicola striatus
18796,Broad-billed Fairywren,Chenorhamphus grayi
22492,Broad-billed Flycatcher,Myiagra ruficollis
3348,Broad-billed Hummingbird,Cynanthus latirostris
10828,Broad-billed Motmot,Electron platyrhynchum
14210,Broad-billed Parrot,Lophopsittacus mauritianus
7460,Broad-billed Prion,Pachyptila vittata
10252,Broad-billed Roller,Eurystomus glaucurus
6809,Broad-billed Sandpiper,Calidris falcinellus
10777,Broad-billed Tody,Todus subulatus
25485,Broad-billed Warbler,Tickellia hodgsoni
26248,Broad-tailed Grassbird,Schoenicola platyurus
3322,Broad-tailed Hummingbird,Selasphorus platycercus
33813,Broad-tailed Paradise-whydah,Vidua obtusa
2702,Broad-tipped Hermit,Anopetia gounellei
8779,Broad-winged Hawk,Buteo platypterus
6170,Brolga,Antigone rubicunda
33354,Bronze Mannikin,Spermestes cucullata
23214,Bronze Parotia,Parotia berlepschi
32478,Bronze Sunbird,Nectarinia kilimensis
36023,Bronze-brown Cowbird,
34876,Bronze-green Euphonia,Euphonia mesochrysa
17118,Bronze-olive Pygmy-tyrant,Pseudotriccus pelzelni
2953,Bronze-tailed Comet,Polyonymus caroli
1470,Bronze-tailed Peacock-Pheasant,Polyplectron chalcurum
3455,Bronze-tailed Plumeleteer,Chalybura urochrysia
30026,Bronze-tailed Starling,Lamprotornis chalcurus
3004,Bronze-tailed Thornbill,Chalcostigma heteropogon
6860,Bronze-winged Courser,Rhinoptilus chalcopterus
6636,Bronze-winged Jacana,Metopidius indicus
13253,Bronze-winged Parrot,Pionus chalcopterus
12384,Bronze-winged Woodpecker,
36019,Bronzed Cowbird,Molothrus aeneus
21773,Bronzed Drongo,Dicrurus aeneus
2683,Bronzy Hermit,Glaucis aeneus
3095,Bronzy Inca,Coeligena coeligena
10966,Bronzy Jacamar,Galbula leucogastra
25683,Brooks's Leaf-warbler,Phylloscopus subviridis
33845,Brown Accentor,Prunella fulvescens
28578,Brown Babbler,Turdoides plebejus
9007,Brown Boobook,Ninox scutulata
7693,Brown Booby,Sula leucogaster
34222,Brown Bullfinch,Pyrrhula nipalensis
15508,Brown Cacholote,Pseudoseisura lophotes
6043,Brown Crake,Zapornia akool
4739,Brown Cuckoo-Dove,Macropygia phasianella
32013,Brown Dipper,Cinclus pallasii
1369,Brown Eared-pheasant,Crossoptilon mantchuricum
26286,Brown Emu-tail,Bradypterus brunneus
12959,Brown Falcon,Falco berigora
33768,Brown Firefinch,Lagonosticta nitidula
9551,Brown Fish-owl,Ketupa zeylonensis
28293,Brown Fulvetta,Alcippe brunneicauda
19759,Brown Gerygone,Gerygone mouki
8537,Brown Goshawk,Tachyspiza fasciata
26145,Brown Grasshopper-warbler,Locustella luteoventris
19258,Brown Honeyeater,Lichmera indistincta
28171,Brown Illadopsis,Illadopsis fulvescens
3102,Brown Inca,Coeligena wilsoni
10930,Brown Jacamar,Brachygalba lugubris
22718,Brown Jay,Cyanocorax morio
14025,Brown Lory,Chalcopsitta duivenbodei
4356,Brown Mesite,Mesitornis unicolor
1995,Brown Nightjar,Veles binotatus
6922,Brown Noddy,Anous stolidus
11067,Brown Nunlet,Nonnula brunnea
21659,Brown Oriole,Oriolus szalayi
13120,Brown Parrot,Poicephalus meyeri
27238,Brown Parrotbill,Paradoxornis unicolor
8101,Brown Pelican,Pelecanus occidentalis
26614,Brown Prinia,Prinia polychroa
1599,Brown Quail,Synoicus ypsilophorus
31965,Brown Rockchat,Oenanthe fusca
30842,Brown Scrub-robin,Tychaedon signata
22636,Brown Shrike,Lanius cristatus
23253,Brown Sicklebill,Epimachus meyeri
7202,Brown Skua,Stercorarius antarcticus
8306,Brown Snake-eagle,Circaetus cinereus
26209,Brown Songlark,Cincloramphus cruralis
36740,Brown Tanager,Orchesticus abeillei
472,Brown Teal,Anas chlorotis
19728,Brown Thornbill,Acanthiza pusilla
29732,Brown Thrasher,Toxostoma rufum
93,Brown Tinamou,Crypturellus obsoletus
27799,Brown Tit-babbler,Macronus striaticeps
18786,Brown Treecreeper,Climacteris picumnus
29789,Brown Trembler,Cinclocerthia ruficauda
33736,Brown Twinspot,Clytospiza monteiri
2810,Brown Violetear,Colibri delphinae
27106,Brown Warbler,Curruca lugens
21049,Brown Whistler,
9710,Brown Wood-owl,Strix leptogrammica
5724,Brown Wood-rail,Aramides wolfi
25752,Brown Woodland-warbler,Phylloscopus umbrovirens
11565,Brown-and-white Barbet,
36124,Brown-and-yellow Marshbird,Pseudoleistes virescens
17944,Brown-backed Chat-tyrant,Ochthoeca fumicolor
4987,Brown-backed Dove,
32097,Brown-backed Flowerpecker,Pachyglossa everetti
11609,Brown-backed Honeybird,Prodotiscus regulus
18977,Brown-backed Honeyeater,Ramsayornis modestus
29716,Brown-backed Mockingbird,Mimus dorsalis
2488,Brown-backed Needletail,Hirundapus giganteus
13155,Brown-backed Parrotlet,Touit melanonotus
30873,Brown-backed Scrub-robin,Cercotrichas hartlaubi
30173,Brown-backed Solitaire,Myadestes occidentalis
21028,Brown-backed Whistler,Pachycephala modesta
12095,Brown-backed Woodpecker,Dendropicos obsoletus
16598,Brown-banded Antpitta,Grallaria milleri
10990,Brown-banded Puffbird,Notharchus ordii
5801,Brown-banded Rail,Lewinia mirifica
15729,Brown-bellied Stipplethroat,Epinecrophylla gutturalis
25201,Brown-bellied Swallow,Orochelidon murina
14839,Brown-billed Scythebill,Campylorhamphus pusillus
17349,Brown-breasted Bamboo-tyrant,Hemitriccus obsoletus
11587,Brown-breasted Barbet,Pogonornis melanopterus
24971,Brown-breasted Bulbul,Pycnonotus xanthorrhous
31067,Brown-breasted Flycatcher,Muscicapa muttui
19826,Brown-breasted Gerygone,Gerygone ruficollis
10414,Brown-breasted Kingfisher,Halcyon gularis
13451,Brown-breasted Parakeet,Pyrrhura calliptera
28113,Brown-capped Babbler,Pellorneum fuscocapillus
4802,Brown-capped Emerald Dove,Chalcophaps longirostris
21970,Brown-capped Fantail,Rhipidura diluta
28335,Brown-capped Laughingthrush,Trochalopteron austeni
34300,Brown-capped Rosy-finch,Leucosticte australis
15270,Brown-capped Tit-spinetail,Leptasthenura fuliginiceps
16994,Brown-capped Tyrannulet,Ornithion brunneicapillus
21507,Brown-capped Vireo,Vireo leucophrys
33184,Brown-capped Weaver,Ploceus insignis
36500,Brown-capped Whitestart,Myioborus brunniceps
24709,Brown-cheeked Bulbul,Alophoixus bres
28281,Brown-cheeked Fulvetta,Alcippe poioicephala
10132,Brown-cheeked Hornbill,Bycanistes cylindricus
28361,Brown-cheeked Laughingthrush,Trochalopteron henrici
31336,Brown-chested Alethe,Chamaetylas poliocephala
11111,Brown-chested Barbet,Capito brunneipectus
31223,Brown-chested Jungle-flycatcher,Cyornis brunneatus
6522,Brown-chested Lapwing,Vanellus superciliosus
25151,Brown-chested Martin,Progne tapera
18158,Brown-crested Flycatcher,Myiarchus tyrannulus
27877,Brown-crowned Scimitar-babbler,Pomatorhinus phayrei
20156,Brown-crowned Tchagra,Tchagra australis
24826,Brown-eared Bulbul,Hypsipetes amaurotis
11892,Brown-eared Woodpecker,Pardipicus caroli
11590,Brown-faced Barbet,Pogonornis minor
3727,Brown-faced Go-away-bird,Crinifer personatus
37380,Brown-flanked Tanager,Thlypopsis pectoralis
12017,Brown-fronted Woodpecker,Dendrocoptes auriceps
26868,Brown-headed Apalis,Apalis alticola
11301,Brown-headed Barbet,Psilopogon zeylanicus
36025,Brown-headed Cowbird,Molothrus ater
23053,Brown-headed Crow,Corvus fuscicapillus
21402,Brown-headed Greenlet,Hylophilus brunneiceps
7104,Brown-headed Gull,Chroicocephalus brunnicephalus
19322,Brown-headed Honeyeater,Melithreptus brevirostris
29546,Brown-headed Nuthatch,Sitta pusilla
10348,Brown-headed Paradise-kingfisher,Tanysiptera danae
13132,Brown-headed Parrot,Poicephalus cryptoxanthus
30565,Brown-headed Thrush,Turdus chrysolaus
7102,Brown-hooded Gull,Chroicocephalus maculipennis
10430,Brown-hooded Kingfisher,Halcyon albiventris
13206,Brown-hooded Parrot,Pyrilia haematotis
13114,Brown-necked Parrot,Poicephalus fuscicollis
23125,Brown-necked Raven,Corvus ruficollis
35010,Brown-rumped Bunting,Emberiza affinis
15203,Brown-rumped Foliage-gleaner,Automolus melanopezus
20588,Brown-rumped Minivet,Pericrocotus cantonensis
34600,Brown-rumped Seedeater,Crithagra tristriata
16825,Brown-rumped Tapaculo,Scytalopus latebricola
31076,Brown-streaked Flycatcher,Muscicapa williamsoni
26794,Brown-tailed Apalis,
31958,Brown-tailed Chat,Oenanthe scotocerca
11313,Brown-throated Barbet,Psilopogon corvinus
27211,Brown-throated Fulvetta,Fulvetta ludlowi
13487,Brown-throated Parakeet,Eupsittula pertinax
32298,Brown-throated Sunbird,Anthreptes malacensis
20073,Brown-throated Wattle-eye,Platysteira cyanea
10395,Brown-winged Kingfisher,Pelargopsis amauroptera
18530,Brown-winged Mourner,Schiffornis turdina
27291,Brown-winged Parrotbill,Suthora brunnea
29816,Brown-winged Starling,Aplonis grandis
16959,Brownish Elaenia,Elaenia pelzelni
17500,Brownish Twistwing,Cnipodectes subbrunneus
25509,Brownish-flanked Bush-warbler,Horornis fortipes
16335,Brownish-headed Antbird,Myrmelastes brunneiceps
20273,Brubru,Nilaus afer
5228,Bruce's Green-pigeon,Treron waalia
4819,Brush Bronzewing,Phaps elegans
172,Brushland Tinamou,Nothoprocta cinerascens
7579,Bryan's Shearwater,Puffinus bryani
26365,Bubbling Cisticola,Cisticola bulliens
12844,Buckley's Forest-falcon,Micrastur buckleyi
14107,Budgerigar,Melopsittacus undulatus
26213,Buff-banded Bushbird,Cincloramphus bivittatus
5834,Buff-banded Rail,Gallirallus philippensis
17043,Buff-banded Tyrannulet,Mecocerculus hellmayri
25671,Buff-barred Warbler,Phylloscopus pulcher
2736,Buff-bellied Hermit,Phaethornis subochraceus
3607,Buff-bellied Hummingbird,Amazilia yucatanensis
33481,Buff-bellied Mannikin,Lonchura melaena
22294,Buff-bellied Monarch,Neolalage banksiana
23927,Buff-bellied Penduline-Tit,
34083,Buff-bellied Pipit,Anthus rubescens
10987,Buff-bellied Puffbird,Notharchus swainsoni
37361,Buff-bellied Tanager,Thlypopsis inornata
26763,Buff-bellied Warbler,Phyllolais pulchella
28139,Buff-breasted Babbler,Pellorneum tickelli
6341,Buff-breasted Buttonquail,Turnix olivii
15015,Buff-breasted Earthcreeper,Upucerthia validirostris
17754,Buff-breasted Flycatcher,Empidonax fulvifrons
37657,Buff-breasted Mountain-tanager,Dubusia taeniata
10341,Buff-breasted Paradise-kingfisher,Tanysiptera sylvia
3451,Buff-breasted Sabrewing,Campylopterus duidae
6819,Buff-breasted Sandpiper,Calidris subruficollis
17398,Buff-breasted Tody-tyrant,Hemitriccus mirandae
37392,Buff-breasted Warbling-finch,Microspingus lateralis
31910,Buff-breasted Wheatear,Oenanthe bottae
29123,Buff-breasted Wren,Cantorchilus leucotis
36777,Buff-bridled Inca-finch,Incaspiza laeta
671,Buff-browed Chachalaca,Ortalis superciliaris
15107,Buff-browed Foliage-gleaner,Syndactyla rufosuperciliata
21451,Buff-cheeked Greenlet,Pachysylvia muscicapina
17443,Buff-cheeked Tody-flycatcher,Poecilotriccus senex
1981,Buff-collared Nightjar,Antrostomus ridgwayi
3835,Buff-crested Bustard,Lophotis gindiana
5138,Buff-eared Brown-dove,
13608,Buff-faced Pygmy-parrot,Micropsitta pusio
19680,Buff-faced Scrubwren,Aethomyias perspicillatus
15143,Buff-fronted Foliage-gleaner,Dendroma rufa
9098,Buff-fronted Owl,Aegolius harrisii
5003,Buff-fronted Quail-Dove,Zentrygon costaricensis
3902,Buff-headed Coucal,Centropus milo
7844,Buff-necked Ibis,Theristicus caudatus
12776,Buff-necked Woodpecker,Meiglyptes tukki
19747,Buff-rumped Thornbill,Acanthiza reguloides
36368,Buff-rumped Warbler,Myiothlypis fulvicauda
31939,Buff-rumped Wheatear,Oenanthe moesta
12769,Buff-rumped Woodpecker,Meiglyptes grammithorax
23434,Buff-sided Robin,Poecilodryas cerviniventris
12709,Buff-spotted Flameback,Chrysocolaptes lucidus
5635,Buff-spotted Flufftail,Sarothrura elegans
11884,Buff-spotted Woodpecker,Pardipicus nivosus
31844,Buff-streaked Chat,Campicoloides bifasciatus
3162,Buff-tailed Coronet,Boissonneaua flavescens
2678,Buff-tailed Sicklebill,Eutoxeres condamini
3053,Buff-thighed Puffleg,Haplophaedia assimilis
26847,Buff-throated Apalis,Apalis rufogularis
1089,Buff-throated Partridge,Tetraophasis szechenyii
18548,Buff-throated Purpletuft,Iodopleura pipra
36925,Buff-throated Saltator,Saltator maximus
32402,Buff-throated Sunbird,Chalcomitra adelberti
17401,Buff-throated Tody-tyrant,Hemitriccus rufigularis
25712,Buff-throated Warbler,Phylloscopus subaffinis
14746,Buff-throated Woodcreeper,Xiphorhynchus guttatus
24741,Buff-vented Bulbul,Iole crypta
15030,Buff-winged Cinclodes,Cinclodes fuscus
3135,Buff-winged Starfrontlet,Coeligena lutetiae
525,Bufflehead,Bucephala albeola
9557,Buffy Fish-owl,Ketupa ketupu
2996,Buffy Helmetcrest,Oxypogon stuebelii
3519,Buffy Hummingbird,Leucippus fallax
28773,Buffy Laughingthrush,Pterorhinus berthemyi
34043,Buffy Pipit,Anthus vaalensis
15276,Buffy Tit-spinetail,
14942,Buffy Tuftedcheek,Pseudocolaptes lawrencii
820,Buffy-crowned Wood-partridge,Dendrortyx leucophrys
37270,Buffy-fronted Seedeater,Sporophila frontalis
28502,Bugun Liocichla,Liocichla bugunorum
6707,Bukidnon Woodcock,Scolopax bukidnonensis
22641,Bull-headed Shrike,Lanius bucephalus
7398,Buller's Albatross,Thalassarche bulleri
7565,Buller's Shearwater,Ardenna bulleri
35893,Bullock's Oriole,Icterus bullockii
7633,Bulwer's Petrel,Bulweria bulwerii
1376,Bulwer's Pheasant,Lophura bulweri
3325,Bumblebee Hummingbird,Selasphorus heloisa
3947,Burchell's Coucal,Centropus burchellii
6876,Burchell's Courser,Cursorius rufus
4418,Burchell's Sandgrouse,Pterocles burchelli
30052,Burchell's Starling,Lamprotornis australis
24161,Burmese Bushlark,Plocealauda microptera
4629,Burmese Collared-dove,Streptopelia xanthocycla
29952,Burmese Myna,Acridotheres burmannicus
29614,Burmese Nuthatch,Sitta neglecta
26617,Burmese Prinia,Prinia cooki
22613,Burmese Shrike,Lanius collurioides
27332,Burmese Yuhina,Yuhina humilis
37863,Burnished-buff Tanager,Stilpnia cayana
27035,Burnt-necked Eremomela,Eremomela usticollis
9104,Burrowing Owl,Athene cunicularia
13464,Burrowing Parrot,Cyanoliseus patagonus
9047,Buru Boobook,Ninox hantu
20639,Buru Cuckooshrike,Coracina fortis
10686,Buru Dwarf-kingfisher,Ceyx cajeli
21986,Buru Fantail,
32187,Buru Flowerpecker,Dicaeum erythrothorax
24813,Buru Golden Bulbul,Hypsipetes mysticalis
26165,Buru Grasshopper-warbler,Locustella disturbans
5191,Buru Green-pigeon,Treron aromaticus
19278,Buru Honeyeater,Lichmera deningeri
5610,Buru Mountain-pigeon,Gymnophaps mada
21645,Buru Oriole,Oriolus bouroensis
13657,Buru Racquet-tail,Prioniturus mada
30448,Buru Thrush,Geokichla dumasi
31158,Buru Warbling-flycatcher,Eumyias additus
27596,Buru White-eye,Zosterops buruensis
27062,Bush Blackcap,Sylvia nigricapillus
34107,Bush Pipit,Anthus caffer
6369,Bush Thick-knee,Burhinus grallarius
14215,Bushwren,Xenicus longipes
10186,Bushy-crested Hornbill,Anorrhinus galeritus
22746,Bushy-crested Jay,Cyanocorax melanocyaneus
2915,Butterfly Coquette,Lophornis verreauxii
32159,Buzzing Flowerpecker,Dicaeum hypoleucum
10884,Böhm's Bee-eater,Merops boehmi
31054,Böhm's Flycatcher,Myopornis boehmi
2477,Böhm's Spinetail,Neafrapus boehmi
16106,Caatinga Antwren,Radinopsyche sellowi
17845,Caatinga Black-tyrant,Knipolegus franciscanus
15504,Caatinga Cacholote,Pseudoseisura cristata
35015,Cabanis's Bunting,Emberiza cabanisi
24663,Cabanis's Greenbul,Phyllastrephus cabanisi
15573,Cabanis's Spinetail,Synallaxis cabanisi
7056,Cabot's Tern,
1085,Cabot's Tragopan,Tragopan caboti
24746,Cachar Bulbul,Iole cacharensis
263,Cackling Goose,Branta hutchinsii
15500,Cactus Canastero,Pseudasthenes cactorum
13502,Cactus Parakeet,Eupsittula cactorum
28905,Cactus Wren,Campylorhynchus brunneicapillus
13215,Caica Parrot,Pyrilia caica
16577,Cajamarca Antpitta,Grallaria cajamarcae
27355,Calabarzon Babbler,Sterrhoptilus affinis
24459,Calandra Lark,Melanocorypha calandra
5814,Calayan Rail,Gallirallus calayanensis
8110,California Condor,Gymnogyps californianus
29485,California Gnatcatcher,Polioptila californica
7181,California Gull,Larus californicus
852,California Quail,Callipepla californica
22815,California Scrub-jay,Aphelocoma californica
29757,California Thrasher,Toxostoma redivivum
35554,California Towhee,Melozone crissalis
3315,Calliope Hummingbird,Selasphorus calliope
31469,Cambodian Blue Robin,
32248,Cambodian Flowerpecker,Dicaeum cambodianum
28670,Cambodian Laughingthrush,Garrulax ferrarius
26948,Cambodian Tailorbird,Orthotomus chaktomuk
33798,Cameroon Indigobird,Vidua camerunensis
24568,Cameroon Mountain Greenbul,Arizelocichla montana
24656,Cameroon Olive Greenbul,Phyllastrephus poensis
4472,Cameroon Olive-pigeon,Columba sjostedti
32375,Cameroon Sunbird,Cyanomitra oritis
9031,Camiguin Boobook,Ninox leventisi
24822,Camiguin Bulbul,Hypsipetes catarmanensis
14163,Camiguin Hanging Parrot,Loriculus camiguinensis
7412,Campbell Albatross,
7791,Campbell Island Shag,Leucocarbo campbelli
476,Campbell Teal,Anas nesiotis
18798,Campbell's Fairywren,Chenorhamphus campbelli
22762,Campina Jay,
30756,Campina Thrush,Turdus arthuri
12455,Campo Flicker,Colaptes campestris
14512,Campo Miner,Geositta poeciloptera
35922,Campo Troupial,Icterus jamacaii
254,Canada Goose,Branta canadensis
22675,Canada Jay,Perisoreus canadensis
36473,Canada Warbler,Cardellina canadensis
6406,Canarian Oystercatcher,Haematopus meadewaldoi
23373,Canary Flyrobin,Devioeca papuana
34171,Canary Islands Chaffinch,Fringilla canariensis
25722,Canary Islands Chiffchaff,Phylloscopus canariensis
15154,Canebrake Groundcreeper,Clibanornis dendrocolaptoides
29119,Canebrake Wren,Cantorchilus zeledoni
3361,Canivet's Emerald,Cynanthus canivetii
485,Canvasback,Aythya valisineria
15399,Canyon Canastero,Asthenes pudibunda
35535,Canyon Towhee,Melozone fusca
28934,Canyon Wren,Catherpes mexicanus
244,Cape Barren Goose,Cereopsis novaehollandiae
20024,Cape Batis,Batis capensis
25055,Cape Bulbul,Pycnonotus capensis
34975,Cape Bunting,Emberiza capensis
34717,Cape Canary,Serinus canicollis
24196,Cape Clapper Lark,Corypha apiata
7753,Cape Cormorant,Phalacrocorax capensis
23057,Cape Crow,Corvus capensis
9527,Cape Eagle-owl,Bubo capensis
7687,Cape Gannet,Morus capensis
25382,Cape Grassbird,Sphenoeacus afer
23997,Cape Long-billed Lark,Certhilauda curvirostris
33944,Cape Longclaw,Macronyx capensis
36225,Cape May Warbler,Setophaga tigrina
13118,Cape Parrot,Poicephalus robustus
23937,Cape Penduline-tit,Anthoscopus minutus
7453,Cape Petrel,Daption capense
31393,Cape Robin-chat,Dessonornis caffer
31775,Cape Rock-thrush,Monticola rupestris
23494,Cape Rockjumper,Chaetops frenatus
390,Cape Shoveler,Spatula smithii
34564,Cape Siskin,Crithagra totta
32875,Cape Sparrow,Passer melanurus
1735,Cape Spurfowl,Pternistis capensis
30011,Cape Starling,Lamprotornis nitens
28786,Cape Sugarbird,Promerops cafer
433,Cape Teal,Anas capensis
8851,Cape Verde Buzzard,
7493,Cape Verde Petrel,Pterodroma feae
7560,Cape Verde Shearwater,Calonectris edwardsii
32957,Cape Verde Sparrow,Passer iagoensis
7434,Cape Verde Storm-petrel,Hydrobates jabejabe
25941,Cape Verde Swamp-warbler,Acrocephalus brevipennis
2596,Cape Verde Swift,Apus alexandri
8249,Cape Vulture,Gyps coprotheres
33901,Cape Wagtail,Motacilla capensis
33053,Cape Weaver,Ploceus capensis
27536,Cape White-eye,Zosterops virens
37421,Capped Conebill,Conirostrum albifrons
7954,Capped Heron,Pilherodius pileatus
31906,Capped Wheatear,Oenanthe pileata
27652,Capped White-eye,Zosterops fuscicapilla
18292,Capuchinbird,Perissocephalus tricolor
37229,Caqueta Seedeater,
35253,Caracas Brushfinch,Arremon phaeopleurus
16818,Caracas Tapaculo,Scytalopus caracae
36791,Carbon Sierra-finch,Rhopospina carbonaria
14024,Cardinal Lory,Chalcopsitta cardinalis
19112,Cardinal Myzomela,Myzomela cardinalis
33219,Cardinal Quelea,Quelea cardinalis
12044,Cardinal Woodpecker,Dendropicos fuscescens
36045,Carib Grackle,Quiscalus lugubris
4991,Caribbean Dove,Leptotila jamaicensis
16934,Caribbean Elaenia,Elaenia martinica
3347,Caribbean Emerald,
14971,Caribbean Hornero,Furnarius longirostris
25172,Caribbean Martin,Progne dominicensis
32405,Carmelite Sunbird,Chalcomitra fuliginosa
36603,Carmiol's Tanager,Chlorothraupis carmioli
13023,Carnaby's Black-cockatoo,Zanda latirostris
23208,Carola's Parotia,Parotia carolae
23705,Carolina Chickadee,Poecile carolinensis
13505,Carolina Parakeet,Conuropsis carolinensis
29158,Carolina Wren,Thryothorus ludovicianus
5091,Caroline Ground Dove,Pampusana kubaryi
25993,Caroline Reed-warbler,Acrocephalus syrinx
2423,Caroline Swiftlet,Aerodramus inquietus
23868,Carp's Tit,Melaniparus carpi
18873,Carpentarian Grasswren,Amytornis dorotheae
37655,Carriker's Mountain-tanager,
23082,Carrion Crow,Corvus corone
36691,Carrizal Seedeater,Amaurospiza carrizalensis
26462,Carruthers's Cisticola,Cisticola carruthersi
12817,Carunculated Caracara,Daptrius carunculatus
5444,Carunculated Fruit-dove,Ptilinopus granulifrons
7145,Caspian Gull,Larus cachinnans
6548,Caspian Plover,Anarhynchus asiaticus
1582,Caspian Snowcock,Tetraogallus caspius
7000,Caspian Tern,Hydroprogne caspia
23743,Caspian Tit,Poecile hyrcanus
35859,Casqued Cacique,Cacicus oseryi
34678,Cassia Crossbill,Loxia sinesciuris
7218,Cassin's Auklet,Ptychoramphus aleuticus
34446,Cassin's Finch,Haemorhous cassinii
31110,Cassin's Flycatcher,Muscicapa cassini
8377,Cassin's Hawk-eagle,Aquila africana
11602,Cassin's Honeybird,Prodotiscus insignis
18062,Cassin's Kingbird,Tyrannus vociferans
33191,Cassin's Malimbe,Malimbus cassini
35153,Cassin's Sparrow,Peucaea cassinii
2476,Cassin's Spinetail,Neafrapus cassini
21544,Cassin's Vireo,Vireo cassinii
16015,Castelnau's Antshrike,Thamnophilus cryptoleucus
17970,Cattle Tyrant,Machetornis rixosa
701,Cauca Guan,Penelope perspicax
1276,Caucasian Grouse,Lyrurus mlokosiewiczi
1581,Caucasian Snowcock,Tetraogallus caucasicus
16342,Caura Antbird,Myrmelastes caurensis
25350,Cave Swallow,Petrochelidon fulva
2337,Cave Swiftlet,Collocalia linchi
22764,Cayenne Jay,Cyanocorax cayanus
1898,Cayenne Nightjar,Setopagis maculosa
16690,Ceara Gnateater,Conopophaga cearae
14491,Ceara Leaftosser,
9035,Cebu Boobook,Ninox rumseyi
5149,Cebu Brown-dove,
32139,Cebu Flowerpecker,Dicaeum quadricolor
23506,Cedar Waxwing,Bombycilla cedrorum
22174,Celestial Monarch,Hypothymis coelestis
9231,Central American Pygmy-owl,Glaucidium griseiceps
20805,Central Melanesian Cicadabird,Edolisoma erythropygium
23232,Central Superb Bird-of-paradise,Lophorina latipennis
10944,Cerise-crowned Jacamar,
20612,Cerulean Cuckooshrike,Coracina temminckii
22138,Cerulean Flycatcher,Eutrichomyias rowleyi
10623,Cerulean Kingfisher,Alcedo coerulescens
36226,Cerulean Warbler,Setophaga cerulea
18403,Cerulean-capped Manakin,Lepidothrix coeruleocapilla
25544,Cetti's Warbler,Cettia cetti
20308,Chabert Vanga,Leptopterus chabert
16580,Chachapoyas Antpitta,Grallaria gravesi
648,Chaco Chachalaca,Ortalis canicollis
14962,Chaco Earthcreeper,Tarphonomus certhioides
9760,Chaco Owl,Strix chacoensis
35127,Chaco Sparrow,Rhynchospiza strigiceps
33761,Chad Firefinch,Lagonosticta umbrinodorsalis
29709,Chalk-browed Mockingbird,Mimus saturninus
16575,Chami Antpitta,Grallaria alvarezi
8328,Changeable Hawk-eagle,Nisaetus cirrhatus
4181,Channel-billed Cuckoo,Scythrops novaehollandiae
11180,Channel-billed Toucan,Ramphastos vitellinus
17283,Chapada Flycatcher,Guyramemua affine
26843,Chapin's Apalis,Apalis chapini
30996,Chapin's Flycatcher,Fraseria lendu
28573,Chapin's Mountain-babbler,Turdoides chapini
15987,Chapman's Antshrike,Thamnophilus zarumae
17186,Chapman's Bristle-tyrant,Pogonotriccus chapmani
2524,Chapman's Swift,Chaetura chapmani
24743,Charlotte's Bulbul,Iole charlottae
3698,Charming Hummingbird,Polyerata decora
30973,Chat-flycatcher,Agricola infuscatus
7408,Chatham Albatross,Thalassarche eremita
19033,Chatham Islands Bellbird,Anthornis melanocephala
26191,Chatham Islands Fernbird,Poodytes rufescens
19835,Chatham Islands Gerygone,Gerygone albofrontata
6424,Chatham Islands Oystercatcher,Haematopus chathamensis
13904,Chatham Islands Parakeet,Cyanoramphus forbesi
7524,Chatham Islands Petrel,Pterodroma axillaris
5604,Chatham Islands Pigeon,Hemiphaga chathamensis
5826,Chatham Islands Rail,Gallirallus modestus
7783,Chatham Islands Shag,Leucocarbo onslowi
6720,Chatham Islands Snipe,Coenocorypha pusilla
26364,Chattering Cisticola,Cisticola anonymus
29400,Chattering Gnatwren,Ramphocaenus sticturus
10563,Chattering Kingfisher,Todiramphus tutus
13999,Chattering Lory,Lorius garrulus
4023,Chattering Yellowbill,Ceuthmochares aereus
15708,Checker-throated Stipplethroat,Epinecrophylla fulviventris
12170,Checkered Woodpecker,Dryobates mixtus
1361,Cheer Pheasant,Catreus wallichii
12598,Chequer-throated Yellownape,
15769,Cherrie's Antwren,Myrmotherula cherriei
36749,Cherry-throated Tanager,Nemosia rourei
16579,Chestnut Antpitta,Grallaria blakei
24764,Chestnut Bulbul,Hemixos castanonotus
35019,Chestnut Bunting,Emberiza rutila
5661,Chestnut Forest Rail,Rallicula rubra
33425,Chestnut Munia,Lonchura atricapilla
9199,Chestnut Owlet,
11757,Chestnut Piculet,Picumnus cinnamomeus
19986,Chestnut Quail-thrush,Cinclosoma castanotum
5822,Chestnut Rail,Gallirallus castaneoventris
37308,Chestnut Seedeater,Sporophila cinnamomea
32879,Chestnut Sparrow,Passer eminibey
468,Chestnut Teal,Anas castanea
30654,Chestnut Thrush,Turdus rubrocanus
20064,Chestnut Wattle-eye,Dyaphorophyia castanea
33132,Chestnut Weaver,Ploceus rubiginosus
950,Chestnut Wood-quail,Odontophorus hyperythrus
12477,Chestnut Woodpecker,Celeus elegans
33115,Chestnut-and-black Weaver,Ploceus castaneofuscus
16345,Chestnut-backed Antbird,Poliocrania exsul
15999,Chestnut-backed Antshrike,Thamnophilus palliatus
6338,Chestnut-backed Buttonquail,Turnix castanotus
23689,Chestnut-backed Chickadee,Poecile rufescens
19974,Chestnut-backed Jewel-babbler,Ptilorrhoa castanonota
28722,Chestnut-backed Laughingthrush,Pterorhinus nuchalis
9195,Chestnut-backed Owlet,Glaucidium castanotum
32989,Chestnut-backed Sparrow-Weaver,Plocepasser rufoscapulatus
24050,Chestnut-backed Sparrow-lark,Eremopterix leucotis
37860,Chestnut-backed Tanager,Stilpnia preciosa
15311,Chestnut-backed Thornbird,Phacellodomus dorsalis
30460,Chestnut-backed Thrush,Geokichla dohertyi
6590,Chestnut-banded Plover,Anarhynchus pallidus
18276,Chestnut-bellied Cotinga,Doliornis remseni
4132,Chestnut-bellied Cuckoo,Coccyzus pluvialis
34884,Chestnut-bellied Euphonia,Euphonia pectoralis
22025,Chestnut-bellied Fantail,Rhipidura hyperythra
37600,Chestnut-bellied Flowerpiercer,Diglossa gloriosissima
715,Chestnut-bellied Guan,Penelope ochrogaster
3581,Chestnut-bellied Hummingbird,Saucerottia castaneiventris
5559,Chestnut-bellied Imperial-pigeon,Ducula brenchleyi
4052,Chestnut-bellied Malkoha,Phaenicophaeus sumatranus
22396,Chestnut-bellied Monarch,Monarcha castaneiventris
37661,Chestnut-bellied Mountain-tanager,Dubusia castaneoventris
29609,Chestnut-bellied Nuthatch,Sitta cinnamoventris
1053,Chestnut-bellied Partridge,Arborophila javanica
31746,Chestnut-bellied Rock-thrush,Monticola rufiventris
4366,Chestnut-bellied Sandgrouse,Pterocles exustus
37250,Chestnut-bellied Seed-Finch,Sporophila angolensis
37292,Chestnut-bellied Seedeater,Sporophila castaneiventris
30063,Chestnut-bellied Starling,Lamprotornis pulcher
30703,Chestnut-bellied Thrush,Turdus fulviventris
23671,Chestnut-bellied Tit,Sittiparus castaneoventris
17933,Chestnut-belted Chat-tyrant,Ochthoeca thoracica
16680,Chestnut-belted Gnateater,Conopophaga aurita
34807,Chestnut-breasted Chlorophonia,Chlorophonia pyrrhophrys
3165,Chestnut-breasted Coronet,Boissonneaua matthewsii
4233,Chestnut-breasted Cuckoo,Cacomantis castaneiventris
4043,Chestnut-breasted Malkoha,Phaenicophaeus curvirostris
33473,Chestnut-breasted Mannikin,Lonchura castaneothorax
37389,Chestnut-breasted Mountain-finch,Poospizopsis caesar
33561,Chestnut-breasted Nigrita,Nigrita bicolor
1019,Chestnut-breasted Partridge,Arborophila mandellii
20000,Chestnut-breasted Quail-thrush,Cinclosoma castaneothorax
37926,Chestnut-breasted Tanager,Tangara arthus
19694,Chestnut-breasted Whiteface,Aphelocephala pectoralis
27746,Chestnut-capped Babbler,Timalia pileata
36116,Chestnut-capped Blackbird,Chrysomus ruficapillus
35304,Chestnut-capped Brushfinch,Arremon brunneinucha
25581,Chestnut-capped Flycatcher,Erythrocercus mccallii
15155,Chestnut-capped Foliage-gleaner,Clibanornis rectirostris
28714,Chestnut-capped Laughingthrush,Pterorhinus mitratus
18301,Chestnut-capped Piha,Lipaugus weberi
10997,Chestnut-capped Puffbird,Bucco macrodactylus
30456,Chestnut-capped Thrush,Geokichla interpres
36419,Chestnut-capped Warbler,Basileuterus delattrii
29972,Chestnut-cheeked Starling,Agropsar philippensis
34893,Chestnut-collared Longspur,Calcarius ornatus
25357,Chestnut-collared Swallow,Petrochelidon rufocollaris
2275,Chestnut-collared Swift,Streptoprocne rutila
12476,Chestnut-colored Woodpecker,Celeus castaneus
16175,Chestnut-crested Antbird,Rhegmatorhina cristata
18278,Chestnut-crested Cotinga,Ampelion rufaxilla
27312,Chestnut-crested Yuhina,Staphida everetti
16531,Chestnut-crowned Antpitta,Grallaria ruficapilla
19858,Chestnut-crowned Babbler,Pomatostomus ruficeps
18579,Chestnut-crowned Becard,Pachyramphus castaneus
25548,Chestnut-crowned Bush-warbler,Cettia major
15200,Chestnut-crowned Foliage-gleaner,Automolus rufipileatus
16695,Chestnut-crowned Gnateater,Conopophaga castaneiceps
28371,Chestnut-crowned Laughingthrush,Trochalopteron erythrocephalum
32987,Chestnut-crowned Sparrow-Weaver,Plocepasser superciliosus
26949,Chestnut-crowned Tailorbird,Orthotomus castaneiceps
25812,Chestnut-crowned Warbler,Phylloscopus castaniceps
11208,Chestnut-eared Araçari,Pteroglossus castanotis
34988,Chestnut-eared Bunting,Emberiza fucata
28687,Chestnut-eared Laughingthrush,Ianthocincla konkakinhensis
27362,Chestnut-faced Babbler,Zosterornis whiteheadi
8426,Chestnut-flanked Sparrowhawk,Aerospiza castanilius
27426,Chestnut-flanked White-eye,Zosterops erythropleurus
20361,Chestnut-fronted Helmetshrike,Prionops scopifrons
13524,Chestnut-fronted Macaw,Ara severus
21339,Chestnut-fronted Shrike-babbler,Pteruthius aenobarbus
10914,Chestnut-headed Bee-eater,Merops leschenaulti
5678,Chestnut-headed Crake,Anurolimnas castaneiceps
5646,Chestnut-headed Flufftail,Sarothrura lugens
11077,Chestnut-headed Nunlet,Nonnula amaurocephala
35811,Chestnut-headed Oropendola,Psarocolius wagleri
1031,Chestnut-headed Partridge,Arborophila cambodiana
24057,Chestnut-headed Sparrow-lark,Eremopterix signatus
37366,Chestnut-headed Tanager,Thlypopsis pyrrhocoma
25555,Chestnut-headed Tesia,Cettia castaneocoronata
28717,Chestnut-hooded Laughingthrush,Pterorhinus treacheri
16550,Chestnut-naped Antpitta,Grallaria nuchalis
31505,Chestnut-naped Forktail,Enicurus ruficapillus
17800,Chestnut-naped Ground-tyrant,
1711,Chestnut-naped Spurfowl,Pternistis castaneicollis
1446,Chestnut-necklaced Partridge,Tropicoperdix charltonii
4846,Chestnut-quilled Rock-pigeon,Petrophassa rufipennis
27974,Chestnut-rumped Babbler,Stachyris maculata
19572,Chestnut-rumped Heathwren,Hylacola pyrrhopygia
19741,Chestnut-rumped Thornbill,Acanthiza uropygialis
14725,Chestnut-rumped Woodcreeper,Xiphorhynchus pardalotus
15666,Chestnut-shouldered Antwren,Euchrepomis humeralis
32872,Chestnut-shouldered Bush-sparrow,Gymnoris xanthocollis
8551,Chestnut-shouldered Goshawk,Erythrotriorchis buergersi
21376,Chestnut-sided Shrike-vireo,Vireolanius melitophrys
36293,Chestnut-sided Warbler,Setophaga pensylvanica
27555,Chestnut-sided White-eye,Zosterops mayottensis
29974,Chestnut-tailed Starling,Sturnia malabarica
26838,Chestnut-throated Apalis,Apalis porphyrolaema
22489,Chestnut-throated Flycatcher,Myiagra castaneigularis
16716,Chestnut-throated Huet-huet,Pteroptochos castaneus
1088,Chestnut-throated Partridge,Tetraophasis obscurus
37289,Chestnut-throated Seedeater,Sporophila telasco
30233,Chestnut-throated Solitaire,
15656,Chestnut-throated Spinetail,Synallaxis cherriei
11283,Chestnut-tipped Toucanet,Aulacorhynchus derbianus
24705,Chestnut-vented Bulbul,Alophoixus ruficrissus
37413,Chestnut-vented Conebill,Conirostrum speciosum
4006,Chestnut-vented Coua,
29600,Chestnut-vented Nuthatch,Sitta nagaensis
27084,Chestnut-vented Warbler,Curruca subcoerulea
27815,Chestnut-winged Babbler,Cyanoderma erythropterum
637,Chestnut-winged Chachalaca,Ortalis garrula
15033,Chestnut-winged Cinclodes,Cinclodes albidiventris
4070,Chestnut-winged Cuckoo,Clamator coromandus
15151,Chestnut-winged Foliage-gleaner,Dendroma erythroptera
15140,Chestnut-winged Hookbill,Ancistrops strigilatus
30085,Chestnut-winged Starling,Onychognathus fulgidus
27998,Chevron-breasted Babbler,Stachyris roberti
17166,Chico's Tyrannulet,Zimmerius chicomendesi
30705,Chiguanco Thrush,Turdus chiguanco
35788,Chihuahuan Meadowlark,Sturnella lilianae
23142,Chihuahuan Raven,Corvus cryptoleucus
16953,Chilean Elaenia,
6267,Chilean Flamingo,Phoenicopterus chilensis
12447,Chilean Flicker,Colaptes pitius
8589,Chilean Hawk,Astur chilensis
29703,Chilean Mockingbird,Mimus thenca
4545,Chilean Pigeon,Patagioenas araucana
7200,Chilean Skua,Stercorarius chilensis
25134,Chilean Swallow,Tachycineta leucopyga
169,Chilean Tinamou,Nothoprocta perdicaria
3281,Chilean Woodstar,Eulidia yarrellii
400,Chiloe Wigeon,Mareca sibilatrix
12813,Chimango Caracara,Daptrius chimango
19959,Chiming Wedgebill,Psophodes occidentalis
2513,Chimney Swift,Chaetura pelagica
27866,Chin Hills Wren-babbler,Spelaeornis oatesi
15547,Chinchipe Spinetail,Synallaxis chinchipensis
28750,Chinese Babax,Pterorhinus lanceolatus
1476,Chinese Bamboo-partridge,Bambusicola thoracicus
11341,Chinese Barbet,Psilopogon faber
34326,Chinese Beautiful Rosefinch,Carpodacus davidianus
30531,Chinese Blackbird,Turdus mandarinus
31189,Chinese Blue Flycatcher,Cyornis glaucicomans
7077,Chinese Crested Tern,Thalasseus bernsteini
7972,Chinese Egret,Egretta eulophotes
1506,Chinese Francolin,Francolinus pintadeanus
27201,Chinese Fulvetta,Fulvetta striaticollis
28018,Chinese Grass-babbler,Graminicola striatus
26153,Chinese Grasshopper-warbler,Locustella tacsanowskia
22575,Chinese Grey Shrike,Lanius sphenocercus
34204,Chinese Grosbeak,Eophona migratoria
1147,Chinese Grouse,Tetrastes sewerzowi
28636,Chinese Hwamei,Garrulax canorus
25684,Chinese Leaf-warbler,Phylloscopus yunnanensis
34356,Chinese Long-tailed Rosefinch,
1095,Chinese Monal,Lophophorus lhuysii
22237,Chinese Paradise-flycatcher,Terpsiphone incei
23911,Chinese Penduline-tit,Remiz consobrinus
8040,Chinese Pond Heron,Ardeola bacchus
26674,Chinese Prinia,
31485,Chinese Rubythroat,Calliope tschebaiewi
31544,Chinese Shortwing,Brachypteryx sinensis
8488,Chinese Sparrowhawk,Tachyspiza soloensis
30474,Chinese Thrush,Turdus mupinensis
34366,Chinese White-browed Rosefinch,Carpodacus dubius
20032,Chinspot Batis,Batis molitor
7306,Chinstrap Penguin,Pygoscelis antarcticus
35221,Chipping Sparrow,Spizella passerina
3384,Chiribiquete Emerald,Chlorostilbon olivaresi
26835,Chirinda Apalis,Apalis chirindensis
15213,Chiriqui Foliage-gleaner,Automolus exsertus
5024,Chiriqui Quail-Dove,Zentrygon chiriquensis
36173,Chiriqui Yellowthroat,
26458,Chirping Cisticola,Cisticola pipiens
2111,Chirruping Nightjar,Caprimulgus griseatus
19958,Chirruping Wedgebill,Psophodes cristatus
21484,Chivi Vireo,Vireo chivi
9976,Choco Black-throated Trogon,Trogon cupreicauda
35678,Choco Brushfinch,Atlapetes crassus
16902,Choco Grey Elaenia,Myiopagis parambae
18373,Choco Manakin,Cryptopipo litae
13438,Choco Parakeet,
1945,Choco Poorwill,Nyctiphrynus rosenbergi
9665,Choco Screech-Owl,Megascops centralis
18105,Choco Sirystes,Sirystes albogriseus
16811,Choco Tapaculo,Scytalopus chocoensis
144,Choco Tinamou,Crypturellus kerriae
11173,Choco Toucan,Ramphastos brevis
9937,Choco Trogon,Trogon comptus
17177,Choco Tyrannulet,Zimmerius albigularis
21540,Choco Vireo,Vireo masteri
36385,Choco Warbler,Myiothlypis chlorophrys
12201,Choco Woodpecker,Dryobates chocoensis
9020,Chocolate Boobook,Ninox randi
10417,Chocolate-backed Kingfisher,Halcyon badia
17866,Chocolate-vented Tyrant,Neoxolmis rufiventris
5113,Choiseul Pigeon,Microgoura meeki
36096,Chopi Blackbird,Gnorimopsar chopi
31362,Chorister Robin-chat,Cossypha dichroa
15525,Chotoy Spinetail,Schoeniophylax phryganophilus
19865,Chowchilla,Orthonyx spaldingii
9053,Christmas Island Boobook,Ninox natalis
7684,Christmas Island Frigatebird,Fregata andrewsi
5553,Christmas Island Imperial-pigeon,Ducula whartoni
2341,Christmas Island Swiftlet,Collocalia natalis
30584,Christmas Island Thrush,Turdus erythropleurus
27717,Christmas Island White-eye,Zosterops natalis
6791,Christmas Sandpiper,Prosobonia cancellata
7571,Christmas Shearwater,Puffinus nativitatis
26369,Chubb's Cisticola,Cisticola chubbi
16724,Chucao Tapaculo,Scelorchilus rubecula
1961,Chuck-will's-widow,Antrostomus carolinensis
1659,Chukar,Alectoris chukar
26411,Churring Cisticola,Cisticola njombe
16832,Chusquea Tapaculo,Scytalopus parkeri
22445,Chuuk Flycatcher,Myiagra oceanica
22316,Chuuk Monarch,Metabolus rugensis
33590,Cinderella Waxbill,Glaucestrilda thomensis
15879,Cinereous Antshrike,Thamnomanes caesius
18576,Cinereous Becard,Pachyramphus rufus
17822,Cinereous Black-tyrant,Knipolegus striaticeps
24760,Cinereous Bulbul,Hemixos cinereus
34947,Cinereous Bunting,Emberiza cineracea
37440,Cinereous Conebill,Conirostrum cinereum
37312,Cinereous Finch,Piezorina cinerea
17796,Cinereous Ground-tyrant,Muscisaxicola cinereus
8620,Cinereous Harrier,Circus cinereus
18547,Cinereous Mourner,Laniocera hypopyrra
9755,Cinereous Owl,Strix sartorii
74,Cinereous Tinamou,Crypturellus cinereus
23814,Cinereous Tit,Parus cinereus
8234,Cinereous Vulture,Aegypius monachus
37407,Cinereous Warbling-finch,Microspingus cinereus
15576,Cinereous-breasted Spinetail,Synallaxis hypospodia
9044,Cinnabar Boobook,Ninox ios
18191,Cinnamon Attila,Attila cinnamomeus
18585,Cinnamon Becard,Pachyramphus cinnamomeus
7914,Cinnamon Bittern,Botaurus cinnamomeus
26280,Cinnamon Bracken-warbler,Bradypterus cinnamomeus
17609,Cinnamon Flycatcher,Pyrrhomyias cinnamomeus
5070,Cinnamon Ground Dove,Gallicolumba rufigula
3599,Cinnamon Hummingbird,Amazilia rutila
32820,Cinnamon Ibon,Hypocryptadius cinnamomeus
17606,Cinnamon Manakin-tyrant,Neopipo cinnamomea
19994,Cinnamon Quail-thrush,Cinclosoma cinnamomeum
9662,Cinnamon Screech-owl,Megascops petersoni
37758,Cinnamon Tanager,Schistochlamys ruficapillus
383,Cinnamon Teal,Spatula cyanoptera
37321,Cinnamon Warbling-finch,Poospiza ornata
33129,Cinnamon Weaver,Ploceus badius
12460,Cinnamon Woodpecker,Celeus loricatus
10557,Cinnamon-banded Kingfisher,Todiramphus australasia
37589,Cinnamon-bellied Flowerpiercer,Diglossa baritula
17809,Cinnamon-bellied Ground-tyrant,Muscisaxicola capistratus
5537,Cinnamon-bellied Imperial-pigeon,Ducula basilica
36895,Cinnamon-bellied Saltator,Saltator grandis
34966,Cinnamon-breasted Bunting,Emberiza tahapisi
23879,Cinnamon-breasted Tit,
17399,Cinnamon-breasted Tody-tyrant,Hemitriccus cinnamomeipectus
26922,Cinnamon-breasted Warbler,Euryptila subcinnamomea
21234,Cinnamon-breasted Whistler,
19476,Cinnamon-browed Melidectes,Melidectes ochromelas
10874,Cinnamon-chested Bee-eater,Merops oreobates
31669,Cinnamon-chested Flycatcher,Ficedula buruensis
17570,Cinnamon-crested Spadebill,Platyrinchus saturatus
17215,Cinnamon-faced Tyrannulet,Phylloscartes parkeri
5155,Cinnamon-headed Green-pigeon,Treron fulvicollis
15088,Cinnamon-rumped Foliage-gleaner,Philydor pyrrhodes
37206,Cinnamon-rumped Seedeater,Sporophila torqueola
9889,Cinnamon-rumped Trogon,Harpactes orrhophaeus
3548,Cinnamon-sided Hummingbird,
21973,Cinnamon-tailed Fantail,Rhipidura fuscorufa
35133,Cinnamon-tailed Sparrow,Peucaea sumichrasti
2712,Cinnamon-throated Hermit,Phaethornis nattereri
14618,Cinnamon-throated Woodcreeper,Dendrexetastes rufigula
18298,Cinnamon-vented Piha,Lipaugus lanioides
15344,Cipo Canastero,Asthenes luizae
34952,Cirl Bunting,Emberiza cirlus
9947,Citreoline Trogon,Trogon citreolus
34709,Citril Finch,Carduelis citrinella
23544,Citrine Canary-flycatcher,Culicicapa helianthea
33897,Citrine Wagtail,Motacilla citreola
27722,Citrine White-eye,Zosterops semperi
18193,Citron-bellied Attila,Attila citriniventris
13087,Citron-crested Cockatoo,Cacatua citrinocristata
37474,Citron-headed Yellow-finch,Sicalis luteocephala
11178,Citron-throated Toucan,
25964,Clamorous Reed-warbler,Acrocephalus stentoreus
5735,Clapper Rail,Rallus crepitans
1766,Clapperton's Spurfowl,Pternistis clappertoni
5423,Claret-breasted Fruit-dove,Ptilinopus viridis
29218,Clarion Wren,Troglodytes tanneri
6259,Clark's Grebe,Aechmophorus clarkii
22986,Clark's Nutcracker,Nucifraga columbiana
33120,Clarke's Weaver,Ploceus golandi
25845,Claudia's Leaf-warbler,Phylloscopus claudiae
35228,Clay-colored Sparrow,Spizella pallida
30814,Clay-colored Thrush,Turdus grayi
21334,Clicking Shrike-babbler,Pteruthius intermedius
17619,Cliff Flycatcher,Hirundinea ferruginea
13177,Cliff Parakeet,
25344,Cliff Swallow,Petrochelidon pyrrhonota
26559,Cloud Cisticola,Cisticola textrix
9222,Cloud-forest Pygmy-owl,Glaucidium nubicola
9663,Cloud-forest Screech-owl,Megascops marshalli
5465,Cloven-feathered Dove,Drepanoptila holosericea
18447,Club-winged Manakin,Machaeropterus deliciosus
23583,Coal Tit,Periparus ater
36739,Coalcrest,Charitospiza eucosma
26449,Coastal Cisticola,Cisticola haematocephalus
14494,Coastal Miner,Geositta peruviana
13193,Cobalt-winged Parakeet,Brotogeris cyanoptera
29263,Cobb's Wren,Troglodytes cobbi
16008,Cocha Antshrike,Thamnophilus praecox
37330,Cochabamba Mountain-finch,Poospiza garleppi
17906,Cock-tailed Tyrant,Alectrurus tricolor
13039,Cockatiel,Nymphicus hollandicus
30803,Cocoa Thrush,Turdus fumigatus
14757,Cocoa Woodcreeper,Xiphorhynchus susurrans
8076,Cocoi Heron,Ardea cocoi
14075,Coconut Lorikeet,Trichoglossus haematodus
7696,Cocos Booby,Sula brewsteri
4128,Cocos Cuckoo,Coccyzus ferrugineus
37065,Cocos Finch,Pinaroloxias inornata
17088,Cocos Tyrannulet,Nesotriccus ridgwayi
15452,Coiba Spinetail,Cranioleuca dissita
29897,Coleto,Sarcops calvus
9226,Colima Pygmy-owl,Glaucidium palmarum
36155,Colima Warbler,Leiothlypis crissalis
15960,Collared Antshrike,Thamnophilus bernardi
11219,Collared Araçari,Pteroglossus torquatus
28052,Collared Babbler,Gampsorhynchus torquatus
31701,Collared Bush-robin,Tarsiger johnstoniae
16835,Collared Crescentchest,Melanopareia torquata
23091,Collared Crow,Corvus torquatus
12848,Collared Falconet,Microhierax caerulescens
24920,Collared Finchbill,Spizixos semitorques
31657,Collared Flycatcher,Ficedula albicollis
12841,Collared Forest-falcon,Micrastur semitorquatus
29426,Collared Gnatwren,Microbates collaris
34182,Collared Grosbeak,Mycerobas affinis
5569,Collared Imperial-pigeon,Ducula mullerii
3106,Collared Inca,Coeligena torquata
10477,Collared Kingfisher,Todiramphus chloris
24174,Collared Lark,Amirafra collaris
28370,Collared Laughingthrush,Trochalopteron yersini
13982,Collared Lory,Vini solitaria
29947,Collared Myna,Acridotheres albocinctus
1824,Collared Nightjar,Gactornis enarratus
9069,Collared Owlet,Taenioptynx brodiei
31383,Collared Palm-thrush,Cichladusa arquata
1020,Collared Partridge,Arborophila gingica
7529,Collared Petrel,Pterodroma brevipes
6575,Collared Plover,Anarhynchus collaris
6898,Collared Pratincole,Glareola pratincola
11008,Collared Puffbird,Bucco capensis
25118,Collared Sand Martin,Riparia riparia
9400,Collared Scops-owl,Otus lettia
8462,Collared Sparrowhawk,Tachyspiza cirrocephala
32342,Collared Sunbird,Hedydipna collaris
35632,Collared Towhee,Pipilo ocai
22953,Collared Treepie,Dendrocitta frontalis
9997,Collared Trogon,Trogon collaris
37327,Collared Warbling-finch,Poospiza hispaniolensis
36514,Collared Whitestart,Myioborus torquatus
664,Colombian Chachalaca,Ortalis columbiana
5700,Colombian Crake,Mustelirallus colombianus
6248,Colombian Grebe,Podiceps andinus
29090,Colombian Wren,
3080,Colorful Puffleg,Eriocnemis mirabilis
325,Comb Duck,Sarkidiornis sylvicola
6632,Comb-crested Jacana,Irediparra gallinacea
28548,Common Babbler,Argya caudata
8892,Common Barn-owl,Tyto alba
8711,Common Black Hawk,Buteogallus anthracinus
4815,Common Bronzewing,Phaps chalcoptera
25033,Common Bulbul,Pycnonotus barbatus
6311,Common Buttonquail,Turnix sylvaticus
37094,Common Cactus-finch,Geospiza scandens
34153,Common Chaffinch,Fringilla coelebs
25725,Common Chiffchaff,Phylloscopus collybita
35080,Common Chlorospingus,Chlorospingus flavopectus
6178,Common Crane,Grus grus
4345,Common Cuckoo,Cuculus canorus
7626,Common Diving-petrel,Pelecanoides urinatrix
505,Common Eider,Somateria mollissima
31,Common Emu,Dromaius novaehollandiae
28810,Common Firecrest,Regulus ignicapilla
22598,Common Fiscal,Lanius collaris
12689,Common Flameback,Dinopium javanense
5896,Common Gallinule,Gallinula galeata
526,Common Goldeneye,Bucephala clangula
36040,Common Grackle,Quiscalus quiscula
26148,Common Grasshopper-warbler,Locustella naevia
22913,Common Green Magpie,Cissa chinensis
6789,Common Greenshank,Tringa nebularia
4873,Common Ground Dove,Columbina passerina
7133,Common Gull,Larus canus
6991,Common Gull-billed Tern,Gelochelidon nilotica
4311,Common Hawk-Cuckoo,Hierococcyx varius
29916,Common Hill Myna,Gracula religiosa
10020,Common Hoopoe,Upupa epops
20500,Common Iora,Aegithina tiphia
26325,Common Jery,Neomixis tenella
12862,Common Kestrel,Falco tinnunculus
10642,Common Kingfisher,Alcedo atthis
34631,Common Linnet,Linaria cannabina
7917,Common Little Bittern,Botaurus minutus
7299,Common Loon,Gavia immer
14501,Common Miner,Geositta cunicularia
5904,Common Moorhen,Gallinula chloropus
7255,Common Murre,Uria aalge
29949,Common Myna,Acridotheres tristis
20329,Common Newtonia,Newtonia brunneicauda
1848,Common Nighthawk,Chordeiles minor
31446,Common Nightingale,Luscinia megarhynchos
1,Common Ostrich,Struthio camelus
10315,Common Paradise-kingfisher,Tanysiptera galatea
1316,Common Pheasant,Phasianus colchicus
487,Common Pochard,Aythya ferina
1954,Common Poorwill,Phalaenoptilus nuttallii
2156,Common Potoo,Nyctibius griseus
1628,Common Quail,Coturnix coturnix
23129,Common Raven,Corvus corax
6774,Common Redshank,Tringa totanus
31731,Common Redstart,Phoenicurus phoenicurus
26052,Common Reed-warbler,Acrocephalus scirpaceus
6468,Common Ringed Plover,Charadrius hiaticula
34302,Common Rosefinch,Carpodacus erythrinus
6764,Common Sandpiper,Actitis hypoleucos
16191,Common Scale-backed Antbird,Willisornis poecilinotus
10064,Common Scimitarbill,Rhinopomastus cyanomelas
520,Common Scoter,Melanitta nigra
346,Common Shelduck,Tadorna tadorna
6743,Common Snipe,Gallinago gallinago
4086,Common Squirrel-cuckoo,Piaya cayana
29990,Common Starling,Sturnus vulgaris
14224,Common Sunbird-Asity,Neodrepanis coruscans
2598,Common Swift,Apus apus
26933,Common Tailorbird,Orthotomus sutorius
448,Common Teal,Anas crecca
7034,Common Tern,Sterna hirundo
17482,Common Tody-flycatcher,Todirostrum cinereum
17762,Common Vermilion Flycatcher,Pyrocephalus rubinus
33615,Common Waxbill,Estrilda astrild
6914,Common White Tern,
27155,Common Whitethroat,Curruca communis
4457,Common Woodpigeon,Columba palumbus
20384,Common Woodshrike,Tephrodornis pondicerianus
36201,Common Yellowthroat,Geothlypis trichas
20311,Comoro Blue Vanga,Cyanolanius comorensis
5469,Comoro Blue-pigeon,Alectroenas sganzini
20596,Comoro Cuckooshrike,Ceblepyris cucullatus
21899,Comoro Drongo,Dicrurus fuscipennis
5232,Comoro Green-pigeon,Treron griveaudi
4475,Comoro Olive-pigeon,Columba pollenii
13596,Comoro Parrot,Coracopsis sibilans
30523,Comoro Thrush,Turdus bewsheri
33150,Compact Weaver,Pachyphantes superciliosus
37105,Cone-billed Tanager,Conothraupis mesoleuca
31882,Congo Moor Chat,Myrmecocichla tholloni
1430,Congo Peafowl,Afropavo congensis
10110,Congo Pied Hornbill,Lophoceros fasciatus
25117,Congo Sand Martin,Riparia congica
8296,Congo Serpent-eagle,Circaetus spectabilis
32566,Congo Sunbird,Cinnyris congensis
36163,Connecticut Warbler,Oporornis agilis
26022,Cook Islands Reed-warbler,Acrocephalus kerearako
7532,Cook's Petrel,Pterodroma cookii
2635,Cook's Swift,Apus cooki
8591,Cooper's Hawk,Astur cooperii
16966,Coopmans's Elaenia,Elaenia brachyptera
17174,Coopmans's Tyrannulet,
1302,Copper Pheasant,Syrmaticus soemmerringii
37297,Copper Seedeater,Sporophila bouvreuil
32616,Copper Sunbird,Cinnyris cupreus
3590,Copper-rumped Hummingbird,Saucerottia tobaci
3585,Copper-tailed Hummingbird,Saucerottia cupreicauda
30010,Copper-tailed Starling,Hylopsar cupreocauda
32472,Copper-throated Sunbird,Leptocoma calcostetha
19989,Copperback Quail-thrush,Cinclosoma clarum
11384,Coppersmith Barbet,Psilopogon haemacephalus
3390,Coppery Emerald,Chlorostilbon russatus
3036,Coppery Metaltail,Metallura theresiae
2901,Coppery Thorntail,Discosura letitiae
3069,Coppery-bellied Puffleg,Eriocnemis cupreoventris
10959,Coppery-chested Jacamar,Galbula pastazae
3498,Coppery-headed Emerald,Microchera cupreiceps
3075,Coppery-naped Puffleg,
3940,Coppery-tailed Coucal,Centropus cupreicaudus
9988,Coppery-tailed Trogon,
4016,Coquerel's Coua,Coua coquereli
1520,Coqui Francolin,Campocolinus coqui
4001,Coral-billed Ground-cuckoo,Carpococcyx renauldi
27875,Coral-billed Scimitar-babbler,Pomatorhinus ferruginosus
29056,Coraya Wren,Pheugopedius coraya
16294,Cordillera Azul Antbird,Myrmoderus eowilsoni
26107,Cordillera Ground-warbler,Robsonius rabori
15377,Cordilleran Canastero,Asthenes modesta
17748,Cordilleran Flycatcher,
13567,Cordilleran Parakeet,Psittacara frontatus
15032,Cordoba Cinclodes,Cinclodes comechingonus
34909,Corn Bunting,Emberiza calandra
5789,Corncrake,Crex crex
5393,Coroneted Fruit-dove,Ptilinopus coronulatus
34134,Correndera Pipit,Anthus correndera
34711,Corsican Finch,Carduelis corsicana
29554,Corsican Nuthatch,Sitta whiteheadi
7556,Cory's Shearwater,Calonectris borealis
297,Coscoroba Swan,Coscoroba coscoroba
35248,Costa Rican Brushfinch,Arremon costaricensis
35571,Costa Rican Ground-sparrow,Melozone cabanisi
9220,Costa Rican Pygmy-owl,Glaucidium costaricanum
2509,Costa Rican Swift,Chaetura fumosa
36453,Costa Rican Warbler,Basileuterus melanotis
3314,Costa's Hummingbird,Calypte costae
362,Cotton Pygmy-goose,Nettapus coromandelianus
18061,Couch's Kingbird,Tyrannus couchii
14140,Coxen's Fig-parrot,
3359,Cozumel Emerald,Cynanthus forficatus
29738,Cozumel Thrasher,Toxostoma guttatum
21569,Cozumel Vireo,Vireo bairdi
29251,Cozumel Wren,Troglodytes beani
6848,Crab-plover,Dromas ardeola
14939,Crag Earthcreeper,Ochetorhynchus melanurus
8690,Crane Hawk,Geranospiza caerulescens
7271,Craveri's Murrelet,Synthliboramphus craveri
12584,Cream-backed Woodpecker,Campephilus leucopogon
5297,Cream-bellied Fruit-dove,Ptilinopus merrilli
27388,Cream-browed White-eye,Heleia superciliaris
12498,Cream-colored Woodpecker,Celeus flavus
6878,Cream-coloured Courser,Cursorius cursor
35708,Cream-crowned Brushfinch,
24943,Cream-eyed Bulbul,Pycnonotus pseudosimplex
24771,Cream-striped Bulbul,Ixos leucogrammicus
27593,Cream-throated White-eye,Zosterops atriceps
24923,Cream-vented Bulbul,Pycnonotus simplex
15038,Cream-winged Cinclodes,Cinclodes albiventris
15899,Creamy-bellied Antwren,Herpsilochmus motacilloides
29455,Creamy-bellied Gnatcatcher,Polioptila lactea
30744,Creamy-bellied Thrush,Turdus amaurochalinus
15336,Creamy-breasted Canastero,Asthenes dorbignyi
14125,Creamy-breasted Fig-parrot,
15469,Creamy-crested Spinetail,Cranioleuca albicapilla
14527,Creamy-rumped Miner,Geositta isabellina
19239,Crescent Honeyeater,Phylidonyris pyrrhopterus
27822,Crescent-chested Babbler,Cyanoderma melanothorax
36142,Crescent-chested Warbler,Oreothlypis superciliosa
16676,Crescent-faced Antpitta,Grallaricula lineifrons
36602,Crested Ant-tanager,Driophlox cristata
7223,Crested Auklet,Aethia cristatella
11407,Crested Barbet,Trachyphonus vaillantii
18622,Crested Becard,Pachyramphus validus
20975,Crested Bellbird,Oreoica gutturalis
17841,Crested Black-tyrant,Knipolegus lophotes
909,Crested Bobwhite,Colinus cristatus
34907,Crested Bunting,Emberiza lathami
12802,Crested Caracara,Caracara plancus
4003,Crested Coua,Coua cristata
4769,Crested Cuckoo-Dove,Reinwardtoena crassirostris
17114,Crested Doradito,Pseudocolopteryx sclateri
21895,Crested Drongo,Dicrurus forficatus
370,Crested Duck,Lophonetta specularioides
8312,Crested Eagle,Morphnus guianensis
24917,Crested Finchbill,Spizixos canifrons
1492,Crested Francolin,Ortygornis sephaena
16727,Crested Gallito,Rhinocrypta lanceolata
8394,Crested Goshawk,Lophospiza trivirgata
697,Crested Guan,Penelope purpurascens
14988,Crested Hornero,Furnarius cristatus
22516,Crested Jayshrike,Platylophus galericulatus
10755,Crested Kingfisher,Megaceryle lugubris
24334,Crested Lark,Galerida cristata
33209,Crested Malimbe,Malimbus malimbicus
29934,Crested Myna,Acridotheres cristatellus
35824,Crested Oropendola,Psarocolius decumanus
9698,Crested Owl,Lophostrix cristata
1008,Crested Partridge,Rollulus rouloul
4826,Crested Pigeon,Ocyphaps lophotes
4938,Crested Quail-Dove,Geotrygon versicolor
9926,Crested Quetzal,Pharomachrus antisianus
8265,Crested Serpent-eagle,Spilornis cheela
351,Crested Shelduck,Tadorna cristata
15456,Crested Spinetail,Cranioleuca subcristata
23622,Crested Tit,Lophophanes cristatus
25602,Crested Tit-warbler,Leptopoecile elegans
2242,Crested Treeswift,Hemiprocne coronata
27391,Crested White-eye,Heleia dohertyi
739,Crestless Curassow,Mitu tomentosum
34951,Cretzschmar's Bunting,Emberiza caesia
26762,Cricket Warbler,Spiloptila clamans
18955,Crimson Chat,Epthianura tricolor
18281,Crimson Fruitcrow,Haematoderus militaris
13851,Crimson Rosella,Platycercus elegans
33701,Crimson Seedcracker,Pyrenestes sanguineus
13887,Crimson Shining-parrot,Prosopeia splendens
32744,Crimson Sunbird,Aethopyga siparaja
2661,Crimson Topaz,Topaza pella
32432,Crimson-backed Sunbird,Leptocoma minima
37182,Crimson-backed Tanager,Ramphocelus dimidiatus
13391,Crimson-bellied Parakeet,Pyrrhura perlata
12565,Crimson-bellied Woodpecker,Campephilus haematogaster
37155,Crimson-breasted Finch,Rhodospingus cruentus
32078,Crimson-breasted Flowerpecker,Prionochilus percussus
20271,Crimson-breasted Gonolek,Laniarius atrococcineus
12132,Crimson-breasted Woodpecker,Dryobates pernyii
34376,Crimson-browed Finch,Carpodacus subhimachalus
36681,Crimson-collared Grosbeak,Periporphyrus celaeno
37168,Crimson-collared Tanager,Ramphocelus sanguinolentus
12572,Crimson-crested Woodpecker,Campephilus melanoleucos
32186,Crimson-crowned Flowerpecker,Dicaeum nehrkorni
37764,Crimson-fronted Cardinal,Paroaria baeri
13577,Crimson-fronted Parakeet,Psittacara finschi
1451,Crimson-headed Partridge,Haematortyx sanguiniceps
18433,Crimson-hooded Manakin,Pipra aureola
12389,Crimson-mantled Woodpecker,Colaptes rivolii
19139,Crimson-rumped Myzomela,Myzomela eichhorni
11276,Crimson-rumped Toucanet,Aulacorhynchus haematopygus
33635,Crimson-rumped Waxbill,Estrilda rhodopyga
12626,Crimson-winged Woodpecker,Picus puniceus
23177,Crinkle-collared Manucode,Manucodia chalybatus
29760,Crissal Thrasher,Toxostoma crissale
26481,Croaking Cisticola,Cisticola natalensis
4909,Croaking Ground Dove,Columbina cruziana
31219,Crocker Jungle-flycatcher,Cyornis ruficrissa
30416,Crossley's Ground-thrush,Geokichla crossleyi
20335,Crossley's Vanga,Mystacornis crossleyi
19290,Crow Honeyeater,Gymnomyza aubryana
21782,Crow-billed Drongo,Dicrurus annectens
17909,Crowned Chat-tyrant,Silvicultrix frontalis
7726,Crowned Cormorant,Microcarbo coronatus
8314,Crowned Eagle,Stephanoaetus coronatus
10101,Crowned Hornbill,Lophoceros alboterminatus
6513,Crowned Lapwing,Vanellus coronatus
4387,Crowned Sandgrouse,Pterocles coronatus
18051,Crowned Slaty Flycatcher,Empidonomus aurantioatrocristatus
8729,Crowned Solitary Eagle,Buteogallus coronatus
3466,Crowned Woodnymph,Thalurania colombica
7799,Crozet Shag,Leucocarbo melanogenis
16483,Cryptic Antthrush,Chamaeza meruloides
18590,Cryptic Becard,Pachyramphus salvini
31688,Cryptic Flycatcher,Ficedula crypta
12839,Cryptic Forest-falcon,Micrastur mintoni
19397,Cryptic Honeyeater,Meliphaga imitatrix
15072,Cryptic Treehunter,Cichlocolaptes mazarbarnetti
26312,Cryptic Warbler,Cryptosylvicola randrianasoloi
13271,Cuban Amazon,Amazona leucocephala
8718,Cuban Black Hawk,Buteogallus gundlachii
36035,Cuban Blackbird,Ptiloxena atroviolacea
37018,Cuban Bullfinch,Melopyrrha nigra
23079,Cuban Crow,Corvus nasicus
3340,Cuban Emerald,Riccordia ricordii
29460,Cuban Gnatcatcher,Polioptila lembeyei
37023,Cuban Grassquit,Phonipara canora
11881,Cuban Green Woodpecker,Xiphidiopicus percussus
8170,Cuban Kite,Chondrohierax wilsonii
4136,Cuban Lizard-cuckoo,Coccyzus merlini
13528,Cuban Macaw,Ara tricolor
25170,Cuban Martin,Progne cryptoleuca
1969,Cuban Nightjar,Antrostomus cubanensis
35950,Cuban Oriole,Icterus melanopsis
23076,Cuban Palm Crow,Corvus minutus
13582,Cuban Parakeet,Psittacara euops
17707,Cuban Pewee,Contopus caribaeus
9259,Cuban Pygmy-owl,Glaucidium siju
30196,Cuban Solitaire,Myadestes elisabeth
10776,Cuban Tody,Todus multicolor
9928,Cuban Trogon,Priotelus temnurus
21586,Cuban Vireo,Vireo gundlachii
9850,Cuckoo Roller,Leptosomus discolor
33815,Cuckoo-finch,Anomalospiza imberbis
16542,Cundinamarca Antpitta,Grallaria kaestneri
30049,Cunene Long-tailed Starling,
11196,Curl-crested Araçari,Pteroglossus beauharnaisii
22728,Curl-crested Jay,Cyanocorax cristatellus
23178,Curl-crested Manucode,Manucodia comrii
6814,Curlew Sandpiper,Calidris ferruginea
15003,Curve-billed Reedhaunter,Limnornis curvirostris
14828,Curve-billed Scythebill,Campylorhamphus procurvoides
29749,Curve-billed Thrasher,Toxostoma curvirostre
185,Curve-billed Tinamou,Nothoprocta curvirostris
3407,Curve-winged Sabrewing,Pampa curvipennis
33657,Cut-throat Finch,Amadina fasciata
11168,Cuvier's Toucan,
35722,Cuzco Brushfinch,Atlapetes canigenis
3121,Cuzco Starfrontlet,
36387,Cuzco Warbler,Myiothlypis chrysogaster
9322,Cyprus Scops-owl,Otus cyprius
27138,Cyprus Warbler,Curruca melanothorax
31929,Cyprus Wheatear,Oenanthe cypriaca
11422,D'Arnaud's Barbet,Trachyphonus darnaudii
30779,Daguae Thrush,
26180,Dalat Bush Warbler,Locustella idonea
8097,Dalmatian Pelican,Pelecanus crispus
31692,Damar Flycatcher,Ficedula henrici
10078,Damara Red-billed Hornbill,Tockus damarensis
6987,Damara Tern,Sternula balaenarum
26569,Dambo Cisticola,Cisticola dambo
28781,Dapple-throat,Arcanator orostruthus
12264,Darjeeling Woodpecker,Dendrocopos darjellensis
20020,Dark Batis,Batis crypta
8412,Dark Chanting-goshawk,Melierax metabates
4309,Dark Hawk-Cuckoo,Hierococcyx bocki
20325,Dark Newtonia,Newtonia amphichroa
17673,Dark Pewee,Contopus lugubris
5581,Dark-backed Imperial-pigeon,Ducula lacernulata
28418,Dark-backed Sibia,Heterophasia melanoleuca
33166,Dark-backed Weaver,Ploceus bicolor
951,Dark-backed Wood-quail,Odontophorus melanonotus
15060,Dark-bellied Cinclodes,Cinclodes patagonicus
4109,Dark-billed Cuckoo,Coccyzus melacoryphus
12009,Dark-bodied Woodpecker,
34267,Dark-breasted Rosefinch,Procarduelis nipalensis
15579,Dark-breasted Spinetail,Synallaxis albigularis
5153,Dark-eared Brown-dove,Phapitreron brunneiceps
18907,Dark-eared Myza,Myza celebensis
23861,Dark-eyed Black Tit,Melaniparus leucomelas
35351,Dark-eyed Junco,Junco hyemalis
27714,Dark-eyed White-eye,Zosterops tetiparius
17805,Dark-faced Ground-tyrant,Muscisaxicola maclovianus
27757,Dark-fronted Babbler,Dumetia atriceps
26943,Dark-necked Tailorbird,Orthotomus atrogularis
34333,Dark-rumped Rosefinch,Carpodacus edwardsii
2637,Dark-rumped Swift,Apus acuticauda
31061,Dark-sided Flycatcher,Muscicapa sibirica
30358,Dark-sided Thrush,Zoothera marginata
4466,Dark-tailed Laurel-pigeon,Columba bollii
21689,Dark-throated Oriole,Oriolus xanthonotus
37303,Dark-throated Seedeater,Sporophila ruficollis
14526,Dark-winged Miner,Geositta saxicolina
27166,Dartford Warbler,Curruca undata
190,Darwin's Nothura,Nothura darwinii
23019,Daurian Jackdaw,Coloeus dauuricus
1297,Daurian Partridge,Perdix dauurica
31735,Daurian Redstart,Phoenicurus auroreus
28301,David's Fulvetta,Alcippe davidi
31264,Dayak Blue Flycatcher,Cyornis montanus
32968,Dead Sea Sparrow,Passer moabiticus
37560,Deep-blue Flowerpiercer,Diglossa glauca
26656,Delicate Prinia,Prinia lepida
15431,Delta Amacuro Softtail,Thripophaga amacurensis
6175,Demoiselle Crane,Anthropoides virgo
3810,Denham's Bustard,Neotis denhami
15268,Des Murs's Wiretail,Sylviorthorhynchus desmursii
26549,Desert Cisticola,Cisticola aridulus
34489,Desert Finch,Rhodospiza obsoleta
24008,Desert Lark,Ammomanes deserti
32959,Desert Sparrow,Passer simplex
9742,Desert Tawny Owl,Strix hadorami
31919,Desert Wheatear,Oenanthe deserti
7495,Desertas Petrel,
13286,Diademed Amazon,
6462,Diademed Plover,Phegornis mitchellii
37748,Diademed Tanager,Stephanophorus diadematus
16771,Diademed Tapaculo,Scytalopus schulenbergi
3441,Diamantina Sabrewing,Campylopterus diamantinensis
16743,Diamantina Tapaculo,Scytalopus diamantinensis
4851,Diamond Dove,Geopelia cuneata
33315,Diamond Firetail,Stagonopleura guttata
9879,Diard's Trogon,Harpactes diardii
36693,Dickcissel,Spiza americana
12916,Dickinson's Kestrel,Falco dickinsoni
4190,Diederik Cuckoo,Chrysococcyx caprius
5873,Dieffenbach's Rail,Gallirallus dieffenbachii
10679,Dimorphic Dwarf-kingfisher,Ceyx margarethae
7980,Dimorphic Egret,
22071,Dimorphic Fantail,Rhipidura brachyrhyncha
19972,Dimorphic Jewel-babbler,Ptilorrhoa geislerorum
17113,Dinelli's Doradito,Pseudocolopteryx dinelliana
37742,Diuca Finch,Diuca diuca
26287,Dja River Swamp-warbler,Bradypterus grandis
22510,Djaul Flycatcher,
22353,Djaul Monarch,
1722,Djibouti Spurfowl,Pternistis ochropectus
5133,Dodo,Raphus cucullatus
20139,Doherty's Bushshrike,Telophorus dohertyi
27060,Dohrn's Warbler,Sylvia dohrni
7112,Dolphin Gull,Leucophaeus scoresbii
26302,Donacobius,Donacobius atricapilla
2063,Donaldson Smith's Nightjar,Caprimulgus donaldsoni
32988,Donaldson Smith's Sparrow-Weaver,Plocepasser donaldsoni
8612,Doria's Goshawk,Megatriorchis doriae
26498,Dorst's Cisticola,Cisticola guinea
16318,Dot-backed Antbird,Hylophylax punctulatus
2904,Dot-eared Coquette,Lophornis gouldii
12168,Dot-fronted Woodpecker,Dryobates frontalis
15694,Dot-winged Antwren,Microrhopias quixensis
5998,Dot-winged Crake,Laterallus spilopterus
37776,Dotted Tanager,Ixothraupis varia
6849,Double-banded Courser,Smutsornis africanus
15416,Double-banded Greytail,Xenerpestes minlosi
6561,Double-banded Plover,Anarhynchus bicinctus
17422,Double-banded Pygmy-tyrant,Lophotriccus vitiosus
4412,Double-banded Sandgrouse,Pterocles bicinctus
33336,Double-barred Finch,Stizoptera bichenovii
37233,Double-collared Seedeater,Sporophila caerulescens
7771,Double-crested Cormorant,Nannopterum auritum
14132,Double-eyed Fig-parrot,Cyclopsitta diophthalma
1746,Double-spurred Spurfowl,Pternistis bicalcaratus
6351,Double-striped Thick-knee,Hesperoburhinus bistriatus
11595,Double-toothed Barbet,Pogonornis bidentatus
8643,Double-toothed Kite,Harpagus bidentatus
12118,Downy Woodpecker,Dryobates pubescens
37319,Drab Hemispingus,Pseudospingus xanthophthalmus
19041,Drab Myzomela,Myzomela blasii
37291,Drab Seedeater,Sporophila simplex
2310,Drab Swiftlet,Collocalia neglecta
17779,Drab Water-tyrant,Ochthornis littoralis
21228,Drab Whistler,Pachycephala griseonota
17348,Drab-breasted Bamboo-tyrant,Hemitriccus diops
26721,Drakensberg Prinia,Prinia hypoxantha
23496,Drakensberg Rockjumper,Chaetops aurantius
34566,Drakensberg Siskin,Crithagra symonsi
22137,Drongo Fantail,Chaetorhynchus papuensis
5815,Drummer Rail,Gallirallus wallacii
37242,Dubois's Seedeater,Sporophila ardesiaca
13974,Duchess Lorikeet,Vini margarethae
15904,Dugand's Antwren,Herpsilochmus dugandi
36770,Duida Grass-finch,Emberizoides duidae
14891,Duida Woodcreeper,Lepidocolaptes duidae
2186,Dulit Frogmouth,Batrachostomus harterti
1279,Dulit Partridge,Rhizothera dulitensis
31176,Dull-blue Flycatcher,Eumyias sordidus
37049,Dull-colored Grassquit,Asemospiza obscura
16361,Dull-mantled Antbird,Sipia laemosticta
24116,Dune Lark,Calendulauda erythrochlamys
6823,Dunlin,Calidris alpina
24472,Dunn's Lark,Eremalauda dunni
33861,Dunnock,Prunella modularis
24469,Dupont's Lark,Chersophilus duponti
16270,Dusky Antbird,Cercomacroides tyrannina
28613,Dusky Babbler,Turdoides tenebrosa
14233,Dusky Broadbill,Corydon sumatranus
35120,Dusky Chlorospingus,Chlorospingus semifuscus
25229,Dusky Crag Martin,Ptyonoprogne concolor
23554,Dusky Crested-flycatcher,Elminia nigromitrata
33542,Dusky Crimsonwing,Cryptospiza jacksoni
9569,Dusky Eagle-owl,Ketupa coromanda
22052,Dusky Fantail,Rhipidura tenebrosa
19169,Dusky Friarbird,Philemon fuscicapillus
28078,Dusky Fulvetta,Schoeniparus brunneus
19807,Dusky Gerygone,Gerygone tenebrosa
18903,Dusky Grasswren,Amytornis purnelli
1152,Dusky Grouse,Dendragapus obscurus
3339,Dusky Hummingbird,Phaeoptila sordida
33789,Dusky Indigobird,Vidua funerea
24002,Dusky Lark,Pinarocorys nigricans
14457,Dusky Leaftosser,Sclerurus obscurior
4283,Dusky Long-tailed Cuckoo,Cercococcyx mechowi
14021,Dusky Lory,Chalcopsitta fuscata
5892,Dusky Moorhen,Gallinula tenebrosa
33414,Dusky Munia,Lonchura fuscans
19060,Dusky Myzomela,Myzomela obscura
1994,Dusky Nightjar,Antrostomus saturatus
13227,Dusky Parrot,Pionus fuscus
4588,Dusky Pigeon,Patagioenas goodsoni
18302,Dusky Piha,Lipaugus fuscocinereus
18551,Dusky Purpletuft,Iodopleura fusca
23442,Dusky Robin,Melanodryas vittata
600,Dusky Scrubfowl,Megapodius freycinet
15564,Dusky Spinetail,Synallaxis moesta
32611,Dusky Sunbird,Cinnyris fuscus
16750,Dusky Tapaculo,Scytalopus fuscus
26323,Dusky Tetraka,Crossleyia tenebrosa
30650,Dusky Thrush,Turdus eunomus
23872,Dusky Tit,Melaniparus funereus
4610,Dusky Turtle-dove,Streptopelia lugens
33727,Dusky Twinspot,Euschistospiza cinereovinacea
25708,Dusky Warbler,Phylloscopus fuscatus
27684,Dusky White-eye,Zosterops finschii
20432,Dusky Woodswallow,Artamus cyanopterus
10928,Dusky-backed Jacamar,Brachygalba salmoni
13338,Dusky-billed Parrotlet,Forpus modestus
31039,Dusky-blue Flycatcher,Bradornis comitatus
18115,Dusky-capped Flycatcher,Myiarchus tuberculifer
21444,Dusky-capped Greenlet,Pachysylvia hypoxantha
14895,Dusky-capped Woodcreeper,Lepidocolaptes fuscicapillus
14128,Dusky-cheeked Fig-parrot,Nannopsittacus melanogenia
15065,Dusky-cheeked Foliage-gleaner,Anabazenops dorsalis
17995,Dusky-chested Flycatcher,Myiozetetes luteiventris
36522,Dusky-faced Tanager,Mitrospingus cassinii
35823,Dusky-green Oropendola,Psarocolius atrovirens
35673,Dusky-headed Brushfinch,Atlapetes fuscoolivaceus
13508,Dusky-headed Parakeet,Aratinga weddellii
709,Dusky-legged Guan,Penelope obscura
16208,Dusky-tailed Antbird,Drymophila malura
15494,Dusky-tailed Canastero,Pseudasthenes humicola
18189,Dusky-tailed Flatbill,Ramphotrigon fuscicauda
15873,Dusky-throated Antshrike,Thamnomanes ardesiacus
2703,Dusky-throated Hermit,Phaethornis squalidus
12527,Dusky-winged Woodpecker,
7916,Dwarf Bittern,Botaurus sturmii
27,Dwarf Cassowary,Casuarius bennetti
4084,Dwarf Cuckoo,Coccycua pumila
5456,Dwarf Fruit-dove,Ptilinopus nainus
11614,Dwarf Honeyguide,Indicator pumilio
7835,Dwarf Ibis,Bostrychia bocagei
22706,Dwarf Jay,Cyanolyca nanus
4154,Dwarf Koel,Microdynamis parva
8458,Dwarf Sparrowhawk,Tachyspiza nanus
207,Dwarf Tinamou,Taoniscus nanus
18328,Dwarf Tyrant-manakin,Tyranneutes stolzmanni
21598,Dwarf Vireo,Vireo nelsoni
33726,Dybowski's Twinspot,Euschistospiza dybowskii
5036,Eared Dove,Zenaida auriculata
14306,Eared Pitta,Hydrornis phayrei
1947,Eared Poorwill,Nyctiphrynus mcleodii
17403,Eared Pygmy-tyrant,Myiornis auricularis
9911,Eared Quetzal,Euptilotis neoxenus
34513,East African Citril,Crithagra hyposticta
16220,East Andean Antbird,Drymophila caudata
660,East Brazilian Chachalaca,Ortalis araucuan
31413,East Coast Akalat,Sheppardia gunningi
20043,East Coast Batis,Batis soror
8918,Eastern Barn-Owl,Tyto javanica
14630,Eastern Barred Woodcreeper,
24598,Eastern Bearded Greenbul,Criniger chloronotus
31927,Eastern Black-eared Wheatear,Oenanthe melanoleuca
20047,Eastern Black-headed Batis,Batis minor
21714,Eastern Black-headed Oriole,Oriolus larvatus
18501,Eastern Black-tailed Tityra,
30147,Eastern Bluebird,Sialia sialis
25669,Eastern Bonelli's Warbler,Phylloscopus orientalis
19519,Eastern Bristlebird,Dasyornis brachypterus
5105,Eastern Bronze Ground Dove,
4502,Eastern Bronze-naped Pigeon,Columba delegorguei
8062,Eastern Cattle Egret,Ardea coromanda
8418,Eastern Chanting-goshawk,Melierax poliopterus
35733,Eastern Chat-tanager,Calyptophilus frugivorus
24201,Eastern Clapper Lark,Corypha fasciolata
19932,Eastern Crested Berrypecker,Paramythia montium
803,Eastern Crested Guineafowl,Guttera pucherani
22179,Eastern Crested-flycatcher,
25406,Eastern Crombec,
25736,Eastern Crowned Warbler,Phylloscopus coronatus
32541,Eastern Double-collared Sunbird,Cinnyris mediocris
10146,Eastern Dwarf Hornbill,Horizocerus granti
31320,Eastern Forest-robin,Stiphrornis mabirae
11472,Eastern Green Tinkerbird,Pogoniulus simplex
18609,Eastern Grey-collared Becard,Pachyramphus major
14414,Eastern Hooded Pitta,Pitta novaeguineae
25285,Eastern House Martin,Delichon lagopodum
8375,Eastern Imperial Eagle,Aquila heliaca
18075,Eastern Kingbird,Tyrannus tyrannus
4170,Eastern Koel,Eudynamys orientalis
23993,Eastern Long-billed Lark,Certhilauda semitorquata
10151,Eastern Long-tailed Hornbill,Horizocerus cassini
8628,Eastern Marsh-harrier,Circus spilonotus
35772,Eastern Meadowlark,Sturnella magna
32506,Eastern Miombo Sunbird,Cinnyris manoensis
24586,Eastern Mountain Greenbul,Arizelocichla nigriceps
2992,Eastern Mountaineer,Oreonympha nobilis
28691,Eastern Moustached Laughingthrush,
23949,Eastern Nicator,Nicator gularis
17521,Eastern Olivaceous Flatbill,Rhynchocyclus olivaceus
26086,Eastern Olivaceous Warbler,Iduna pallida
14532,Eastern Olivaceous Woodcreeper,Sittasomus griseicapillus
17339,Eastern Ornate Flycatcher,
5338,Eastern Ornate Fruit-dove,
15719,Eastern Ornate Stipplethroat,
27121,Eastern Orphean Warbler,Curruca crassirostris
23220,Eastern Parotia,Parotia helenae
17644,Eastern Phoebe,Sayornis phoebe
10127,Eastern Piping Hornbill,
3740,Eastern Plantain-eater,Crinifer zonurus
30683,Eastern Red-legged Thrush,
11197,Eastern Red-necked Araçari,Pteroglossus bitorquatus
25297,Eastern Red-rumped Swallow,Cecropis daurica
29566,Eastern Rock Nuthatch,Sitta tephronota
7331,Eastern Rockhopper Penguin,
13868,Eastern Rosella,Platycercus eximius
15690,Eastern Russet Antshrike,
9632,Eastern Screech-owl,Megascops asio
24424,Eastern Short-toed Lark,Calandrella dukhunensis
20982,Eastern Shrike-tit,Falcunculus frontatus
30742,Eastern Slaty Thrush,Turdus subalaris
28466,Eastern Spectacled Barwing,
18915,Eastern Spinebill,Acanthorhynchus tenuirostris
422,Eastern Spot-billed Duck,Anas zonorhyncha
4673,Eastern Spotted Dove,Spilopelia chinensis
11014,Eastern Striolated Puffbird,Nystalus striolatus
27152,Eastern Subalpine Warbler,Curruca cantillans
23237,Eastern Superb Bird-of-paradise,Lophorina minor
5343,Eastern Superb Fruit-dove,Ptilinopus superbus
35626,Eastern Towhee,Pipilo erythrophthalmus
32326,Eastern Violet-backed Sunbird,Anthreptes orientalis
5778,Eastern Water Rail,Rallus indicus
20739,Eastern Wattled Cuckooshrike,Lobotos oriolinus
2802,Eastern Wedge-billed Hummingbird,Schistes geoffroyi
1984,Eastern Whip-poor-will,Antrostomus vociferus
19948,Eastern Whipbird,Psophodes olivaceus
17577,Eastern White-throated Spadebill,Platyrinchus mystaceus
17691,Eastern Wood-pewee,Contopus virens
23467,Eastern Yellow Robin,Eopsaltria australis
33889,Eastern Yellow Wagtail,Motacilla tschutschensis
11404,Eastern Yellow-billed Barbet,Trachylaemus purpuratus
10095,Eastern Yellow-billed Hornbill,Tockus flavirostris
11516,Eastern Yellow-spotted Barbet,Buccanodon duchaillui
13802,Echo Parakeet,Psittacula eques
35841,Ecuadorian Cacique,Cacicus sclateri
4898,Ecuadorian Ground Dove,Columbina buckleyi
2778,Ecuadorian Hermit,
2960,Ecuadorian Hillstar,Oreotrochilus chimborazo
11696,Ecuadorian Piculet,Picumnus sclateri
2923,Ecuadorian Piedtail,Phlogophilus hemileucurus
5769,Ecuadorian Rail,Rallus aequatorialis
36687,Ecuadorian Seedeater,Amaurospiza aequatorialis
16817,Ecuadorian Tapaculo,Scytalopus robbinsi
30829,Ecuadorian Thrush,Turdus maculirostris
9938,Ecuadorian Trogon,Trogon mesurus
17208,Ecuadorian Tyrannulet,Phylloscartes gualaquizae
2438,Edible-nest Swiftlet,Aerodramus fuciphagus
14117,Edwards's Fig-parrot,Cyclopsitta edwardsii
330,Egyptian Goose,Alopochen aegyptiaca
2022,Egyptian Nightjar,Caprimulgus aegyptius
6611,Egyptian Plover,Pluvianus aegyptius
8161,Egyptian Vulture,Neophron percnopterus
22285,Eiao Monarch,Pomarea fluxa
13446,El Oro Parakeet,Pyrrhura orcesi
16846,Elegant Crescentchest,Melanopareia elegans
208,Elegant Crested Tinamou,Eudromia elegans
34785,Elegant Euphonia,Chlorophonia elegantissima
19399,Elegant Honeyeater,Meliphaga cinereifrons
18559,Elegant Mourner,Laniisoma elegans
13932,Elegant Parrot,Neophema elegans
14434,Elegant Pitta,Pitta elegans
845,Elegant Quail,Callipepla douglasii
32702,Elegant Sunbird,Aethopyga duyvenbodei
7060,Elegant Tern,Thalasseus elegans
23611,Elegant Tit,Periparus elegans
9986,Elegant Trogon,Trogon elegans
14738,Elegant Woodcreeper,Xiphorhynchus elegans
12925,Eleonora's Falcon,Falco eleonorae
9075,Elf Owl,Micrathene whitneyi
36220,Elfin Woods Warbler,Setophaga angelae
1548,Elgon Francolin,Scleroptila elgonensis
28362,Elliot's Laughingthrush,Trochalopteron elliotii
1310,Elliot's Pheasant,Syrmaticus ellioti
12071,Elliot's Woodpecker,Dendropicos elliotii
16530,Elusive Antpitta,Grallaria eludens
25799,Emei Leaf-warbler,Phylloscopus emeiensis
28503,Emei Shan Liocichla,Liocichla omeiensis
30035,Emerald Starling,Lamprotornis iris
37937,Emerald Tanager,Tangara florida
11251,Emerald Toucanet,Aulacorhynchus prasinus
3081,Emerald-bellied Puffleg,Eriocnemis aline
3415,Emerald-chinned Hummingbird,Abeillia abeillei
13786,Emerald-collared Parakeet,Psittacula calthrapae
4775,Emerald-spotted Wood-dove,Turtur chalcospilos
11426,Emin's Barbet,
22592,Emin's Shrike,Lanius gubernator
23299,Emperor Bird-of-paradise,Paradisaea guilielmi
18800,Emperor Fairywren,Malurus cyanocephalus
270,Emperor Goose,Anser canagicus
7304,Emperor Penguin,Aptenodytes forsteri
3205,Empress Brilliant,Heliodoxa imperatrix
4721,Enggano Cuckoo-Dove,Macropygia cinnamomea
5499,Enggano Imperial-pigeon,Ducula oenothorax
9388,Enggano Scops-owl,Otus enganensis
30458,Enggano Thrush,Geokichla leucolaema
35967,Epaulet Oriole,Icterus cayanensis
31435,Equatorial Akalat,Sheppardia aequatorialis
16576,Equatorial Antpitta,Grallaria saturata
15419,Equatorial Greytail,Xenerpestes singularis
1719,Erckel's Spurfowl,Pternistis erckelii
7339,Erect-crested Penguin,Eudyptes sclateri
6668,Eskimo Curlew,Numenius borealis
16354,Esmeraldas Antbird,Sipia nigricauda
3291,Esmeraldas Woodstar,Chaetocercus berlepschi
37087,Espanola Cactus-finch,Geospiza conirostris
29726,Espanola Mockingbird,Mimus macdonaldi
10872,Ethiopian Bee-eater,Merops lafresnayii
21721,Ethiopian Black-headed Oriole,Oriolus monacha
20241,Ethiopian Boubou,Laniarius aethiopicus
22979,Ethiopian Bushcrow,Zavattariornis stresemanni
26452,Ethiopian Cisticola,Cisticola lugubris
33771,Ethiopian Firefinch,Lagonosticta larvata
34725,Ethiopian Siskin,Serinus nigriceps
25269,Ethiopian Swallow,Hirundo aethiopica
30468,Ethiopian Thrush,Turdus simensis
27501,Ethiopian White-eye,Zosterops poliogastrus
17625,Euler's Flycatcher,Lathrotriccus euleri
19475,Eungella Honeyeater,Bolemoreus hindwoodi
7894,Eurasian Bittern,Botaurus stellaris
30537,Eurasian Blackbird,Turdus merula
27049,Eurasian Blackcap,Sylvia atricapilla
23772,Eurasian Blue Tit,Cyanistes caeruleus
34241,Eurasian Bullfinch,Pyrrhula pyrrhula
8837,Eurasian Buzzard,Buteo buteo
4626,Eurasian Collared-dove,Streptopelia decaocto
5924,Eurasian Coot,Fulica atra
25208,Eurasian Crag Martin,Ptyonoprogne rupestris
34254,Eurasian Crimson-winged Finch,Rhodopechys sanguineus
6674,Eurasian Curlew,Numenius arquata
6463,Eurasian Dotterel,Eudromias morinellus
9498,Eurasian Eagle-owl,Bubo bubo
21736,Eurasian Golden Oriole,Oriolus oriolus
6450,Eurasian Golden Plover,Pluvialis apricaria
8595,Eurasian Goshawk,Astur gentilis
12647,Eurasian Green Woodpecker,Picus viridis
8254,Eurasian Griffon,Gyps fulvus
12947,Eurasian Hobby,Falco subbuteo
23014,Eurasian Jackdaw,Coloeus monedula
22838,Eurasian Jay,Garrulus glandarius
22958,Eurasian Magpie,Pica pica
29575,Eurasian Nuthatch,Sitta europaea
6410,Eurasian Oystercatcher,Haematopus ostralegus
23898,Eurasian Penduline-tit,Remiz pendulinus
9167,Eurasian Pygmy-owl,Glaucidium passerinum
9316,Eurasian Scops-owl,Otus scops
34743,Eurasian Siskin,Spinus spinus
24293,Eurasian Skylark,Alauda arvensis
8573,Eurasian Sparrowhawk,Accipiter nisus
7867,Eurasian Spoonbill,Platalea leucorodia
6373,Eurasian Thick-knee,Burhinus oedicnemus
32910,Eurasian Tree Sparrow,Passer montanus
29619,Eurasian Treecreeper,Certhia familiaris
6658,Eurasian Whimbrel,Numenius phaeopus
399,Eurasian Wigeon,Mareca penelope
6703,Eurasian Woodcock,Scolopax rusticola
11654,Eurasian Wryneck,Jynx torquilla
10918,European Bee-eater,Merops apiaster
34692,European Goldfinch,Carduelis carduelis
34462,European Greenfinch,Chloris chloris
7154,European Herring Gull,Larus argentatus
8209,European Honey-buzzard,Pernis apivorus
2007,European Nightjar,Caprimulgus europaeus
31653,European Pied Flycatcher,Ficedula hypoleuca
25295,European Red-rumped Swallow,Cecropis rufula
31281,European Robin,Erithacus rubecula
10245,European Roller,Coracias garrulus
34714,European Serin,Serinus serinus
7763,European Shag,Gulosus aristotelis
31838,European Stonechat,Saxicola rubicola
7414,European Storm-petrel,Hydrobates pelagicus
4604,European Turtle-dove,Streptopelia turtur
34188,Evening Grosbeak,Coccothraustes vespertinus
30359,Everett's Thrush,Zoothera everetti
27643,Everett's White-eye,Zosterops everetti
26269,Evergreen-forest Warbler,Bradypterus lopezi
31712,Eversmann's Redstart,Phoenicurus erythronotus
33809,Exclamatory Paradise-whydah,Vidua interjecta
17507,Eye-ringed Flatbill,Rhynchocyclus brevirostris
27294,Eye-ringed Parrotbill,Suthora ricketti
15405,Eye-ringed Thistletail,Asthenes palpebralis
17371,Eye-ringed Tody-tyrant,Hemitriccus orbitatus
31535,Eyebrowed Jungle-flycatcher,Vauriella gularis
30562,Eyebrowed Thrush,Turdus obscurus
28252,Eyebrowed Wren-babbler,Napothera epilepidota
18888,Eyrean Grasswren,Amytornis goyderi
23534,Fairy Flycatcher,Stenostira scita
19768,Fairy Gerygone,Gerygone palpebrosa
13959,Fairy Lorikeet,Charmosynopsis pulchella
25339,Fairy Martin,Petrochelidon ariel
14421,Fairy Pitta,Pitta nympha
7471,Fairy Prion,Pachyptila turtur
6982,Fairy Tern,Sternula nereis
398,Falcated Duck,Mareca falcata
28251,Falcated Wren-babbler,Ptilocichla falcata
24555,Falkenstein's Greenbul,Chlorocichla falkensteini
313,Falkland Steamerduck,Tachyeres brachypterus
31949,Familiar Chat,Oenanthe familiaris
19892,Fan-tailed Berrypecker,Melanocharis versteri
4237,Fan-tailed Cuckoo,Cacomantis flabelliformis
19811,Fan-tailed Gerygone,Gerygone flavolateralis
26251,Fan-tailed Grassbird,Catriscus brevirostris
23143,Fan-tailed Raven,Corvus rhipidurus
36409,Fan-tailed Warbler,Basileuterus lachrymosus
33276,Fan-tailed Widowbird,Euplectes axillaris
25088,Fanti Saw-wing,Psalidoprocne obscura
6672,Far Eastern Curlew,Numenius madagascariensis
16108,Fasciated Antshrike,Cymbilaimus lineatus
7882,Fasciated Tiger-heron,Tigrisoma fasciatum
28879,Fasciated Wren,Campylorhynchus fasciatus
22287,Fatu Hiva Monarch,Pomarea whitneyi
18767,Fawn-breasted Bowerbird,Chlamydera cerviniventris
3197,Fawn-breasted Brilliant,Heliodoxa rubinoides
37645,Fawn-breasted Tanager,Pipraeidea melanonota
30386,Fawn-breasted Thrush,Zoothera machiki
33607,Fawn-breasted Waxbill,Estrilda paludicola
21060,Fawn-breasted Whistler,Pachycephala orpheus
29138,Fawn-breasted Wren,Cantorchilus guarayanus
24094,Fawn-coloured Lark,Calendulauda africanoides
15204,Fawn-throated Foliage-gleaner,Automolus cervinigularis
9473,Fearful Owl,Asio solomonensis
2212,Feline Owlet-nightjar,Aegotheles insignis
12446,Fernandina's Flicker,Colaptes fernandinae
2620,Fernando Po Swift,
19561,Fernwren,Oreoscopus gutturalis
16204,Ferruginous Antbird,Drymophila ferruginea
28158,Ferruginous Babbler,Pellorneum bicolor
493,Ferruginous Duck,Aythya nyroca
31066,Ferruginous Flycatcher,Muscicapa ferruginea
8827,Ferruginous Hawk,Buteo regalis
1004,Ferruginous Partridge,Caloperdix oculeus
9240,Ferruginous Pygmy-owl,Glaucidium brasilianum
16291,Ferruginous-backed Antbird,Myrmoderus ferrugineus
2913,Festive Coquette,Lophornis chalybeus
35234,Field Sparrow,Spizella pusilla
30641,Fieldfare,Turdus pilaris
20524,Fiery Minivet,Pericrocotus igneus
2666,Fiery Topaz,Topaza pyra
11217,Fiery-billed Araçari,Pteroglossus frantzii
20092,Fiery-breasted Bushshrike,Malaconotus cruentus
29906,Fiery-browed Starling,Enodes erythrophris
18457,Fiery-capped Manakin,Machaeropterus pyrocephalus
2064,Fiery-necked Nightjar,Caprimulgus pectoralis
13434,Fiery-shouldered Parakeet,Pyrrhura egregia
2839,Fiery-tailed Awlbill,Avocettula recurvirostris
18216,Fiery-throated Fruiteater,Pipreola chlorolepidota
3223,Fiery-throated Hummingbird,Panterpe insignis
25504,Fiji Bush-warbler,Horornis ruficapilla
8533,Fiji Goshawk,Tachyspiza rufitorques
30632,Fiji Island Thrush,Turdus ruficeps
33499,Fiji Parrotfinch,Erythrura pealii
7546,Fiji Petrel,Pseudobulweria macgillivrayi
22298,Fiji Shrikebill,Clytorhynchus vitiensis
22058,Fiji Streaked Fantail,Rhipidura layardi
19293,Fiji Wattled Honeyeater,Foulehaio taviunensis
27669,Fiji White-eye,Zosterops explorator
20416,Fiji Woodswallow,Artamus mentalis
11942,Fine-banded Woodpecker,Campethera taeniolaema
11746,Fine-barred Piculet,Picumnus subtilis
11900,Fine-spotted Woodpecker,Campethera punctuligera
33163,Finn's Weaver,Ploceus megarhynchus
24735,Finsch's Bulbul,Iole finschii
360,Finsch's Duck,Chenonetta finschi
34822,Finsch's Euphonia,Euphonia finschi
30157,Finsch's Flycatcher-thrush,Stizorhina finschi
1544,Finsch's Francolin,Scleroptila finschi
5541,Finsch's Imperial-pigeon,Ducula finschii
31967,Finsch's Wheatear,Oenanthe finschii
7335,Fiordland Penguin,Eudyptes pachyrhynchus
37707,Fire-bellied Mountain-tanager,Anisognathus igniventris
12040,Fire-bellied Woodpecker,Chloropicus pyrrhogaster
32244,Fire-breasted Flowerpecker,Dicaeum ignipectus
23564,Fire-capped Tit,Cephalopyrus flammiceps
30835,Fire-crested Alethe,Alethe castanea
17857,Fire-eyed Diucon,Pyrope pyrope
33250,Fire-fronted Bishop,Euplectes diadematus
18745,Fire-maned Bowerbird,Sericulus bakeri
27172,Fire-tailed Myzornis,Myzornis pyrrhoura
32767,Fire-tailed Sunbird,Aethopyga ignicauda
32252,Fire-throated Flowerpecker,Dicaeum luzoniense
3039,Fire-throated Metaltail,Metallura eupogon
11290,Fire-tufted Barbet,Psilopogon pyrolophus
31476,Firethroat,Calliope pectardens
15326,Firewood-gatherer,Anumbius annumbi
31036,Fiscal Flycatcher,Sigelus silens
24661,Fischer's Greenbul,Phyllastrephus fischeri
14206,Fischer's Lovebird,Agapornis fischeri
24065,Fischer's Sparrow-lark,Eremopterix leucopareia
30067,Fischer's Starling,Lamprotornis fischeri
3786,Fischer's Turaco,Tauraco fischeri
23073,Fish Crow,Corvus ossifragus
11129,Five-colored Barbet,Capito quinticolor
33472,Five-coloured Munia,Lonchura quinticolor
35203,Five-striped Sparrow,Amphispizopsis quinquestriata
18743,Flame Bowerbird,Sericulus ardens
23368,Flame Robin,Petroica phoenicea
5296,Flame-breasted Fruit-dove,Ptilinopus marchei
32656,Flame-breasted Sunbird,Cinnyris solaris
36530,Flame-colored Tanager,Piranga bidentata
18406,Flame-crested Manakin,Heterocercus linteatus
37120,Flame-crested Tanager,Loriotus cristatus
32127,Flame-crowned Flowerpecker,Dicaeum kampalili
19280,Flame-eared Honeyeater,Lichmera flavicans
37917,Flame-faced Tanager,Tangara parzudakii
11361,Flame-fronted Barbet,Psilopogon armillaris
37171,Flame-rumped Tanager,Ramphocelus flammigerus
27344,Flame-templed Babbler,Dasycrotapha speciosa
11133,Flame-throated Barbet,
24907,Flame-throated Bulbul,Rubigula gularis
36148,Flame-throated Warbler,Oreothlypis gutturalis
28824,Flamecrest,Regulus goodfellowi
32690,Flaming Sunbird,Aethopyga flagrans
17352,Flammulated Bamboo-tyrant,Hemitriccus flammulatus
18187,Flammulated Flycatcher,Ramphotrigon flammulatum
9578,Flammulated Owl,Psiloscops flammeolus
15181,Flammulated Treehunter,Thripadectes flammulatus
24179,Flappet Lark,Amirafra rufocinnamomea
10555,Flat-billed Kingfisher,Todiramphus recurvirostris
21556,Flat-billed Vireo,Vireo nanus
24958,Flavescent Bulbul,Pycnonotus flavescens
17304,Flavescent Flycatcher,Myiophobus flavicans
36358,Flavescent Warbler,Myiothlypis flaveola
7569,Flesh-footed Shearwater,Ardenna carneipes
7767,Flightless Cormorant,Nannopterum harrisi
4823,Flock Bronzewing,Phaps histrionica
30753,Floodplain Thrush,
29724,Floreana Mockingbird,Mimus trifasciatus
23045,Flores Crow,Corvus florensis
32258,Flores Flowerpecker,Dicaeum rhodopygiale
5215,Flores Green-pigeon,Treron floris
14189,Flores Hanging-parrot,Loriculus flosculus
8334,Flores Hawk-eagle,Nisaetus floris
25879,Flores Leaf-warbler,
14100,Flores Lorikeet,Trichoglossus weberi
20553,Flores Minivet,Pericrocotus lansbergei
22322,Flores Monarch,Symposiachrus sacerdotum
9276,Flores Scops-owl,Otus alfredi
4731,Flores Sea Cuckoo-Dove,Macropygia macassariensis
32647,Flores Sea Sunbird,Cinnyris teysmanni
31570,Flores Shortwing,Brachypteryx floris
22835,Florida Scrub-jay,Aphelocoma coerulescens
27794,Fluffy-backed Tit-babbler,Macronus ptilosus
29366,Flutist Wren,Microcerculus ustulatus
7588,Fluttering Shearwater,Puffinus gavia
26189,Fly River Grassbird,Poodytes albolimbatus
311,Flying Steamerduck,Tachyeres patachonicus
18996,Foja Honeyeater,Melipotes carolae
16910,Foothill Elaenia,Myiopagis olallai
18525,Foothill Mourner,Schiffornis aenea
9666,Foothill Screech-Owl,Megascops roraimae
15736,Foothill Stipplethroat,Epinecrophylla spodionota
36095,Forbes's Blackbird,Anumara forbesi
5667,Forbes's Forest Rail,Rallicula forbesi
6480,Forbes's Plover,Thinornis forbesi
2622,Forbes-Watson's Swift,Apus berliozi
20015,Forest Batis,Batis mixta
8033,Forest Bittern,Zonerodius heliosylus
8846,Forest Buzzard,Buteo trizonatus
34521,Forest Canary,Crithagra scotops
32545,Forest Double-collared Sunbird,Cinnyris fuelleborni
15012,Forest Earthcreeper,Upucerthia saturatior
16895,Forest Elaenia,Myiopagis gaimardii
33237,Forest Fody,Foudia omissa
1489,Forest Francolin,Peliperdix lathami
19370,Forest Honeyeater,Meliphaga montana
10468,Forest Kingfisher,Todiramphus macleayii
9102,Forest Owlet,Athene blewitti
23919,Forest Penduline-tit,Anthoscopus flavifrons
23116,Forest Raven,Corvus tasmanicus
31757,Forest Rock-thrush,Monticola sharpei
10034,Forest Scimitarbill,Rhinopomastus castaneiceps
30847,Forest Scrub-robin,Tychaedon leucosticta
25281,Forest Swallow,Atronanus fuliginosus
30689,Forest Thrush,Turdus lherminieri
33876,Forest Wagtail,Dendronanthus indicus
27488,Forest White-eye,Zosterops stenocricotus
21905,Fork-tailed Drongo,Dicrurus adsimilis
4301,Fork-tailed Drongo-cuckoo,Surniculus dicruroides
18070,Fork-tailed Flycatcher,Tyrannus savana
2554,Fork-tailed Palm Swift,Tachornis squamata
7417,Fork-tailed Storm-petrel,Hydrobates furcatus
32729,Fork-tailed Sunbird,
17402,Fork-tailed Tody-tyrant,Hemitriccus furcatus
3477,Fork-tailed Woodnymph,Thalurania furcata
26007,Forster's Reed-warbler,Acrocephalus musae
7019,Forster's Tern,Sterna forsteri
19534,Forty-spotted Pardalote,Pardalotus quadragintus
4409,Four-banded Sandgrouse,Pterocles quadricinctus
12914,Fox Kestrel,Falco alopex
33104,Fox's Weaver,Ploceus spekeoides
26513,Foxy Cisticola,Cisticola troglodytes
8489,Frances's Sparrowhawk,Tachyspiza francesiae
1243,Franklin's Grouse,
7116,Franklin's Gull,Leucophaeus pipixcan
9538,Fraser's Eagle-owl,Ketupa poensis
32287,Fraser's Sunbird,Deleornis fraseri
15314,Freckle-breasted Thornbird,Phacellodomus striaticollis
12256,Freckle-breasted Woodpecker,Dendrocopos analis
307,Freckled Duck,Stictonetta naevosa
2114,Freckled Nightjar,Caprimulgus tristigma
24129,Friedmann's Lark,Mirafra pulpa
22029,Friendly Fantail,Rhipidura albolimbata
26154,Friendly Grasshopper-warbler,Locustella accentor
22436,Frill-necked Monarch,Arses lorealis
2905,Frilled Coquette,Lophornis magnificus
22427,Frilled Monarch,Arses telescopthalmus
16408,Fringe-backed Fire-eye,Pyriglena atra
30215,Fruithunter,Chlamydochaera jefferyi
6730,Fuegian Snipe,Gallinago stricklandii
35948,Fuertes's Oriole,
31841,Fuerteventura Stonechat,Saxicola dacotiae
31126,Fujian Niltava,Niltava davidi
7474,Fulmar Prion,Pachyptila crassirostris
16133,Fulvous Antshrike,Frederickena fulva
28551,Fulvous Babbler,Argya fulva
9757,Fulvous Owl,Strix fulvescens
27260,Fulvous Parrotbill,Suthora fulvifrons
37159,Fulvous Shrike-tanager,Lanio fulvus
234,Fulvous Whistling-duck,Dendrocygna bicolor
28955,Fulvous Wren,Cinnycerthia fulva
17511,Fulvous-breasted Flatbill,Rhynchocyclus fulvipectus
12253,Fulvous-breasted Woodpecker,Dendrocopos macei
31272,Fulvous-chested Jungle-flycatcher,Cyornis olivaceus
11066,Fulvous-chinned Nunlet,Nonnula sclateri
37146,Fulvous-crested Tanager,Tachyphonus surinamus
15256,Fulvous-dotted Treerunner,Margarornis stellatus
35729,Fulvous-headed Brushfinch,Atlapetes fulviceps
37356,Fulvous-headed Tanager,Thlypopsis fulviceps
34857,Fulvous-vented Euphonia,Euphonia fulvicrissa
31665,Furtive Flycatcher,Ficedula disposita
17634,Fuscous Flycatcher,Cnemotriccus fuscatus
19427,Fuscous Honeyeater,Ptilotula fusca
6336,Fynbos Buttonquail,Turnix hottentottus
20221,Fülleborn's Boubou,Laniarius fuelleborni
33941,Fülleborn's Longclaw,Macronyx fuelleborni
8407,Gabar Goshawk,Micronisus gabar
31438,Gabela Akalat,Sheppardia gabela
20233,Gabela Bushshrike,Laniarius amboimensis
20360,Gabela Helmetshrike,Prionops gabela
20055,Gabon Batis,Batis minima
3923,Gabon Coucal,Centropus anselli
12065,Gabon Woodpecker,Dendropicos gabonensis
395,Gadwall,Mareca strepera
13050,Galah,Eolophus roseicapilla
5053,Galapagos Dove,Zenaida galapagoensis
18167,Galapagos Flycatcher,Myiarchus magnirostris
8802,Galapagos Hawk,Buteo galapagoensis
25156,Galapagos Martin,Progne modesta
29717,Galapagos Mockingbird,Mimus parvulus
7320,Galapagos Penguin,Spheniscus mendiculus
7518,Galapagos Petrel,Pterodroma phaeopygia
6008,Galapagos Rail,Laterallus spilonota
7603,Galapagos Shearwater,Puffinus subalaris
31109,Gambaga Flycatcher,Muscicapa gambagae
861,Gambel's Quail,Callipepla gambelii
13047,Gang-gang Cockatoo,Callocephalon fimbriatum
25690,Gansu Leaf-warbler,Phylloscopus kansuensis
3365,Garden Emerald,Chlorostilbon assimilis
27057,Garden Warbler,Sylvia borin
375,Garganey,Spatula querquedula
13430,Garlepp's Parakeet,
14386,Garnet Pitta,Erythropitta granatina
23325,Garnet Robin,Eugerygone rubra
3265,Garnet-throated Hummingbird,Lamprolaima rhami
9957,Gartered Trogon,Trogon caligatus
20815,Geelvink Cicadabird,Edolisoma meyerii
5412,Geelvink Fruit-dove,Ptilinopus speciosus
5532,Geelvink Imperial-pigeon,Ducula geelvinkiana
13605,Geelvink Pygmy-parrot,Micropsitta geelvinkiana
37089,Genovesa Cactus-finch,Geospiza propinqua
37084,Genovesa Ground-finch,Geospiza acutirostris
7307,Gentoo Penguin,Pygoscelis papua
30355,Geomalia,Zoothera heinrichi
1461,Germain's Peacock-Pheasant,Polyplectron germaini
16495,Giant Antpitta,Grallaria gigantea
16138,Giant Antshrike,Batara cinerea
28754,Giant Babax,Pterorhinus waddelli
37428,Giant Conebill,Conirostrum binghami
5922,Giant Coot,Fulica gigantea
4018,Giant Coua,Coua gigas
36008,Giant Cowbird,Molothrus oryzivorus
22573,Giant Grey Shrike,Lanius giganteus
19287,Giant Honeyeater,Gymnomyza brunneirostris
3212,Giant Hummingbird,Patagona gigas
7826,Giant Ibis,Pseudibis gigantea
18079,Giant Kingbird,Tyrannus cubensis
10760,Giant Kingfisher,Megaceryle maxima
28698,Giant Laughingthrush,Ianthocincla maxima
29500,Giant Nuthatch,Sitta magna
14307,Giant Pitta,Hydrornis caeruleus
9263,Giant Scops-owl,Otus gurneyi
6748,Giant Snipe,Gallinago undulata
32363,Giant Sunbird,Dreptes thomensis
33114,Giant Weaver,Ploceus grandis
27370,Giant White-eye,Megazosterops palauensis
5725,Giant Wood-rail,Aramides ypecaha
28882,Giant Wren,Campylorhynchus chiapensis
18954,Gibberbird,Ashbyia lovensis
11833,Gila Woodpecker,Melanerpes uropygialis
19335,Gilbert's Honeyeater,Melithreptus chloropsis
21001,Gilbert's Whistler,Pachycephala inornata
11115,Gilded Barbet,Capito auratus
12440,Gilded Flicker,Colaptes chrysoides
3689,Gilded Hummingbird,Hylocharis chrysura
24089,Gillett's Lark,Calendulauda gilletti
22109,Gilolo Fantail,Rhipidura torrida
37952,Gilt-edged Tanager,Tangara cyanoventris
27707,Gizo White-eye,Zosterops luteirostris
37537,Glacier Finch,Idiopsar speculifer
7168,Glaucous Gull,Larus hyperboreus
13472,Glaucous Macaw,Anodorhynchus glaucus
37823,Glaucous Tanager,Thraupis glaucocolpa
36694,Glaucous-blue Grosbeak,Cyanoloxia glaucocaerulea
7186,Glaucous-winged Gull,Larus glaucescens
28128,Glissando Babbler,
37723,Glistening-green Tanager,Chlorochrysa phoenicotis
3133,Glittering Starfrontlet,Coeligena orina
3385,Glittering-bellied Emerald,Chlorostilbon lucidus
3673,Glittering-throated Emerald,Chionomesa fimbriata
16103,Glossy Antshrike,Sakesphorus luctuosus
13035,Glossy Black-cockatoo,Calyptorhynchus lathami
37598,Glossy Flowerpiercer,Diglossa lafresnayii
7861,Glossy Ibis,Plegadis falcinellus
2313,Glossy Swiftlet,Collocalia esculenta
18616,Glossy-backed Becard,Pachyramphus surinamus
30712,Glossy-black Thrush,Turdus serranus
23169,Glossy-mantled Manucode,Manucodia ater
3338,Glow-throated Hummingbird,Selasphorus ardens
3060,Glowing Puffleg,Eriocnemis vestita
34928,Godlewski's Bunting,Emberiza godlewskii
16418,Goeldi's Antbird,Akletos goeldii
13400,Goias Parakeet,Pyrrhura pfrimeri
33193,Gola Malimbe,Malimbus ballmanni
34266,Gold-naped Finch,Pyrrhoplectes epauletta
37735,Gold-ringed Tanager,Bangsia aureocincta
11314,Gold-whiskered Barbet,Psilopogon chrysopogon
28825,Goldcrest,Regulus regulus
27808,Golden Babbler,Cyanoderma chrysaeum
18740,Golden Bowerbird,Prionodura newtoniana
31698,Golden Bush-robin,Tarsiger chrysaeus
20741,Golden Cuckooshrike,Campochaera sloetii
5463,Golden Dove,Ptilinopus luteovirens
8378,Golden Eagle,Aquila chrysaetos
24524,Golden Greenbul,Calyptocichla serinus
21459,Golden Greenlet,Vireo hypochryseus
36621,Golden Grosbeak,Pheucticus chrysogaster
8878,Golden Masked-owl,Tyto aurantia
22415,Golden Monarch,Carterornis chrysomela
29889,Golden Myna,Mino anais
2032,Golden Nightjar,Caprimulgus eximius
33067,Golden Palm Weaver,Ploceus bojeri
13543,Golden Parakeet,Guaruba guarouba
27277,Golden Parrotbill,Suthora verreauxi
1314,Golden Pheasant,Chrysolophus pictus
33938,Golden Pipit,Tmetothylacus tenellus
3142,Golden Starfrontlet,Coeligena eos
25143,Golden Swallow,Tachycineta euchrysea
37930,Golden Tanager,
36257,Golden Warbler,Setophaga petechia
21104,Golden Whistler,Pachycephala pectoralis
27367,Golden White-eye,Cleptornis marchei
33267,Golden-backed Bishop,Euplectes aureus
19313,Golden-backed Honeyeater,
37692,Golden-backed Mountain-tanager,Cnemathraupis aureodorsalis
33128,Golden-backed Weaver,Ploceus jacksoni
21202,Golden-backed Whistler,Pachycephala aurea
18023,Golden-bellied Flycatcher,Myiodynastes hemichrysus
19801,Golden-bellied Gerygone,Gerygone sulphurea
3140,Golden-bellied Starfrontlet,Coeligena bonapartei
37316,Golden-bellied Tanager,
36950,Golden-billed Saltator,Saltator aurantiirostris
35005,Golden-breasted Bunting,Emberiza flaviventris
18234,Golden-breasted Fruiteater,Pipreola aureopectus
27174,Golden-breasted Fulvetta,Lioparus chrysotis
3078,Golden-breasted Puffleg,Eriocnemis mosquera
30043,Golden-breasted Starling,Lamprotornis regius
12417,Golden-breasted Woodpecker,
17916,Golden-browed Chat-tyrant,Silvicultrix pulchella
34811,Golden-browed Chlorophonia,Chlorophonia callophrys
36429,Golden-browed Warbler,Basileuterus belli
13513,Golden-capped Parakeet,Aratinga auricapillus
36344,Golden-cheeked Warbler,Setophaga chrysoparia
11817,Golden-cheeked Woodpecker,Melanerpes chrysogenys
37737,Golden-chested Tanager,Bangsia rothschildi
37827,Golden-chevroned Tanager,Thraupis ornata
36800,Golden-collared Honeycreeper,Iridophanes pulcherrimus
18426,Golden-collared Manakin,Manacus vitellinus
37635,Golden-collared Tanager,Iridosornis jelskii
12203,Golden-collared Woodpecker,Dryobates cassini
29914,Golden-crested Myna,Ampeliceps coronatus
27353,Golden-crowned Babbler,Sterrhoptilus dennistouni
35680,Golden-crowned Brush-finch,Atlapetes tricolor
3357,Golden-crowned Emerald,Cynanthus auriceps
18027,Golden-crowned Flycatcher,Myiodynastes chrysocephalus
28817,Golden-crowned Kinglet,Regulus satrapa
18392,Golden-crowned Manakin,Lepidothrix vilasboasi
17593,Golden-crowned Spadebill,Platyrinchus coronatus
35412,Golden-crowned Sparrow,Zonotrichia atricapilla
37640,Golden-crowned Tanager,Iridosornis rufivertex
36447,Golden-crowned Warbler,
37912,Golden-eared Tanager,Tangara chrysotis
17172,Golden-faced Tyrannulet,Zimmerius chrysops
18739,Golden-fronted Bowerbird,Amblyornis flavifrons
28064,Golden-fronted Fulvetta,Schoeniparus variegaticeps
21454,Golden-fronted Greenlet,Pachysylvia aurantiifrons
32056,Golden-fronted Leafbird,Chloropsis aurifrons
36506,Golden-fronted Whitestart,
11843,Golden-fronted Woodpecker,Melanerpes aurifrons
12347,Golden-green Woodpecker,Piculus chrysochloros
26590,Golden-headed Cisticola,Cisticola exilis
18487,Golden-headed Manakin,Ceratopipra erythrocephala
9915,Golden-headed Quetzal,Pharomachrus auriceps
37845,Golden-hooded Tanager,Stilpnia larvata
13658,Golden-mantled Racquet-tail,Prioniturus platurus
11364,Golden-naped Barbet,Psilopogon pulcherrimus
37794,Golden-naped Tanager,Chalcothraupis ruficervix
33135,Golden-naped Weaver,Ploceus aureonucha
11807,Golden-naped Woodpecker,Melanerpes chrysauchen
12358,Golden-olive Woodpecker,Colaptes rubiginosus
13541,Golden-plumed Parakeet,Leptosittaca branickii
34795,Golden-rumped Euphonia,Chlorophonia cyanocephala
32116,Golden-rumped Flowerpecker,Dicaeum annae
13844,Golden-shouldered Parrot,Psephotellus chrysopterygius
34880,Golden-sided Euphonia,Euphonia cayennensis
11689,Golden-spangled Piculet,Picumnus exilis
4928,Golden-spotted Ground Dove,Metriopelia aymara
13156,Golden-tailed Parrotlet,Touit surdus
3637,Golden-tailed Sapphire,Chrysuronia oenone
11914,Golden-tailed Woodpecker,Campethera abingoni
11330,Golden-throated Barbet,Psilopogon franklinii
36088,Golden-tufted Grackle,Macroagelaius imthurni
35839,Golden-winged Cacique,Cacicus chrysopterus
28392,Golden-winged Laughingthrush,Trochalopteron ngoclinhense
18357,Golden-winged Manakin,Masius chrysopterus
13198,Golden-winged Parakeet,Brotogeris chrysoptera
35282,Golden-winged Sparrow,Arremon schlegeli
32492,Golden-winged Sunbird,Drepanorhynchus reichenowi
17468,Golden-winged Tody-flycatcher,Poecilotriccus calopterus
36137,Golden-winged Warbler,Vermivora chrysoptera
19555,Goldenface,Pachycare flavogriseum
23297,Goldie's Bird-of-paradise,Paradisaea decora
14039,Goldie's Lorikeet,Glossoptilus goldiei
36313,Goldman's Warbler,
3963,Goliath Coucal,Centropus goliath
8088,Goliath Heron,Ardea goliath
534,Goosander,Mergus merganser
20133,Gorgeous Bushshrike,Telophorus viridis
32556,Gorgeous Sunbird,Cinnyris melanogastrus
3059,Gorgeted Puffleg,Eriocnemis isabellae
2874,Gorgeted Sunangel,Heliangelus strophianus
959,Gorgeted Wood-quail,Odontophorus strophium
3286,Gorgeted Woodstar,Chaetocercus heliodor
26862,Gosling's Apalis,Apalis goslingi
37504,Gough Island Finch,Rowettia goughensis
5916,Gough Island Moorhen,Gallinula comeri
3196,Gould's Brilliant,Heliodoxa aurescens
2191,Gould's Frogmouth,Batrachostomus stellatus
3113,Gould's Inca,Coeligena inca
30241,Gould's Nightingale-thrush,Catharus dryas
31709,Gould's Shortwing,Heteroxenicus stellatus
32712,Gould's Sunbird,Aethopyga gouldiae
11246,Gould's Toucanet,Selenidera gouldii
33484,Gouldian Finch,Chloebia gouldiae
36334,Grace's Warbler,Setophaga graciae
19395,Graceful Honeyeater,Meliphaga gracilis
14384,Graceful Pitta,Erythropitta venusta
26647,Graceful Prinia,Prinia gracilis
34178,Gran Canaria Blue Chaffinch,Fringilla polatzeki
37020,Grand Cayman Bullfinch,Melopyrrha taylori
30687,Grand Cayman Thrush,Turdus ravidus
30128,Grand Rhabdornis,Rhabdornis grandis
30136,Grandala,Grandala coelicolor
25935,Grande Comore Brush-warbler,Nesillas brevicaudata
24864,Grande Comore Bulbul,Hypsipetes parvirostris
33230,Grande Comore Fody,
9302,Grande Comore Scops-owl,Otus pauliani
32668,Grande Comore Sunbird,
33692,Grant's Bluebill,Spermophaga poliogenys
28965,Grass Wren,Cistothorus platensis
37681,Grass-green Tanager,Chlorornis riefferii
8685,Grasshopper Buzzard,Butastur rufipennis
35158,Grasshopper Sparrow,Ammodramus savannarum
35171,Grassland Sparrow,Ammodramus humeralis
37464,Grassland Yellow-finch,Sicalis luteola
14226,Grauer's Broadbill,Pseudocalyptomena graueri
20599,Grauer's Cuckooshrike,Ceblepyris graueri
26297,Grauer's Swamp-warbler,Bradypterus graueri
25925,Grauer's Warbler,Graueria vittata
26114,Gray's Grasshopper-warbler,Helopsaltes fasciolatus
3663,Gray's Hummingbird,Chrysuronia grayi
23981,Gray's Lark,Ammomanopsis grayi
16499,Great Antpitta,Grallaria excelsa
16114,Great Antshrike,Taraba major
1426,Great Argus,Argusianus argus
7246,Great Auk,Pinguinus impennis
11291,Great Barbet,Psilopogon virens
8723,Great Black Hawk,Buteogallus urubitinga
7167,Great Black-backed Gull,Larus marinus
8069,Great Blue Heron,Ardea herodias
3724,Great Blue Turaco,Corythaeola cristata
18756,Great Bowerbird,Chlamydera nuchalis
3790,Great Bustard,Otis tarda
7755,Great Cormorant,Phalacrocorax carbo
18157,Great Crested Flycatcher,Myiarchus crinitus
6236,Great Crested Grebe,Podiceps cristatus
4763,Great Cuckoo-Dove,Reinwardtoena reinwardti
750,Great Curassow,Crax rubra
2273,Great Dusky Swift,Cypseloides senex
1816,Great Eared-nightjar,Lyncornis macrotis
16978,Great Elaenia,Elaenia dayi
7678,Great Frigatebird,Fregata minor
6230,Great Grebe,Podiceps major
13534,Great Green Macaw,Ara ambiguus
9780,Great Grey Owl,Strix nebulosa
22544,Great Grey Shrike,Lanius excubitor
10159,Great Hornbill,Buceros bicornis
9476,Great Horned Owl,Bubo virginianus
36772,Great Inca-finch,Incaspiza pulchra
3802,Great Indian Bustard,Ardeotis nigriceps
20516,Great Iora,Aegithina lafresnayei
10975,Great Jacamar,Jacamerops aureus
17998,Great Kiskadee,Pitangus sulphuratus
6799,Great Knot,Calidris tenuirostris
29933,Great Myna,Acridotheres grandis
8258,Great Nicobar Serpent-eagle,Spilornis klossi
36756,Great Pampa-finch,Embernagra platensis
27237,Great Parrotbill,Paradoxornis aemodius
7748,Great Pied Cormorant,Phalacrocorax varius
2143,Great Potoo,Nyctibius grandis
25960,Great Reed-warbler,Acrocephalus arundinaceus
34313,Great Rosefinch,Carpodacus rubicilla
14709,Great Rufous Woodcreeper,Xiphocolaptes major
3158,Great Sapphirewing,Pterophanes cyanopterus
7570,Great Shearwater,Ardenna gravis
31530,Great Shortwing,Heinrichia calligyna
17892,Great Shrike-tyrant,Agriornis lividus
7198,Great Skua,Stercorarius skua
12793,Great Slaty Woodpecker,Mulleripicus pulverulentus
6735,Great Snipe,Gallinago media
32886,Great Sparrow,Passer motitensis
15546,Great Spinetail,Synallaxis hypochondriaca
4071,Great Spotted Cuckoo,Clamator glandarius
25,Great Spotted Kiwi,Apteryx maxima
12282,Great Spotted Woodpecker,Dendrocopos major
2557,Great Swallow-tailed Swift,Panyptila sanctihieronymi
6357,Great Thick-knee,Esacus recurvirostris
30727,Great Thrush,Turdus fuscater
49,Great Tinamou,Tinamus major
23793,Great Tit,Parus major
8045,Great White Egret,Ardea alba
8074,Great White Heron,
8093,Great White Pelican,Pelecanus onocrotalus
20421,Great Woodswallow,Artamus maximus
15067,Great Xenops,Megaxenops parnaguae
2784,Great-billed Hermit,Phaethornis malaris
8084,Great-billed Heron,Ardea sumatrana
10391,Great-billed Kingfisher,Pelargopsis melanorhyncha
33444,Great-billed Mannikin,Lonchura grandis
13729,Great-billed Parrot,Tanygnathus megalorynchos
37255,Great-billed Seed-finch,Sporophila maximiliani
36068,Great-tailed Grackle,Quiscalus mexicanus
7479,Great-winged Petrel,Pterodroma macroptera
7642,Greater Adjutant,Leptoptilos dubius
34408,Greater Amakihi,Viridonia sagittirostris
3860,Greater Ani,Crotophaga major
37011,Greater Antillean Bullfinch,Melopyrrha violacea
36055,Greater Antillean Grackle,Quiscalus niger
1902,Greater Band-winged Nightjar,Systellura longirostris
23283,Greater Bird-of-paradise,Paradisaea apoda
30015,Greater Blue-eared Starling,Lamprotornis chalybaeus
3951,Greater Coucal,Centropus sinensis
11033,Greater Crescent-chested Puffbird,Malacoptila striata
7070,Greater Crested Tern,Thalasseus bergii
32533,Greater Double-collared Sunbird,Cinnyris afer
12724,Greater Flameback,Chrysocolaptes guttacristatus
6262,Greater Flamingo,Phoenicopterus roseus
37607,Greater Flowerpiercer,Diglossa major
32033,Greater Green Leafbird,Chloropsis sonnerati
23308,Greater Ground-robin,Amalocichla sclateriana
11652,Greater Honeyguide,Indicator indicator
23955,Greater Hoopoe-lark,Alaemon alaudipes
12910,Greater Kestrel,Falco rupicoloides
34394,Greater Koa-finch,Rhodacanthis palmeri
23160,Greater Melampitta,Megalampitta gigantea
28736,Greater Necklaced Laughingthrush,Pterorhinus pectoralis
6614,Greater Painted-snipe,Rostratula benghalensis
17669,Greater Pewee,Contopus pertinax
10991,Greater Pied Puffbird,Notharchus tectus
1170,Greater Prairie-chicken,Tympanuchus cupido
21783,Greater Racquet-tailed Drongo,Dicrurus paradiseus
8,Greater Rhea,Rhea americana
3879,Greater Roadrunner,Geococcyx californianus
6557,Greater Sandplover,Anarhynchus leschenaultii
497,Greater Scaup,Aythya marila
14845,Greater Scythebill,Drymotoxeres pucheranii
24446,Greater Short-toed Lark,Calandrella brachydactyla
8864,Greater Sooty-owl,Tyto tenebricosa
8356,Greater Spotted Eagle,Clanga clanga
12731,Greater Sri Lanka Flameback,Chrysocolaptes stricklandi
25294,Greater Striped Swallow,Cecropis cucullata
25942,Greater Swamp-warbler,Acrocephalus rufescens
15316,Greater Thornbird,Phacellodomus ruber
17146,Greater Wagtail-tyrant,Stigmatura budytoides
289,Greater White-fronted Goose,Anser albifrons
37483,Greater Yellow-finch,Sicalis auriventris
8127,Greater Yellow-headed Vulture,Cathartes melambrotus
6790,Greater Yellowlegs,Tringa melanoleuca
12602,Greater Yellownape,Chrysophlegma flavinucha
11189,Green Araçari,Pteroglossus viridis
33665,Green Avadavat,Amandava formosa
11430,Green Barbet,Cryptolybia olivacea
14299,Green Broadbill,Calyptomena viridis
18705,Green Catbird,Ailuroedus crassirostris
30217,Green Cochoa,Cochoa viridis
25432,Green Crombec,Sylvietta virens
2753,Green Hermit,Phaethornis guy
8028,Green Heron,Butorides virescens
36792,Green Honeycreeper,Chlorophanes spiza
25589,Green Hylia,Hylia prasina
7852,Green Ibis,Mesembrinibis cayennensis
5481,Green Imperial-pigeon,Ducula aenea
3104,Green Inca,Coeligena conradii
33792,Green Indigobird,Vidua codringtoni
20513,Green Iora,Aegithina viridissima
22729,Green Jay,
26330,Green Jery,Neomixis viridis
1480,Green Junglefowl,Gallus varius
10743,Green Kingfisher,Chloroceryle americana
26751,Green Longtail,Urolais epichlorus
18376,Green Manakin,Cryptopipo holochlora
2857,Green Mango,Anthracothorax viridis
21660,Green Oriole,Oriolus flavocinctus
35829,Green Oropendola,Psarocolius viridis
13555,Green Parakeet,Psittacara holochlorus
1432,Green Peafowl,Pavo muticus
1355,Green Pheasant,Phasianus versicolor
365,Green Pygmy-goose,Nettapus pulchellus
13618,Green Pygmy-parrot,Micropsitta finschii
13675,Green Racquet-tail,Prioniturus luconensis
13848,Green Rosella,Platycercus caledonicus
6766,Green Sandpiper,Tringa ochropus
21309,Green Shrike-babbler,Pteruthius xanthochlorus
21381,Green Shrike-vireo,Vireolanius pulchellus
2896,Green Thorntail,Discosura conversii
3765,Green Turaco,Tauraco persa
33536,Green Twinspot,Mandingoa nitidula
2811,Green Violetear,Colibri thalassinus
25790,Green Warbler,Phylloscopus nitidus
37054,Green Warbler-finch,Certhidea olivacea
27490,Green White-eye,Zosterops stuhlmanni
10042,Green Woodhoopoe,Phoeniculus purpureus
18244,Green-and-black Fruiteater,Pipreola riefferii
37923,Green-and-gold Tanager,Tangara schrankii
10752,Green-and-rufous Kingfisher,Chloroceryle inda
3693,Green-and-white Hummingbird,Elliotomyia viridicauda
18564,Green-backed Becard,Pachyramphus viridis
27016,Green-backed Eremomela,Eremomela canescens
2892,Green-backed Firecrown,Sephanoides sephaniodes
31591,Green-backed Flycatcher,Ficedula elisae
19763,Green-backed Gerygone,Gerygone chloronota
8024,Green-backed Heron,Butorides striata
11605,Green-backed Honeybird,Prodotiscus zambesiae
18924,Green-backed Honeyeater,Glycichaera fallax
23311,Green-backed Robin,Pachycephalopsis hattamensis
35191,Green-backed Sparrow,Arremonops chloronotus
26952,Green-backed Tailorbird,Orthotomus chloronotus
23842,Green-backed Tit,Parus monticolus
9954,Green-backed Trogon,Trogon viridis
21010,Green-backed Whistler,Pachycephala albiventris
27744,Green-backed White-eye,Zosterops xanthochroa
12411,Green-barred Woodpecker,Colaptes melanochloros
3002,Green-bearded Helmetcrest,Oxypogon guerinii
3582,Green-bellied Hummingbird,Saucerottia viridigaster
3914,Green-billed Coucal,Centropus chlororhynchos
4059,Green-billed Malkoha,Phaenicophaeus tristis
35819,Green-billed Oropendola,
11242,Green-billed Toucanet,
20110,Green-breasted Bushshrike,Malaconotus gladiator
2843,Green-breasted Mango,Anthracothorax prevostii
3255,Green-breasted Mountain-gem,Lampornis sybillae
14396,Green-breasted Pitta,Pitta reichenowi
27021,Green-capped Eremomela,Eremomela scotops
37861,Green-capped Tanager,Stilpnia meyerdeschauenseei
18565,Green-cheeked Becard,
13392,Green-cheeked Parakeet,Pyrrhura molinae
3201,Green-crowned Brilliant,Heliodoxa jacula
3431,Green-crowned Plovercrest,Stephanoxis lalandi
25777,Green-crowned Warbler,Phylloscopus burkii
11310,Green-eared Barbet,Psilopogon faiostrictus
33488,Green-faced Parrotfinch,Erythrura viridifacies
3545,Green-fronted Hummingbird,Ramosomyia viridifrons
2792,Green-fronted Lancebill,Doryfera ludovicae
27580,Green-fronted White-eye,Zosterops minor
2965,Green-headed Hillstar,Oreotrochilus stolzmanni
21705,Green-headed Oriole,Oriolus chlorocephalus
32365,Green-headed Sunbird,Cyanomitra verticalis
37946,Green-headed Tanager,Tangara seledon
1436,Green-legged Partridge,Tropicoperdix chloropus
37649,Green-mantled Tanager,
5114,Green-naped Pheasant-pigeon,Otidiphaps nobilis
37889,Green-naped Tanager,Tangara fucosa
13354,Green-rumped Parrotlet,Forpus passerinus
35301,Green-striped Brushfinch,Arremon virenticeps
24531,Green-tailed Bristlebill,Bleda eximius
3394,Green-tailed Emerald,Chlorostilbon alice
2836,Green-tailed Goldenthroat,Polytmus theresiae
10958,Green-tailed Jacamar,Galbula galbula
32717,Green-tailed Sunbird,Aethopyga nipalensis
35601,Green-tailed Towhee,Pipilo chlorurus
2978,Green-tailed Trainbearer,Lesbia nuna
35742,Green-tailed Warbler,Microligea palustris
13371,Green-thighed Parrot,Pionites leucogaster
2858,Green-throated Carib,Eulampis holosericeus
34837,Green-throated Euphonia,Euphonia chalybea
2842,Green-throated Mango,Anthracothorax viridigula
3249,Green-throated Mountain-gem,Lampornis viridipallens
32408,Green-throated Sunbird,Chalcomitra rubescens
24762,Green-winged Bulbul,
33708,Green-winged Pytilia,Pytilia melba
36892,Green-winged Saltator,Saltator similis
451,Green-winged Teal,
6144,Green-winged Trumpeter,Psophia viridis
16916,Greenish Elaenia,Myiopagis viridicata
3046,Greenish Puffleg,Haplophaedia aureliae
18542,Greenish Schiffornis,Schiffornis virescens
16859,Greenish Tyrannulet,Phyllomyias virescens
25792,Greenish Warbler,Phylloscopus trochiloides
37477,Greenish Yellow-finch,Sicalis olivascens
4990,Grenada Dove,Leptotila wellsi
18168,Grenada Flycatcher,Myiarchus nugator
37873,Grenada Tanager,Stilpnia cucullata
29261,Grenada Wren,Troglodytes grenadensis
16282,Grey Antbird,Cercomacra cinerascens
15819,Grey Antwren,Myrmotherula menetriesii
26863,Grey Apalis,Apalis cinerea
35029,Grey Bunting,Emberiza variabilis
31781,Grey Bushchat,Saxicola ferreus
20458,Grey Butcherbird,Cracticus torquatus
29683,Grey Catbird,Dumetella carolinensis
23056,Grey Crow,Corvus tristis
6151,Grey Crowned Crane,Balearica regulorum
20601,Grey Cuckooshrike,Ceblepyris caesius
20487,Grey Currawong,Strepera versicolor
12966,Grey Falcon,Falco hypoleucos
22032,Grey Fantail,Rhipidura albiscapa
33775,Grey Firefinch,
1501,Grey Francolin,Ortygornis pondicerianus
19164,Grey Friarbird,Philemon kisserensis
19833,Grey Gerygone,Gerygone igata
3731,Grey Go-away-bird,Crinifer concolor
8497,Grey Goshawk,Tachyspiza novaehollandiae
18868,Grey Grasswren,Amytornis barbatus
24627,Grey Greenbul,Eurillas gracilis
30401,Grey Ground-thrush,Geokichla princei
7111,Grey Gull,Leucophaeus modestus
8773,Grey Hawk,Buteo plagiatus
8064,Grey Heron,Ardea cinerea
18972,Grey Honeyeater,Conopophila whitei
5554,Grey Imperial-pigeon,Ducula pickeringii
1487,Grey Junglefowl,Gallus sonneratii
12915,Grey Kestrel,Falco ardosiaceus
18076,Grey Kingbird,Tyrannus dominicensis
28672,Grey Laughingthrush,Garrulax maesi
25396,Grey Longbill,Macrosphenus concolor
17860,Grey Monjita,Nengetus cinereus
2002,Grey Nightjar,Caprimulgus jotaka
6939,Grey Noddy,Anous albivitta
13100,Grey Parrot,Psittacus erithacus
1286,Grey Partridge,Perdix perdix
1464,Grey Peacock-Pheasant,Polyplectron bicalcaratum
23923,Grey Penduline-tit,Anthoscopus caroli
7547,Grey Petrel,Procellaria cinerea
6446,Grey Plover,Pluvialis squatarola
6892,Grey Pratincole,Glareola cinerea
37220,Grey Seedeater,Sporophila intermedia
21292,Grey Shrike-thrush,Colluricincla harmonica
28417,Grey Sibia,Heterophasia gracilis
23513,Grey Silky-flycatcher,Ptiliogonys cinereus
465,Grey Teal,Anas gracilis
19705,Grey Thornbill,Acanthiza cinerea
29739,Grey Thrasher,Toxostoma cinereum
38,Grey Tinamou,Tinamus tao
23895,Grey Tit,Melaniparus afer
30989,Grey Tit-flycatcher,Fraseria plumbea
22943,Grey Treepie,Dendrocitta formosae
29794,Grey Trembler,Cinclocerthia gutturalis
21537,Grey Vireo,Vireo vicinior
33907,Grey Wagtail,Motacilla cinerea
37056,Grey Warbler-finch,Certhidea fusca
21047,Grey Whistler,Pachycephala simplex
12078,Grey Woodpecker,Dendropicos goertae
29142,Grey Wren,Cantorchilus griseus
26905,Grey Wren-warbler,Calamonastes simplex
11777,Grey-and-buff Woodpecker,
37803,Grey-and-gold Tanager,Poecilostreptus palmeri
36394,Grey-and-gold Warbler,Myiothlypis fraseri
17139,Grey-and-white Tyrannulet,Pseudelaenia leucospodia
26877,Grey-backed Camaroptera,
26422,Grey-backed Cisticola,Cisticola subruficapilla
22539,Grey-backed Fiscal,Lanius excubitoroides
8748,Grey-backed Hawk,Pseudastur occidentalis
22655,Grey-backed Shrike,Lanius tephronotus
24060,Grey-backed Sparrow-lark,Eremopterix verticalis
7350,Grey-backed Storm-petrel,Garrodia nereis
17112,Grey-backed Tachuri,Polystictus superciliaris
26957,Grey-backed Tailorbird,Orthotomus derbianus
6966,Grey-backed Tern,Onychoprion lunatus
30560,Grey-backed Thrush,Turdus hortulorum
33454,Grey-banded Mannikin,Lonchura vana
28872,Grey-barred Wren,Campylorhynchus megalopterus
15747,Grey-bellied Antbird,Ammonastes pelzelni
24891,Grey-bellied Bulbul,Rubigula cyaniventris
2954,Grey-bellied Comet,Taphrolesbia griseiventris
4257,Grey-bellied Cuckoo,Cacomantis passerinus
37618,Grey-bellied Flowerpiercer,Diglossa carbonaria
8553,Grey-bellied Goshawk,Accipiter poliogaster
17889,Grey-bellied Shrike-tyrant,Agriornis micropterus
15532,Grey-bellied Spinetail,Synallaxis cinerascens
25536,Grey-bellied Tesia,Tesia cyaniventer
27869,Grey-bellied Wren-babbler,Spelaeornis reptatus
28033,Grey-breasted Babbler,Malacopteron albogulare
5147,Grey-breasted Brown-dove,
6015,Grey-breasted Crake,Laterallus exilis
17631,Grey-breasted Flycatcher,Lathrotriccus griseipectus
5253,Grey-breasted Green-pigeon,
28184,Grey-breasted Illadopsis,Illadopsis distans
25164,Grey-breasted Martin,Progne chalybea
11234,Grey-breasted Mountain-toucan,Andigena hypoglauca
13402,Grey-breasted Parakeet,Pyrrhura griseipectus
26640,Grey-breasted Prinia,Prinia hodgsonii
3435,Grey-breasted Sabrewing,Campylopterus largipennis
6647,Grey-breasted Seedsnipe,Thinocorus orbignyianus
32805,Grey-breasted Spiderhunter,Arachnothera modesta
1785,Grey-breasted Spurfowl,Pternistis rufopictus
37394,Grey-breasted Warbling-finch,Microspingus cabanisi
29319,Grey-breasted Wood-wren,Henicorhina leucophrys
11820,Grey-breasted Woodpecker,Melanerpes hypopolius
14247,Grey-browed Broadbill,Serilophus rubropygius
35257,Grey-browed Brushfinch,Arremon assimilis
29039,Grey-browed Wren,Pheugopedius schulenbergi
28570,Grey-caped Capuchin Babbler,
4131,Grey-capped Cuckoo,Coccyzus lansbergi
4794,Grey-capped Emerald Dove,Chalcophaps indica
17991,Grey-capped Flycatcher,Myiozetetes granadensis
34704,Grey-capped Goldfinch,Carduelis caniceps
37333,Grey-capped Hemispingus,Kleinothraupis reyi
32991,Grey-capped Social-Weaver,Pseudonigrita arnaudi
16879,Grey-capped Tyrannulet,Phyllomyias griseocapilla
26876,Grey-capped Warbler,Eminia lepida
11952,Grey-capped Woodpecker,Yungipicus canicapillus
24702,Grey-cheeked Bulbul,Alophoixus tephrogenys
28307,Grey-cheeked Fulvetta,Alcippe morrisonia
5204,Grey-cheeked Green-pigeon,Treron griseicauda
11068,Grey-cheeked Nunlet,Nonnula frontalis
13188,Grey-cheeked Parakeet,Brotogeris pyrrhoptera
30335,Grey-cheeked Thrush,Catharus minimus
27763,Grey-cheeked Tit-babbler,Mixornis flavicollis
25776,Grey-cheeked Warbler,Phylloscopus poliogenys
4996,Grey-chested Dove,Leptotila cassinii
21419,Grey-chested Greenlet,Hylophilus semicinereus
31227,Grey-chested Jungle-flycatcher,Cyornis umbratilis
28785,Grey-chested Kakamega,Kakamega poliothorax
2723,Grey-chinned Hermit,Phaethornis griseogularis
20537,Grey-chinned Minivet,Pericrocotus solaris
32338,Grey-chinned Sunbird,Anthreptes tephrolaemus
5718,Grey-cowled Wood-rail,Aramides cajaneus
15506,Grey-crested Cacholote,Pseudoseisura unirufa
37739,Grey-crested Finch,Lophospingus griseocristatus
20345,Grey-crested Helmetshrike,Prionops poliolophus
23630,Grey-crested Tit,Lophophanes dichrous
19839,Grey-crowned Babbler,Pomatostomus temporalis
24723,Grey-crowned Bulbul,
28329,Grey-crowned Crocias,Laniellus langbianis
17556,Grey-crowned Flatbill,Tolmomyias poliocephalus
35564,Grey-crowned Ground-sparrow,
33455,Grey-crowned Mannikin,Lonchura nevermanni
35738,Grey-crowned Palm-tanager,Phaenicophilus poliocephalus
26631,Grey-crowned Prinia,Prinia cinereocapilla
34289,Grey-crowned Rosy-Finch,Leucosticte tephrocotis
26321,Grey-crowned Tetraka,Xanthomixis cinereiceps
25653,Grey-crowned Tit,
25779,Grey-crowned Warbler,Phylloscopus tephrocephalus
12386,Grey-crowned Woodpecker,Colaptes auricularis
36164,Grey-crowned Yellowthroat,Geothlypis poliocephala
19265,Grey-eared Honeyeater,Lichmera incana
24748,Grey-eyed Bulbul,Iole propinqua
21395,Grey-eyed Greenlet,Hylophilus amaurocephalus
8687,Grey-faced Buzzard,Butastur indicus
7482,Grey-faced Petrel,Pterodroma gouldi
27762,Grey-faced Tit-babbler,Mixornis kelleyi
12666,Grey-faced Woodpecker,Picus canus
15047,Grey-flanked Cinclodes,Cinclodes oustaleti
4974,Grey-fronted Dove,Leptotila rufaxilla
5179,Grey-fronted Green-pigeon,Treron affinis
19432,Grey-fronted Honeyeater,Ptilotula plumula
5377,Grey-green Fruit-dove,Ptilinopus purpuratus
19681,Grey-green Scrubwren,Aethomyias arfakianus
7397,Grey-headed Albatross,Thalassarche chrysostoma
16352,Grey-headed Antbird,Ampelornis griseiceps
27993,Grey-headed Babbler,Stachyris poliocephala
11438,Grey-headed Barbet,
20038,Grey-headed Batis,Batis orientalis
24533,Grey-headed Bristlebill,Bleda canicapillus
14280,Grey-headed Broadbill,Smithornis sharpei
24877,Grey-headed Bulbul,Microtarsus priocephalus
34231,Grey-headed Bullfinch,Pyrrhula erythaca
20099,Grey-headed Bushshrike,Malaconotus blanchoti
23538,Grey-headed Canary-flycatcher,Culicicapa ceylonensis
633,Grey-headed Chachalaca,Ortalis cinereiceps
20776,Grey-headed Cicadabird,Edolisoma schisticeps
4981,Grey-headed Dove,Leptotila plumbeiceps
8683,Grey-headed Fish-eagle,Icthyophaga ichthyaetus
5443,Grey-headed Fruit-dove,Ptilinopus hyogastrus
8495,Grey-headed Goshawk,Tachyspiza poliocephala
24686,Grey-headed Greenbul,Phyllastrephus poliocephalus
7105,Grey-headed Gull,Chroicocephalus cirrocephalus
19431,Grey-headed Honeyeater,Ptilotula keartlandi
5476,Grey-headed Imperial-pigeon,Ducula radiata
10423,Grey-headed Kingfisher,Halcyon leucocephala
8172,Grey-headed Kite,Leptodon cayanensis
6523,Grey-headed Lapwing,Vanellus cinereus
14190,Grey-headed Lovebird,Agapornis canus
33456,Grey-headed Mannikin,Lonchura caniceps
33565,Grey-headed Nigrita,Nigrita canicapillus
33576,Grey-headed Oliveback,Delacourella capistrata
13757,Grey-headed Parakeet,Psittacula finschii
27242,Grey-headed Parrotbill,Paradoxornis gularis
16849,Grey-headed Piprites,Piprites griseiceps
4946,Grey-headed Quail-Dove,Geotrygon caniceps
23419,Grey-headed Robin,Heteromyias cinereifrons
33353,Grey-headed Silverbill,Spermestes griseicapilla
15466,Grey-headed Spinetail,Cranioleuca semicinerea
32291,Grey-headed Sunbird,Deleornis axillaris
5950,Grey-headed Swamphen,Porphyrio poliocephalus
37108,Grey-headed Tanager,Eucometis penicillata
36408,Grey-headed Warbler,Myiothlypis griseiceps
12086,Grey-headed Woodpecker,Dendropicos spodocephalus
18197,Grey-hooded Attila,Attila rufus
27819,Grey-hooded Babbler,Cyanoderma bicolor
28566,Grey-hooded Capuchin Babbler,Turdoides atripennis
17259,Grey-hooded Flycatcher,Mionectes rufiventris
27216,Grey-hooded Fulvetta,Fulvetta cinereiceps
13159,Grey-hooded Parakeet,Psilopsiagon aymara
27288,Grey-hooded Parrotbill,Suthora zappeyi
37486,Grey-hooded Sierra-finch,Phrygilus gayi
32681,Grey-hooded Sunbird,Aethopyga primigenia
37314,Grey-hooded Tanager,Cnemoscopus rubrirostris
25858,Grey-hooded Warbler,Phylloscopus xanthoschistos
27375,Grey-hooded White-eye,Heleia pinaiae
116,Grey-legged Tinamou,Crypturellus duidae
8775,Grey-lined Hawk,Buteo nitidus
28919,Grey-mantled Wren,Odontorchilus branickii
16546,Grey-naped Antpitta,Grallaria griseonucha
5118,Grey-naped Pheasant-pigeon,
34943,Grey-necked Bunting,Emberiza buchanani
23493,Grey-necked Rockfowl,Picathartes oreas
24658,Grey-olive Greenbul,Phyllastrephus cerviniventris
25089,Grey-rumped Swallow,Pseudhirundo griseopyga
2494,Grey-rumped Swift,Chaetura cinereiventris
2244,Grey-rumped Treeswift,Hemiprocne longipennis
25551,Grey-sided Bush-warbler,Cettia brunnifrons
32236,Grey-sided Flowerpecker,Dicaeum celebicum
28767,Grey-sided Laughingthrush,Pterorhinus caerulatus
27967,Grey-sided Scimitar-babbler,Erythrogenys swinhoei
30564,Grey-sided Thrush,Turdus feae
31060,Grey-streaked Flycatcher,Muscicapa griseisticta
18950,Grey-streaked Honeyeater,Ptiloprora perstriata
1727,Grey-striped Spurfowl,Pternistis griseostriatus
3261,Grey-tailed Mountain-gem,
18251,Grey-tailed Piha,Snowornis subalaris
6770,Grey-tailed Tattler,Tringa brevipes
27979,Grey-throated Babbler,Stachyris nigriceps
11436,Grey-throated Barbet,Gymnobucco bonapartei
34972,Grey-throated Bunting,Emberiza goslingi
36640,Grey-throated Chat,Granatellus sallaei
14482,Grey-throated Leaftosser,Sclerurus albigularis
20544,Grey-throated Minivet,
5675,Grey-throated Rail,Canirallus oculeus
32316,Grey-throated Sunbird,Anthreptes griseigularis
30986,Grey-throated Tit-flycatcher,Fraseria griseigularis
36390,Grey-throated Warbler,Myiothlypis cinereicollis
27679,Grey-throated White-eye,Zosterops rendovae
31439,Grey-winged Akalat,Sheppardia polioptera
30549,Grey-winged Blackbird,Turdus boulboul
18300,Grey-winged Cotinga,Lipaugus conditus
1550,Grey-winged Francolin,Scleroptila afra
36776,Grey-winged Inca-finch,Incaspiza ortizi
6136,Grey-winged Trumpeter,Psophia crepitans
36101,Greyish Baywing,Agelaioides badius
9533,Greyish Eagle-owl,Bubo cinerascens
14524,Greyish Miner,Geositta maritima
18090,Greyish Mourner,Rhytipterna simplex
11754,Greyish Piculet,Picumnus granadensis
32070,Greyish-crowned Leafbird,
11262,Greyish-throated Toucanet,Aulacorhynchus albivitta
275,Greylag Goose,Anser anser
33958,Grimwood's Longclaw,Macronyx grimwoodi
3862,Groove-billed Ani,Crotophaga sulcirostris
11285,Groove-billed Toucanet,Aulacorhynchus sulcatus
29910,Grosbeak Starling,Scissirostrum dubium
20061,Ground Batis,Lanioturdus torquatus
20617,Ground Cuckooshrike,Coracina maxima
13922,Ground Parrot,Pezoporus wallicus
23792,Ground Tit,Pseudopodoces humilis
11897,Ground Woodpecker,Geocolaptes olivaceus
30470,Groundscraper Thrush,Turdus litsitsirupa
23246,Growling Riflebird,Ptiloris intercedens
10702,Guadalcanal Dwarf-kingfisher,Ceyx nigromaxilla
22050,Guadalcanal Fantail,Rhipidura ocularis
19283,Guadalcanal Honeyeater,Guadalcanaria inexpectata
21190,Guadalcanal Hooded Whistler,Pachycephala implicata
9157,Guadalcanal Owl,Athene granti
5864,Guadalcanal Rail,Gallirallus woodfordi
26237,Guadalcanal Thicketbird,Cincloramphus turipavae
30377,Guadalcanal Thrush,Zoothera turipavae
27677,Guadalcanal White-eye,Zosterops oblitus
12800,Guadalupe Caracara,Caracara lutosa
35349,Guadalupe Junco,Junco insularis
7269,Guadalupe Murrelet,Synthliboramphus hypoleucus
7440,Guadalupe Storm-petrel,Hydrobates macrodactylus
13308,Guadeloupe Amazon,Amazona violacea
13587,Guadeloupe Parakeet,Psittacara labati
11786,Guadeloupe Woodpecker,Melanerpes herminieri
14142,Guaiabero,Bolbopsittacus lunulatus
36517,Guaiquinima Whitestart,Myioborus cardonai
22449,Guam Flycatcher,Myiagra freycineti
10536,Guam Kingfisher,Todiramphus cinnamominus
5861,Guam Rail,Gallirallus owstoni
25982,Guam Reed-warbler,Acrocephalus luscinius
3579,Guanacaste Hummingbird,
7778,Guanay Cormorant,Leucocarbo bougainvilliorum
12437,Guatemalan Flicker,Colaptes mexicanoides
9218,Guatemalan Pygmy-owl,
9641,Guatemalan Screech-owl,Megascops guatemalae
12582,Guayaquil Woodpecker,Campephilus gayaquilensis
16227,Guianan Antwarbler,Hypocnemis cantator
18262,Guianan Cock-of-the-rock,Rupicola rupicola
29434,Guianan Gnatcatcher,Polioptila guianensis
10985,Guianan Puffbird,Notharchus macrorhynchos
18263,Guianan Red Cotinga,Phoenicircus carnifex
30231,Guianan Solitaire,
15763,Guianan Streaked Antwren,Myrmotherula surinamensis
11238,Guianan Toucanet,Selenidera piperivora
17170,Guianan Tyrannulet,Zimmerius acer
3859,Guira Cuckoo,Guira guira
36825,Guira Tanager,Hemithraupis guira
8592,Gundlach's Hawk,Astur gundlachi
1151,Gunnison Grouse,Centrocercus minimus
8390,Gurney's Eagle,Aquila gurneyi
14339,Gurney's Pitta,Hydrornis gurneyi
28787,Gurney's Sugarbird,Promerops gurneyi
15135,Guttulate Foliage-gleaner,Syndactyla guttulata
12981,Gyrfalcon,Falco rusticolus
7838,Hadada Ibis,Bostrychia hagedash
31194,Hainan Blue Flycatcher,Cyornis hainanus
25854,Hainan Leaf-warbler,Phylloscopus hainanus
22909,Hainan Magpie,Urocissa whiteheadi
1036,Hainan Partridge,Arborophila ardens
1462,Hainan Peacock-Pheasant,Polyplectron katsumatae
32728,Hainan Sunbird,Aethopyga christinae
21826,Hair-crested Drongo,Dicrurus hottentottus
12223,Hairy Woodpecker,Dryobates villosus
24690,Hairy-backed Bulbul,Tricholestes criniger
11521,Hairy-breasted Barbet,Tricholaema hirsuta
16176,Hairy-crested Antbird,Rhegmatorhina melanosticta
10652,Half-collared Kingfisher,Alcedo semitorquata
35293,Half-collared Sparrow,Arremon semitorquatus
19851,Hall's Babbler,Pomatostomus halli
9045,Halmahera Boobook,Ninox hypogramma
20726,Halmahera Cicadabird,Coracina parvula
32189,Halmahera Flowerpecker,Dicaeum schistaceiceps
24809,Halmahera Golden Bulbul,Hypsipetes chloris
21647,Halmahera Oriole,Oriolus phaeochromus
23164,Halmahera Paradise-crow,Lycocorax pyrrhopterus
8089,Hamerkop,Scopus umbretta
17734,Hammond's Flycatcher,Empidonax hammondii
17330,Handsome Flycatcher,Nephelomyias pulcher
18221,Handsome Fruiteater,Pipreola formosa
1710,Handsome Spurfowl,Pternistis nobilis
32705,Handsome Sunbird,Aethopyga bella
17376,Hangnest Tody-tyrant,Hemitriccus nidipendulus
29067,Happy Wren,Pheugopedius felix
488,Hardhead,Aythya australis
16173,Harlequin Antbird,Rhegmatorhina berlepschi
512,Harlequin Duck,Histrionicus histrionicus
1638,Harlequin Quail,Coturnix delegorguei
8313,Harpy Eagle,Harpia harpyja
8743,Harris's Hawk,Parabuteo unicinctus
35413,Harris's Sparrow,Zonotrichia querula
26895,Hartert's Camaroptera,Camaroptera harterti
25847,Hartert's Leaf-warbler,Phylloscopus goodsoni
28615,Hartlaub's Babbler,Turdoides hartlaubii
3851,Hartlaub's Bustard,Lissotis hartlaubii
356,Hartlaub's Duck,Pteronetta hartlaubii
7109,Hartlaub's Gull,Chroicocephalus hartlaubii
1705,Hartlaub's Spurfowl,Pternistis hartlaubi
3789,Hartlaub's Turaco,Tauraco hartlaubi
1774,Harwood's Spurfowl,Pternistis harwoodi
30809,Hauxwell's Thrush,Turdus hauxwelli
34430,Hawaii Akepa,Loxops coccineus
34409,Hawaii Akialoa,Akialoa obscura
34436,Hawaii Amakihi,Chlorodrepanis virens
34426,Hawaii Creeper,Loxops mana
22267,Hawaii Elepaio,Chasiempis sandwichensis
34400,Hawaii Mamo,Drepanis pacifica
23528,Hawaii Oo,Moho nobilis
5931,Hawaiian Coot,Fulica alai
23081,Hawaiian Crow,Corvus hawaiiensis
416,Hawaiian Duck,Anas wyvilliana
253,Hawaiian Goose,Branta sandvicensis
8795,Hawaiian Hawk,Buteo solitarius
7516,Hawaiian Petrel,Pterodroma sandwichensis
6072,Hawaiian Rail,Zapornia sandwichensis
34197,Hawfinch,Coccothraustes coccothraustes
5813,Hawkins's Rail,Diaphorapteryx hawkinsi
1133,Hazel Grouse,Tetrastes bonasia
17123,Hazel-fronted Pygmy-tyrant,Pseudotriccus simplex
7805,Heard Shag,Leucocarbo nivalis
11781,Heart-spotted Woodpecker,Hemicircus canente
7132,Heermann's Gull,Larus heermanni
1812,Heinrich's Nightjar,Eurostopodus diabolicus
7607,Heinroth's Shearwater,Puffinus heinrothi
34142,Hellmayr's Pipit,Anthus hellmayri
20320,Helmet Vanga,Euryceros prevostii
743,Helmeted Curassow,Pauxi pauxi
19176,Helmeted Friarbird,Philemon buceroides
770,Helmeted Guineafowl,Numida meleagris
10166,Helmeted Hornbill,Rhinoplax vigil
18355,Helmeted Manakin,Chiroxiphia galeata
29894,Helmeted Myna,Basilornis galeatus
17428,Helmeted Pygmy-tyrant,Lophotriccus galeatus
12516,Helmeted Woodpecker,Celeus galeatus
10112,Hemprich's Hornbill,Lophoceros hemprichii
8616,Hen Harrier,Circus cyaneus
6071,Henderson Island Crake,Zapornia atra
5392,Henderson Island Fruit-dove,Ptilinopus insularis
26027,Henderson Island Reed-warbler,Acrocephalus taiti
13985,Henderson Lorikeet,Vini stepheni
7513,Henderson Petrel,Pterodroma atrata
15156,Henna-hooded Foliage-gleaner,Clibanornis erythrocephalus
35449,Henslow's Sparrow,Centronyx henslowii
8611,Henst's Goshawk,Astur henstii
36548,Hepatic Tanager,
7509,Herald Petrel,Pterodroma heraldica
31032,Herero Chat,Namibornis herero
30306,Hermit Thrush,Catharus guttatus
36343,Hermit Warbler,Setophaga occidentalis
29351,Hermit Wood-wren,Henicorhina anachoreta
3816,Heuglin's Bustard,Neotis heuglinii
33066,Heuglin's Masked Weaver,Ploceus heuglini
1762,Heuglin's Spurfowl,Pternistis icterorhynchus
31915,Heuglin's Wheatear,Oenanthe heuglinii
16974,Highland Elaenia,Elaenia obscura
736,Highland Guan,Penelopina nigra
24216,Highland Lark,Corypha kurrae
26298,Highland Rush-warbler,Bradypterus centralis
63,Highland Tinamou,Nothocercus bonapartei
1739,Hildebrandt's Spurfowl,Pternistis hildebrandti
30059,Hildebrandt's Starling,Lamprotornis hildebrandti
31237,Hill Blue Flycatcher,Cyornis whitei
1012,Hill Partridge,Arborophila torqueola
4437,Hill Pigeon,Columba rupestris
26625,Hill Prinia,Prinia superciliaris
25237,Hill Swallow,Hirundo domicola
19378,Hill-forest Honeyeater,Meliphaga orientalis
25025,Himalayan Bulbul,Pycnonotus leucogenys
31706,Himalayan Bush-robin,Tarsiger rufilatus
8857,Himalayan Buzzard,Buteo refectus
4338,Himalayan Cuckoo,Cuculus saturatus
28322,Himalayan Cutia,Cutia nipalensis
12686,Himalayan Flameback,Dinopium shorii
30349,Himalayan Forest Thrush,Zoothera salimalii
26171,Himalayan Grasshopper-warbler,Locustella kashmirensis
8242,Himalayan Griffon,Gyps himalayensis
1090,Himalayan Monal,Lophophorus impejanus
9738,Himalayan Owl,Strix nivicolum
1704,Himalayan Quail,Ophrysia superciliosa
31481,Himalayan Rubythroat,Calliope pectoralis
31542,Himalayan Shortwing,Brachypteryx cruralis
1586,Himalayan Snowcock,Tetraogallus himalayensis
2379,Himalayan Swiftlet,Aerodramus brevirostris
34363,Himalayan White-browed Rosefinch,Carpodacus thura
12267,Himalayan Woodpecker,Dendrocopos himalayensis
28590,Hinde's Babbler,Turdoides hindei
13276,Hispaniolan Amazon,Amazona ventralis
34683,Hispaniolan Crossbill,Loxia megaplaga
16991,Hispaniolan Elaenia,
3344,Hispaniolan Emerald,Riccordia swainsonii
34789,Hispaniolan Euphonia,Chlorophonia musica
4145,Hispaniolan Lizard-cuckoo,Coccyzus longirostris
2853,Hispaniolan Mango,Anthracothorax dominicus
1972,Hispaniolan Nightjar,Antrostomus ekmani
35959,Hispaniolan Oriole,Icterus dominicensis
23074,Hispaniolan Palm Crow,Corvus palmarum
13583,Hispaniolan Parakeet,Psittacara chloropterus
17712,Hispaniolan Pewee,Contopus hispaniolensis
35753,Hispaniolan Spindalis,Spindalis dominicensis
9931,Hispaniolan Trogon,Priotelus roseigaster
11815,Hispaniolan Woodpecker,Melanerpes striatus
3056,Hoary Puffleg,Haplophaedia lugens
6228,Hoary-headed Grebe,Poliocephalus poliocephalus
28428,Hoary-throated Barwing,Actinodura nipalensis
15623,Hoary-throated Spinetail,Synallaxis kollari
8109,Hoatzin,Opisthocomus hoazin
5889,Hodgen's Waterhen,Tribonyx hodgenorum
2195,Hodgson's Frogmouth,Batrachostomus hodgsoni
31738,Hodgson's Redstart,Phoenicurus hodgsoni
29631,Hodgson's Treecreeper,Certhia hodgsoni
11841,Hoffmann's Woodpecker,Melanerpes hoffmannii
14658,Hoffmanns's Woodcreeper,Dendrocolaptes hoffmannsi
33062,Holub's Golden Weaver,Ploceus xanthops
3617,Honduran Emerald,Amazilia luciae
24563,Honeyguide Greenbul,Baeopogon indicator
16656,Hooded Antpitta,Grallaricula cucullata
18255,Hooded Berryeater,Carpornis cucullata
20472,Hooded Butcherbird,Cracticus cassicus
6182,Hooded Crane,Grus monacha
23085,Hooded Crow,Corvus cornix
20609,Hooded Cuckooshrike,Coracina longicauda
16688,Hooded Gnateater,Conopophaga roberti
6255,Hooded Grebe,Podiceps gallardoi
34192,Hooded Grosbeak,Coccothraustes abeillei
33460,Hooded Mannikin,Lonchura spectabilis
531,Hooded Merganser,Lophodytes cucullatus
22347,Hooded Monarch,Symposiachrus manadensis
37664,Hooded Mountain-tanager,Buthraupis montana
11233,Hooded Mountain-toucan,Andigena cucullata
35935,Hooded Oriole,Icterus cucullatus
13842,Hooded Parrot,Psephotellus dissimilis
21640,Hooded Pitohui,Pitohui dichrous
6477,Hooded Plover,Thinornis cucullatus
23436,Hooded Robin,Melanodryas cucullata
34759,Hooded Siskin,Spinus magellanicus
36742,Hooded Tanager,Nemosia pileata
70,Hooded Tinamou,Nothocercus nigrocapillus
22956,Hooded Treepie,Crypsirina cucullata
2809,Hooded Visorbearer,Augastes lumachella
8239,Hooded Vulture,Necrosyrtes monachus
36222,Hooded Warbler,Setophaga citrina
31918,Hooded Wheatear,Oenanthe monacha
36215,Hooded Yellowthroat,Geothlypis nelsoni
24694,Hook-billed Bulbul,Setornis criniger
2682,Hook-billed Hermit,Glaucis dohrnii
10305,Hook-billed Kingfisher,Melidora macrorrhina
8166,Hook-billed Kite,Chondrohierax uncinatus
20297,Hook-billed Vanga,Vanga curvirostris
5921,Horned Coot,Fulica cornuta
746,Horned Curassow,Pauxi unicornis
6240,Horned Grebe,Podiceps auritus
737,Horned Guan,Oreophasis derbianus
24375,Horned Lark,Eremophila alpestris
13894,Horned Parakeet,Eunymphicus cornutus
7217,Horned Puffin,Fratercula corniculata
224,Horned Screamer,Anhima cornuta
2824,Horned Sungem,Heliactin bilophus
28218,Horsfield's Babbler,Malacocincla sepiaria
4203,Horsfield's Bronze-cuckoo,Chalcites basalis
24133,Horsfield's Bushlark,Mirafra javanica
2202,Horsfield's Frogmouth,Batrachostomus javensis
2652,Horus Swift,Apus horus
14304,Hose's Broadbill,Calyptomena hosii
34959,House Bunting,Emberiza sahari
23020,House Crow,Corvus splendens
34447,House Finch,Haemorhous mexicanus
32939,House Sparrow,Passer domesticus
25239,House Swallow,Hirundo javanica
2647,House Swift,Apus nipalensis
37189,Huallaga Tanager,Ramphocelus melanogaster
26387,Huambo Cisticola,Cisticola bailunduensis
15330,Huancavelica Canastero,
3117,Huanuco Starfrontlet,
159,Huayco Tinamou,Rhynchotus maculicollis
17828,Hudson's Black-tyrant,Knipolegus hudsoni
15345,Hudson's Canastero,Asthenes hudsoni
6690,Hudsonian Godwit,Limosa haemastica
6664,Hudsonian Whimbrel,
28304,Huet's Fulvetta,Alcippe hueti
19943,Huia,Heteralocha acutirostris
16333,Humaita Antbird,Myrmelastes humaythae
31059,Humblot's Flycatcher,Humblotia flavirostris
32673,Humblot's Sunbird,Cinnyris humbloti
7321,Humboldt Penguin,Spheniscus humboldti
11193,Humboldt's Araçari,
3661,Humboldt's Hummingbird,Chrysuronia humboldtii
9018,Hume's Boobook,Ninox obscura
25515,Hume's Bush-warbler,Horornis brunnescens
24421,Hume's Lark,Calandrella acutirostris
25678,Hume's Leaf-warbler,Phylloscopus humei
31987,Hume's Wheatear,Oenanthe albonigra
27635,Hume's White-eye,Zosterops auriventer
33466,Hunstein's Mannikin,Lonchura hunsteini
26368,Hunter's Cisticola,Cisticola hunteri
32425,Hunter's Sunbird,Chalcomitra hunteri
23206,Huon Astrapia,Astrapia rothschildi
18736,Huon Bowerbird,
18709,Huon Catbird,Ailuroedus astigmaticus
19485,Huon Melidectes,Melidectes foersteri
7589,Hutton's Shearwater,Puffinus huttoni
21523,Hutton's Vireo,Vireo huttoni
13470,Hyacinth Macaw,Anodorhynchus hyacinthinus
2805,Hyacinth Visorbearer,Augastes scutatus
23522,Hypocolius,Hypocolius ampelinus
33197,Ibadan Malimbe,Malimbus ibadanensis
37304,Ibera Seedeater,Sporophila iberaensis
22894,Iberian Azure-winged Magpie,Cyanopica cooki
25733,Iberian Chiffchaff,Phylloscopus ibericus
12658,Iberian Green Woodpecker,Picus sharpei
22577,Iberian Grey Shrike,Lanius meridionalis
6429,Ibisbill,Ibidorhyncha struthersii
7188,Iceland Gull,Larus glaucoides
24646,Icterine Greenbul,Phyllastrephus icterinus
26104,Icterine Warbler,Hippolais icterina
15804,Ihering's Antwren,Myrmotherula iheringi
34399,Iiwi,Drepanis coccinea
25737,Ijima's Leaf-warbler,Phylloscopus ijimae
16230,Imeri Antwarbler,Hypocnemis flavescens
8523,Imitator Goshawk,Tachyspiza imitator
13332,Imperial Amazon,Amazona imperialis
7793,Imperial Shag,Leucocarbo atriceps
6728,Imperial Snipe,Gallinago imperialis
12590,Imperial Woodpecker,Campephilus imperialis
37496,Inaccessible Island Finch,Nesospiza acunhae
5999,Inaccessible Island Rail,Laterallus rogersi
29441,Inambari Gnatcatcher,Polioptila attenboroughi
14893,Inambari Woodcreeper,Lepidocolaptes fatimalimae
4869,Inca Dove,Columbina inca
17282,Inca Flycatcher,Leptopogon taczanowskii
22738,Inca Jay,Cyanocorax yncas
7003,Inca Tern,Larosterna inca
29041,Inca Wren,Pheugopedius eisenmanni
30550,Indian Blackbird,Turdus simillimus
31576,Indian Blue Robin,Larvivora brunnea
24168,Indian Bushlark,Plocealauda erythroptera
7752,Indian Cormorant,Phalacrocorax fuscicollis
6870,Indian Courser,Cursorius coromandelicus
4331,Indian Cuckoo,Cuculus micropterus
20680,Indian Cuckooshrike,Coracina macei
21734,Indian Golden Oriole,Oriolus kundoo
28016,Indian Grass-babbler,Graminicola bengalensis
10180,Indian Grey Hornbill,Ocyceros birostris
23105,Indian Jungle Crow,
2077,Indian Nightjar,Caprimulgus asiaticus
29606,Indian Nuthatch,Sitta castanea
22219,Indian Paradise-flycatcher,Terpsiphone paradisi
1431,Indian Peafowl,Pavo cristatus
29963,Indian Pied Starling,Gracupica contra
14398,Indian Pitta,Pitta brachyura
8039,Indian Pond Heron,Ardeola grayii
11947,Indian Pygmy Woodpecker,Yungipicus nanus
30913,Indian Robin,Copsychus fulicatus
10232,Indian Roller,Coracias benghalensis
27930,Indian Scimitar-babbler,Pomatorhinus horsfieldii
9395,Indian Scops-owl,Otus bakkamoena
33371,Indian Silverbill,Euodice malabarica
6906,Indian Skimmer,Rynchops albicollis
419,Indian Spot-billed Duck,Anas poecilorhyncha
29675,Indian Spotted Creeper,Salpornis spilonota
8352,Indian Spotted Eagle,Clanga hastata
2349,Indian Swiftlet,Aerodramus unicolor
6381,Indian Thick-knee,Burhinus indicus
8245,Indian Vulture,Gyps indicus
27460,Indian White-eye,Zosterops palpebrosus
23851,Indian Yellow Tit,Machlolophus aplonotus
7395,Indian Yellow-nosed Albatross,Thalassarche carteri
36721,Indigo Bunting,Passerina cyanea
37578,Indigo Flowerpiercer,Diglossa indigotica
31150,Indigo Flycatcher,Eumyias indigo
3577,Indigo-capped Hummingbird,Saucerottia cyanifrons
13222,Indigo-winged Parrot,Hapalopsittaca fuertesi
31233,Indochinese Blue Flycatcher,Cyornis sumatrensis
24163,Indochinese Bushlark,Plocealauda erythrocephala
20923,Indochinese Cuckooshrike,Lalage polioptera
27198,Indochinese Fulvetta,Fulvetta danisi
22919,Indochinese Green Magpie,Cissa hypoleuca
10235,Indochinese Roller,Coracias affinis
28278,Indochinese Wren-babbler,Napothera danjoui
27319,Indochinese Yuhina,Staphida torqueola
6545,Inland Dotterel,Peltohyas australis
19717,Inland Thornbill,Acanthiza apicalis
8055,Intermediate Egret,Ardea intermedia
37119,Inti Tanager,Heliothraupis oneilli
22283,Iphis Monarch,Pomarea iphis
29439,Iquitos Gnatcatcher,Polioptila clementsi
22985,Iranian Ground-jay,Podoces pleskei
28544,Iraq Babbler,Argya altirostris
31411,Iringa Akalat,Sheppardia lowei
23669,Iriomote Tit,Sittiparus olivaceus
14044,Iris Lorikeet,Trichoglossus iris
14261,Irrawaddy Broadbill,
21643,Isabela Oriole,Oriolus isabellae
6127,Isabelline Bush-hen,Amaurornis isabellina
22620,Isabelline Shrike,Lanius isabellinus
31914,Isabelline Wheatear,Oenanthe isabellina
34716,Island Canary,Serinus canaria
5545,Island Imperial-pigeon,Ducula pistrinaria
25891,Island Leaf-warbler,Phylloscopus poliocephalus
22370,Island Monarch,Monarcha cinerascens
22833,Island Scrub-jay,Aphelocoma insularis
21018,Island Whistler,Pachycephala phaionota
10496,Islet Kingfisher,Todiramphus colonus
29121,Isthmian Wren,Cantorchilus elutus
32937,Italian Sparrow,Passer italiae
15385,Itatiaia Spinetail,Asthenes moreirae
8950,Itombwe Owl,Tyto prigoginei
20056,Ituri Batis,Batis ituriensis
7085,Ivory Gull,Pagophila eburnea
20418,Ivory-backed Woodswallow,Artamus monachus
11202,Ivory-billed Araçari,Pteroglossus azara
3906,Ivory-billed Coucal,Centropus menbeki
14767,Ivory-billed Woodcreeper,Xiphorhynchus flavigaster
12586,Ivory-billed Woodpecker,Campephilus principalis
14426,Ivory-breasted Pitta,Pitta maxima
31581,Izu Robin,Larvivora tanensis
30568,Izu Thrush,Turdus celaenops
23667,Izu Tit,Sittiparus owstoni
7647,Jabiru,Jabiru mycteria
6701,Jack Snipe,Lymnocryptes minimus
8833,Jackal Buzzard,Buteo rufofuscus
10090,Jackson's Hornbill,Tockus jacksoni
1728,Jackson's Spurfowl,Pternistis jacksoni
33309,Jackson's Widowbird,Euplectes jacksoni
23396,Jacky Winter,Microeca fascinans
4073,Jacobin Cuckoo,Clamator jacobinus
16775,Jalca Tapaculo,Scytalopus frankeae
18634,Jamaican Becard,Pachyramphus niger
35971,Jamaican Blackbird,Nesopsar nigerrimus
23078,Jamaican Crow,Corvus jamaicensis
34813,Jamaican Euphonia,Euphonia jamaica
4134,Jamaican Lizard-cuckoo,Coccyzus vetula
2841,Jamaican Mango,Anthracothorax mango
35875,Jamaican Oriole,Icterus leucopteryx
9434,Jamaican Owl,Asio grammicus
13475,Jamaican Parakeet,Eupsittula nana
7500,Jamaican Petrel,Pterodroma caribbaea
17715,Jamaican Pewee,Contopus pallidus
1943,Jamaican Poorwill,Siphonorhis americana
35757,Jamaican Spindalis,Spindalis nigricephala
10779,Jamaican Tody,Todus todus
21585,Jamaican Vireo,Vireo modestus
11816,Jamaican Woodpecker,Melanerpes radiolatus
33787,Jambandu Indigobird,Vidua raricola
5308,Jambu Fruit-dove,Ptilinopus jambu
33556,Jameson's Antpecker,Parmoptila jamesoni
33754,Jameson's Firefinch,Lagonosticta rhodopareia
20090,Jameson's Wattle-eye,Platysteira jamesoni
13512,Jandaya Parakeet,Aratinga jandaya
34942,Jankowski's Bunting,Emberiza jankowskii
33872,Japanese Accentor,Prunella rubida
25490,Japanese Bush-warbler,Horornis diphone
8859,Japanese Buzzard,Buteo japonicus
7754,Japanese Cormorant,Phalacrocorax capillatus
34207,Japanese Grosbeak,Eophona personata
25803,Japanese Leaf-warbler,Phylloscopus xanthodryas
7266,Japanese Murrelet,Synthliboramphus wumizusume
7953,Japanese Night Heron,Gorsachius goisagi
22239,Japanese Paradise-flycatcher,Terpsiphone atrocaudata
11984,Japanese Pygmy Woodpecker,Yungipicus kizuki
1635,Japanese Quail,Coturnix japonica
31579,Japanese Robin,Larvivora akahige
9407,Japanese Scops-owl,Otus semitorques
8471,Japanese Sparrowhawk,Tachyspiza gularis
30559,Japanese Thrush,Turdus cardis
33936,Japanese Wagtail,Motacilla grandis
23505,Japanese Waxwing,Bombycilla japonica
12643,Japanese Woodpecker,Picus awokera
4484,Japanese Woodpigeon,Columba janthina
33373,Java Sparrow,Padda oryzivora
14328,Javan Banded Pitta,Hydrornis guajanus
31260,Javan Blue Flycatcher,Cyornis banyumas
10626,Javan Blue-banded Kingfisher,Alcedo euryzona
14268,Javan Broadbill,Eurylaimus javanicus
24774,Javan Bulbul,Ixos virescens
30220,Javan Cochoa,Cochoa azurea
3950,Javan Coucal,Centropus nigrorufus
12721,Javan Flameback,Chrysocolaptes strictus
32256,Javan Flowerpecker,Dicaeum sanguinolentum
28296,Javan Fulvetta,Alcippe pyrrhoptera
22925,Javan Green Magpie,Cissa thalassina
27371,Javan Grey-throated White-eye,Heleia javanica
8324,Javan Hawk-eagle,Nisaetus bartelsi
10416,Javan Kingfisher,Halcyon cyanoventris
6529,Javan Lapwing,Vanellus macropterus
32051,Javan Leafbird,Chloropsis cochinchinensis
33422,Javan Munia,Lonchura leucogastroides
29938,Javan Myna,Acridotheres javanicus
21667,Javan Oriole,Oriolus cruentus
9190,Javan Owlet,Glaucidium castanopterum
29969,Javan Pied Starling,Gracupica jalla
6602,Javan Plover,Anarhynchus javanicus
8041,Javan Pond Heron,Ardeola speciosa
27941,Javan Scimitar-babbler,Pomatorhinus montanus
9289,Javan Scops-owl,Otus angelinae
31568,Javan Shortwing,Brachypteryx montana
32763,Javan Sunbird,Aethopyga mystacalis
25543,Javan Tesia,Tesia superciliaris
9868,Javan Trogon,Apalharpactes reinwardtii
25822,Javan Warbler,Phylloscopus grammiceps
31523,Javan Whistling-thrush,Myophonus glaucinus
27599,Javan White-eye,Zosterops flavus
6708,Javan Woodcock,Scolopax saturata
12597,Javan Yellownape,Chrysophlegma mentale
17927,Jelski's Chat-tyrant,Silvicultrix jelskii
27186,Jerdon's Babbler,Chrysomma altirostre
8181,Jerdon's Baza,Aviceda jerdoni
31780,Jerdon's Bushchat,Saxicola jerdoni
24166,Jerdon's Bushlark,Plocealauda affinis
6869,Jerdon's Courser,Rhinoptilus bitorquatus
32054,Jerdon's Leafbird,Chloropsis jerdoni
20522,Jerdon's Minivet,Pericrocotus albifrons
2035,Jerdon's Nightjar,Caprimulgus atripennis
16289,Jet Antbird,Cercomacra nigricans
18338,Jet Manakin,Chloropipo unicolor
17372,Joao's Tody-tyrant,Hemitriccus iohannis
23174,Jobi Manucode,Manucodia jobiensis
16549,Jocotoco Antpitta,Grallaria ridgelyi
32591,Johanna's Sunbird,Cinnyris johannae
12072,Johnston's Woodpecker,
13650,Jonquil Parrot,Aprosmictus jonquillaceus
33797,Jos Plateau Indigobird,Vidua maryae
13964,Josephine's Lorikeet,Charmosyna josefinae
7635,Jouanin's Petrel,Bulweria fallax
24551,Joyful Greenbul,Chlorocichla laetissima
2893,Juan Fernandez Firecrown,Sephanoides fernandensis
7502,Juan Fernandez Petrel,Pterodroma externa
17068,Juan Fernandez Tit-tyrant,Anairetes fernandezianus
33121,Juba Weaver,Ploceus dichrocephalus
28523,Jungle Babbler,Argya striata
9056,Jungle Boobook,Ninox theomacha
1688,Jungle Bush-quail,Perdicula asiatica
23103,Jungle Crow,
29942,Jungle Myna,Acridotheres fuscus
1999,Jungle Nightjar,Caprimulgus indicus
9192,Jungle Owlet,Glaucidium radiatum
26662,Jungle Prinia,Prinia sylvatica
16582,Junin Antpitta,Grallaria obscura
15356,Junin Canastero,Asthenes virgata
6254,Junin Grebe,Podiceps taczanowskii
6006,Junin Rail,
16795,Junin Tapaculo,Scytalopus gettyae
23649,Juniper Titmouse,Baeolophus ridgwayi
26841,Kabobo Apalis,Apalis kaboboensis
22063,Kadavu Fantail,Rhipidura personata
19297,Kadavu Honeyeater,Meliphacator provocator
17400,Kaempfer's Tody-tyrant,Hemitriccus kaempferi
12507,Kaempfer's Woodpecker,Celeus obrieni
27503,Kafa White-eye,Zosterops kaffensis
7272,Kagu,Rhynochetos jubatus
27706,Kai Besar White-eye,Zosterops grayi
20757,Kai Cicadabird,Edolisoma dispar
3984,Kai Coucal,
21982,Kai Fantail,
27709,Kai Kecil White-eye,Zosterops uropygialis
24572,Kakamega Greenbul,
13010,Kakapo,Strigops habroptilus
34380,Kakawahie,Paroreomyza flammea
30859,Kalahari Scrub-robin,Cercotrichas paena
31258,Kalao Blue Flycatcher,Cyornis kalaoensis
1377,Kalij Pheasant,Lophura leucomelanos
29253,Kalinago Wren,Troglodytes martinicensis
17913,Kalinowski's Chat-Tyrant,
18905,Kalkadoon Grasswren,Amytornis ballarae
30186,Kamao,Myadestes myadestinus
25805,Kamchatka Leaf-warbler,Phylloscopus examinandus
33599,Kandt's Waxbill,Estrilda kandti
36,Kangaroo Island Emu,
30938,Kangean Shama,Copsychus nigricauda
27765,Kangean Tit-babbler,Mixornis prillwitzi
26857,Karamoja Apalis,Apalis karamojae
2235,Karimui Owlet-nightjar,Aegotheles terborghi
3826,Karoo Bustard,Heterotetrax vigorsii
31845,Karoo Chat,Emarginata schlegelii
27031,Karoo Eremomela,Eremomela gregalis
24109,Karoo Lark,Calendulauda albescens
23988,Karoo Long-billed Lark,Certhilauda subcoronata
26717,Karoo Prinia,Prinia maculosa
30838,Karoo Scrub-robin,Tychaedon coryphoeus
30528,Karoo Thrush,Turdus smithi
31644,Kashmir Flycatcher,Ficedula subrubra
29604,Kashmir Nuthatch,Sitta cashmirensis
33094,Katanga Masked Weaver,Ploceus katangae
34413,Kauai Akialoa,Akialoa stejnegeri
34441,Kauai Amakihi,Chlorodrepanis stejnegeri
22263,Kauai Elepaio,Chasiempis sclateri
34419,Kauai Nukupuu,Hemignathus hanapepe
23525,Kauai Oo,Moho braccatus
13011,Kea,Nestor notabilis
10827,Keel-billed Motmot,Electron carinatum
11175,Keel-billed Toucan,Ramphastos sulfuratus
338,Kelp Goose,Chloephaga hybrida
7147,Kelp Gull,Larus dominicanus
25393,Kemp's Longbill,Macrosphenus kempi
30106,Kenrick's Starling,Poeoptera kenricki
6603,Kentish Plover,Anarhynchus alexandrinus
36184,Kentucky Warbler,Geothlypis formosa
32884,Kenya Sparrow,Passer rufocinctus
27421,Kenya White-eye,Zosterops flavilateralis
7803,Kerguelen Islands Shag,Leucocarbo verrucosus
7478,Kerguelen Petrel,Aphrodroma brevirostris
7031,Kerguelen Tern,Sterna virgata
7506,Kermadec Petrel,Pterodroma neglecta
4950,Key West Quail-Dove,Geotrygon chrysia
24210,Kidepo Lark,Corypha kidepoensis
19295,Kikau,Foulehaio procerior
27507,Kikuyu White-eye,Zosterops kikuyuensis
27498,Kilimanjaro White-eye,Zosterops eurycricotus
6464,Killdeer,Charadrius vociferus
26375,Kilombero Cisticola,Cisticola bakerorum
33077,Kilombero Weaver,Ploceus burnieri
23394,Kimberley Flyrobin,
19406,Kimberley Honeyeater,Meliphaga fordiana
8263,Kinabalu Serpent-eagle,Spilornis kinabaluensis
23270,King Bird-of-paradise,Cicinnurus regius
504,King Eider,Somateria spectabilis
34,King Island Emu,
7301,King Penguin,Aptenodytes patagonicus
5758,King Rail,Rallus elegans
8111,King Vulture,Sarcoramphus papa
23223,King of Saxony Bird-of-paradise,Pteridophora alberti
17569,Kinglet Calyptura,Calyptura cristata
18448,Kinglet Manakin,Machaeropterus regulus
23524,Kioea,Chaetoptila angustipluma
34618,Kipengere Seedeater,Crithagra melanochroa
25995,Kiritimati Reed-warbler,Acrocephalus aequinoctialis
27551,Kirk's White-eye,Zosterops kirki
36224,Kirtland's Warbler,Setophaga kirtlandii
7227,Kittlitz's Murrelet,Brachyramphus brevirostris
6580,Kittlitz's Plover,Anarhynchus pecuarius
4191,Klaas's Cuckoo,Chrysococcyx klaas
16217,Klages's Antbird,Drymophila klagesi
15770,Klages's Antwren,Myrmotherula klagesi
25850,Kloss's Leaf-warbler,Phylloscopus ogilviegranti
327,Knob-billed Duck,Sarkidiornis melanotos
5440,Knob-billed Fruit-dove,Ptilinopus insolitus
10205,Knobbed Hornbill,Rhyticeros cassidix
3778,Knysna Turaco,Tauraco corythaix
26259,Knysna Warbler,Bradypterus sylvaticus
11926,Knysna Woodpecker,Campethera notata
2762,Koepcke's Hermit,Phaethornis koepckeae
9652,Koepcke's Screech-owl,Megascops koepckeae
22345,Kofiau Monarch,Symposiachrus julianae
10336,Kofiau Paradise-kingfisher,Tanysiptera ellioti
1096,Koklass Pheasant,Pucrasia macrolopha
25890,Kolombangara Leaf-warbler,Phylloscopus amoenus
22366,Kolombangara Monarch,Symposiachrus browni
27737,Kolombangara White-eye,Zosterops murphyi
34396,Kona Grosbeak,Chloridops kona
24131,Kordofan Lark,Mirafra cordofanica
32880,Kordofan Sparrow,Passer cordofanicus
25496,Korean Bush-warbler,Horornis canturians
3799,Kori Bustard,Ardeotis kori
6069,Kosrae Crake,Zapornia monasa
5357,Kosrae Fruit-dove,Ptilinopus hernsheimi
29880,Kosrae Starling,Aplonis corvina
27688,Kosrae White-eye,Zosterops cinereus
25400,Kretschmer's Longbill,Macrosphenus kretschmeri
29552,Krueper's Nuthatch,Sitta krueperi
27505,Kulal White-eye,
26854,Kungwe Apalis,Apalis argentea
31978,Kurdish Wheatear,Oenanthe xanthoprymna
30517,Kurrichane Thrush,Turdus libonyana
18170,La Sagra's Flycatcher,Myiarchus sagrae
30700,La Selle Thrush,Turdus swalesi
502,Labrador Duck,Camptorhynchus labradorius
12634,Laced Woodpecker,Picus vittatus
37713,Lacrimose Mountain-tanager,Anisognathus lacrymosus
12102,Ladder-backed Woodpecker,Dryobates scalaris
1930,Ladder-tailed Nightjar,Hydropsalis climacocerca
1315,Lady Amherst's Pheasant,Chrysolophus amherstiae
11683,Lafresnaye's Piculet,Picumnus lafresnayi
20301,Lafresnaye's Vanga,Xenopirostris xenopirostris
14749,Lafresnaye's Woodcreeper,
20107,Lagden's Bushshrike,Malaconotus lagdeni
12974,Laggar Falcon,Falco jugger
550,Lake Duck,Oxyura vittata
34415,Lanai Akialoa,Akialoa lanaiensis
34398,Lanai Hookbill,Dysmorodrepanis munroi
18352,Lance-tailed Manakin,Chiroxiphia lanceolata
11055,Lanceolated Monklet,Micromonacha lanceolata
26131,Lanceolated Warbler,Locustella lanceolata
12968,Lanner Falcon,Falco biarmicus
34886,Lapland Longspur,Calcarius lapponicus
8235,Lappet-faced Vulture,Torgos tracheliotos
31228,Large Blue Flycatcher,Cyornis magnirostris
20683,Large Cuckooshrike,Coracina javensis
16942,Large Elaenia,Elaenia spectabilis
14108,Large Fig-parrot,Cyclopsitta desmarestii
2185,Large Frogmouth,Batrachostomus auritus
5219,Large Green-pigeon,Treron capellei
28513,Large Grey Babbler,Argya malcolmi
37091,Large Ground-finch,Geospiza magnirostris
4307,Large Hawk-Cuckoo,Hierococcyx sparverioides
16989,Large Jamaican Elaenia,Elaenia fallax
27738,Large Lifou White-eye,Zosterops inornatus
31139,Large Niltava,Niltava grandis
15068,Large Pale-browed Treehunter,Cichlocolaptes leucophrus
25225,Large Rock Martin,Ptyonoprogne fuligula
7540,Large Saint Helena Petrel,Pterodroma rupinarum
27944,Large Scimitar-babbler,Erythrogenys hypoleucos
19654,Large Scrubwren,Sericornis nouhuysi
37076,Large Tree-finch,Camarhynchus psittacula
31132,Large Vivid Niltava,Niltava oatesi
20371,Large Woodshrike,Tephrodornis virgatus
28021,Large Wren-babbler,Turdinus macrodactylus
15912,Large-billed Antwren,Herpsilochmus longirostris
31204,Large-billed Blue Flycatcher,Cyornis caerulatus
23092,Large-billed Crow,Corvus macrorhynchos
19775,Large-billed Gerygone,Gerygone magnirostris
24315,Large-billed Lark,Galerida magnirostris
25800,Large-billed Leaf-warbler,Phylloscopus magnirostris
26046,Large-billed Reed-warbler,Acrocephalus orinus
19650,Large-billed Scrubwren,Sericornis magnirostra
37258,Large-billed Seed-finch,Sporophila crassirostris
35474,Large-billed Sparrow,
6988,Large-billed Tern,Phaetusa simplex
35526,Large-footed Finch,Pezopetes capitalis
16794,Large-footed Tapaculo,Scytalopus macropus
18182,Large-headed Flatbill,Ramphotrigon megacephalum
22998,Large-spotted Nutcracker,Nucifraga multipunctata
16126,Large-tailed Antshrike,Mackenziaena leachii
2038,Large-tailed Nightjar,Caprimulgus macrurus
35220,Lark Bunting,Calamospiza melanocorys
35217,Lark Sparrow,Chondestes grammacus
15327,Lark-like Brushrunner,Coryphistera alaudina
34962,Lark-like Bunting,Emberiza impetuani
30931,Larwo Shama,Copsychus omissus
6738,Latham's Snipe,Gallinago hardwickii
9932,Lattice-tailed Trogon,Trogon clathratus
4683,Laughing Dove,Spilopelia senegalensis
12823,Laughing Falcon,Herpetotheres cachinnans
7113,Laughing Gull,Leucophaeus atricilla
10361,Laughing Kookaburra,Dacelo novaeguineae
8960,Laughing Owl,Ninox albifacies
25765,Laura's Woodland-warbler,Phylloscopus laurae
7117,Lava Gull,Leucophaeus fuliginosus
8026,Lava Heron,
33585,Lavender Waxbill,Glaucestrilda caerulescens
23216,Lawes's Parotia,Parotia lawesii
34731,Lawrence's Goldfinch,Spinus lawrencei
30739,Lawrence's Thrush,Turdus lawrencii
27075,Layard's Warbler,Curruca layardi
7388,Laysan Albatross,Phoebastria immutabilis
414,Laysan Duck,Anas laysanensis
34387,Laysan Finch,Telespiza cantans
34406,Laysan Honeycreeper,Himatione fraithii
6076,Laysan Rail,Zapornia palmeri
36722,Lazuli Bunting,Passerina amoena
10466,Lazuli Kingfisher,Todiramphus lazuli
3446,Lazuline Sabrewing,Campylopterus falcatus
26377,Lazy Cisticola,Cisticola aberrans
35430,LeConte's Sparrow,Ammospiza leconteii
29765,LeConte's Thrasher,Toxostoma lecontei
7423,Leach's Storm-petrel,Hydrobates leucorhous
15825,Leaden Antwren,Myrmotherula assimilis
22459,Leaden Flycatcher,Myiagra rubecula
18935,Leaden Honeyeater,Ptiloprora plumbea
24670,Leaf-love,Phyllastrephus scandens
28130,Leaflitter Babbler,
13471,Lear's Macaw,Anodorhynchus leari
7221,Least Auklet,Aethia pusilla
7903,Least Bittern,Botaurus exilis
9041,Least Boobook,Ninox sumbaensis
17733,Least Flycatcher,Empidonax minimus
6212,Least Grebe,Tachybaptus dominicus
11623,Least Honeyguide,Indicator exilis
1828,Least Nighthawk,Chordeiles pusillus
1940,Least Poorwill,Siphonorhis brewsteri
9237,Least Pygmy-owl,Glaucidium minutissimum
6843,Least Sandpiper,Calidris minutilla
6650,Least Seedsnipe,Thinocorus rumicivorus
7443,Least Storm-petrel,Hydrobates microsoma
6976,Least Tern,Sternula antillarum
17777,Least Vermilion Flycatcher,
8318,Legge's Hawk-Eagle,Nisaetus kelaarti
4510,Lemon Dove,Aplopelia larvata
25438,Lemon-bellied Crombec,Sylvietta denti
23387,Lemon-bellied Flyrobin,Microeca flavigaster
27562,Lemon-bellied White-eye,Zosterops chloris
34545,Lemon-breasted Canary,Crithagra citrinipectus
18020,Lemon-browed Flycatcher,Conopias cinchoneti
21406,Lemon-chested Greenlet,
25685,Lemon-rumped Leaf-warbler,Phylloscopus chloronotus
37173,Lemon-rumped Tanager,
36610,Lemon-spectacled Tanager,Chlorothraupis olivacea
11130,Lemon-throated Barbet,Eubucco richardsoni
25739,Lemon-throated Leaf-warbler,Phylloscopus cebuensis
25444,Lendu Crombec,
7641,Lesser Adjutant,Leptoptilos javanicus
37026,Lesser Antillean Bullfinch,Loxigilla noctis
34793,Lesser Antillean Euphonia,Chlorophonia flavifrons
18177,Lesser Antillean Flycatcher,Myiarchus oberi
17717,Lesser Antillean Pewee,Contopus latirostris
36922,Lesser Antillean Saltator,Saltator albicollis
2508,Lesser Antillean Swift,Chaetura martinica
1913,Lesser Band-winged Nightjar,Quechuavis decussata
23292,Lesser Bird-of-paradise,Paradisaea minor
7173,Lesser Black-backed Gull,Larus fuscus
30021,Lesser Blue-eared Starling,Lamprotornis chloropterus
3973,Lesser Coucal,Centropus bengalensis
11034,Lesser Crescent-chested Puffbird,
7061,Lesser Crested Tern,Thalasseus bengalensis
4328,Lesser Cuckoo,Cuculus poliocephalus
20927,Lesser Cuckooshrike,Lalage fimbriata
16963,Lesser Elaenia,Elaenia chiriquensis
8680,Lesser Fish-eagle,Icthyophaga humilis
6268,Lesser Flamingo,Phoeniconaias minor
3855,Lesser Florican,Sypheotides indicus
7673,Lesser Frigatebird,Fregata ariel
34737,Lesser Goldfinch,Spinus psaltria
36762,Lesser Grass-finch,Emberizoides ypiranganus
32037,Lesser Green Leafbird,Chloropsis cyanopogon
21437,Lesser Greenlet,Pachysylvia decurtata
22605,Lesser Grey Shrike,Lanius minor
3873,Lesser Ground-cuckoo,Morococcyx erythropygus
23304,Lesser Ground-robin,Amalocichla incerta
11629,Lesser Honeyguide,Indicator minor
23961,Lesser Hoopoe-lark,Alaemon hamertoni
9496,Lesser Horned Owl,Bubo magellanicus
14981,Lesser Hornero,Furnarius minor
6631,Lesser Jacana,Microparra capensis
12861,Lesser Kestrel,Falco naumanni
18009,Lesser Kiskadee,Philohydor lictor
34392,Lesser Koa-finch,Rhodacanthis flaviceps
33082,Lesser Masked Weaver,Ploceus intermedius
8871,Lesser Masked-Owl,Tyto sororcula
23154,Lesser Melampitta,Melampitta lugubris
5891,Lesser Moorhen,Paragallinula angulata
28641,Lesser Necklaced Laughingthrush,Garrulax monileger
1839,Lesser Nighthawk,Chordeiles acutipennis
6928,Lesser Noddy,Anous tenuirostris
189,Lesser Nothura,Nothura minor
10992,Lesser Pied Puffbird,
1174,Lesser Prairie-chicken,Tympanuchus pallidicinctus
21777,Lesser Racquet-tailed Drongo,Dicrurus remifer
14,Lesser Rhea,Rhea pennata
3880,Lesser Roadrunner,Geococcyx velox
500,Lesser Scaup,Aythya affinis
33700,Lesser Seedcracker,Pyrenestes minor
31549,Lesser Shortwing,Brachypteryx leucophris
17885,Lesser Shrike-tyrant,Agriornis murinus
8867,Lesser Sooty-owl,
8354,Lesser Spotted Eagle,Clanga pomarina
12136,Lesser Spotted Woodpecker,Dryobates minor
12704,Lesser Sri Lanka Flameback,Dinopium psarodes
25319,Lesser Striped Swallow,Cecropis abyssinica
8500,Lesser Sundas Goshawk,
2558,Lesser Swallow-tailed Swift,Panyptila cayennensis
25947,Lesser Swamp-warbler,Acrocephalus gracilirostris
2814,Lesser Violetear,Colibri cyanotus
17142,Lesser Wagtail-tyrant,Stigmatura napensis
240,Lesser Whistling-duck,Dendrocygna javanica
296,Lesser White-fronted Goose,Anser erythropus
27089,Lesser Whitethroat,Curruca curruca
14719,Lesser Woodcreeper,Xiphorhynchus fuscus
8124,Lesser Yellow-headed Vulture,Cathartes burrovianus
6782,Lesser Yellowlegs,Tringa flavipes
12613,Lesser Yellownape,Picus chlorolophus
37201,Lesson's Seedeater,Sporophila bouvronides
8150,Letter-winged Kite,Elanus scriptus
11191,Lettered Araçari,Pteroglossus inscriptus
26463,Levaillant's Cisticola,Cisticola tinniens
4072,Levaillant's Cuckoo,Clamator levaillantii
8476,Levant Sparrowhawk,Tachyspiza brevipes
19350,Lewin's Honeyeater,Meliphaga lewinii
5802,Lewin's Rail,Lewinia pectoralis
11785,Lewis's Woodpecker,Melanerpes lewis
24122,Liben Lark,Heteromirafra archeri
4399,Lichtenstein's Sandgrouse,Pterocles lichtensteinii
15443,Light-crowned Spinetail,Cranioleuca albiceps
7392,Light-mantled Albatross,Phoebetria palpebrata
24974,Light-vented Bulbul,Pycnonotus sinensis
10241,Lilac-breasted Roller,Coracias caudatus
13280,Lilac-crowned Amazon,Amazona finschi
13146,Lilac-tailed Parrotlet,Touit batavicus
13284,Lilacine Amazon,
25833,Limestone Leaf-warbler,Phylloscopus calciatilis
6184,Limpkin,Aramus guarauna
32689,Lina's Sunbird,Aethopyga linaraborae
35518,Lincoln's Sparrow,Melospiza lincolnii
15486,Line-cheeked Spinetail,Cranioleuca antisiensis
14730,Line-crowned Woodcreeper,
15347,Line-fronted Canastero,Asthenes urubambensis
11306,Lineated Barbet,Psilopogon lineatus
15123,Lineated Foliage-gleaner,Syndactyla subalaris
14889,Lineated Woodcreeper,Lepidocolaptes albolineatus
12518,Lineated Woodpecker,Dryocopus lineatus
15995,Lined Antshrike,Thamnophilus tenuepunctatus
12837,Lined Forest-falcon,Micrastur gilvicollis
5019,Lined Quail-Dove,Zentrygon linearis
37204,Lined Seedeater,Sporophila lineola
12341,Lita Woodpecker,Piculus litae
7247,Little Auk,Alle alle
10862,Little Bee-eater,Merops pusillus
7751,Little Black Cormorant,Phalacrocorax sulcirostris
7958,Little Blue Heron,Egretta caerulea
4212,Little Bronze-cuckoo,Chalcites minutillus
3833,Little Brown Bustard,Heterotetrax humilis
34992,Little Bunting,Emberiza pusilla
3856,Little Bustard,Tetrax tetrax
6323,Little Buttonquail,Turnix velox
667,Little Chachalaca,Ortalis motmot
13067,Little Corella,Cacatua sanguinea
7728,Little Cormorant,Microcarbo niger
6055,Little Crake,Zapornia parva
23115,Little Crow,Corvus bennetti
4078,Little Cuckoo,Coccycua minuta
4754,Little Cuckoo-Dove,Macropygia ruficeps
6667,Little Curlew,Numenius minutus
8364,Little Eagle,Hieraaetus morphnoides
7976,Little Egret,Egretta garzetta
31487,Little Forktail,Enicurus scouleri
19156,Little Friarbird,Philemon citreogularis
26200,Little Grassbird,Poodytes gramineus
6191,Little Grebe,Tachybaptus ruficollis
32331,Little Green Sunbird,Anthreptes seimundi
11927,Little Green Woodpecker,Campethera maculosa
5160,Little Green-pigeon,Treron olax
24608,Little Greenbul,Eurillas virens
31082,Little Grey Flycatcher,Muscicapa epulata
17781,Little Ground-tyrant,Syrtidicola fluviatilis
7079,Little Gull,Hydrocoloeus minutus
2707,Little Hermit,Phaethornis longuemareus
7993,Little Heron,
36778,Little Inca-finch,Incaspiza watkinsi
10727,Little Kingfisher,Ceyx pusillus
14556,Little Long-tailed Woodcreeper,Deconychura typica
14020,Little Lorikeet,Psitteuteles pusillus
1894,Little Nightjar,Setopagis parvula
9127,Little Owl,Athene noctua
10340,Little Paradise-kingfisher,Tanysiptera hydrocharis
7312,Little Penguin,Eudyptula minor
7729,Little Pied Cormorant,Microcarbo melanoleucos
31634,Little Pied Flycatcher,Ficedula westermanni
6895,Little Pratincole,Glareola lactea
23120,Little Raven,Corvus mellori
6490,Little Ringed Plover,Thinornis dubius
31764,Little Rock-thrush,Monticola rufocinereus
26288,Little Rush-warbler,Bradypterus baboecala
7609,Little Shearwater,Puffinus assimilis
21254,Little Shrike-thrush,Colluricincla megarhyncha
31675,Little Slaty Flycatcher,Ficedula basilanica
8443,Little Sparrowhawk,Tachyspiza minulla
32776,Little Spiderhunter,Arachnothera longirostra
24,Little Spotted Kiwi,Apteryx owenii
11933,Little Spotted Woodpecker,
6842,Little Stint,Calidris minuta
2880,Little Sunangel,Heliangelus micraster
2639,Little Swift,Apus affinis
6967,Little Tern,Sternula albifrons
15310,Little Thornbird,Phacellodomus sibilatrix
75,Little Tinamou,Crypturellus soui
17775,Little Vermilion Flycatcher,Pyrocephalus nanus
19459,Little Wattlebird,Anthochaera chrysoptera
33035,Little Weaver,Ploceus luteolus
6920,Little White Tern,
5711,Little Wood-rail,Aramides mangle
12156,Little Woodpecker,Dryobates passerinus
3285,Little Woodstar,Chaetocercus bombus
20435,Little Woodswallow,Artamus minor
25580,Little Yellow Flycatcher,Erythrocercus holochlorus
31762,Littoral Rock-thrush,Monticola imerina
5065,Liverpool Pigeon,Caloenas maculata
25585,Livingstone's Flycatcher,Erythrocercus livingstonei
3769,Livingstone's Turaco,Tauraco livingstonii
8423,Lizard Buzzard,Kaupifalco monogrammicus
33034,Loango Weaver,Ploceus subpersonatus
33654,Locust Finch,Paludipasser locustella
18080,Loggerhead Kingbird,Tyrannus caudifasciatus
22561,Loggerhead Shrike,Lanius ludovicianus
16757,Loja Tapaculo,Scytalopus androstictus
17179,Loja Tyrannulet,
31690,Lompobattang Flycatcher,Ficedula bonthaina
25888,Lompobattang Leaf-warbler,Phylloscopus sarasinorum
18933,Long-bearded Honeyeater,Melionyx princeps
13074,Long-billed Corella,Cacatua tenuirostris
25415,Long-billed Crombec,Sylvietta rufescens
23047,Long-billed Crow,Corvus validus
4200,Long-billed Cuckoo,Chalcites megarhynchus
6669,Long-billed Curlew,Numenius americanus
6695,Long-billed Dowitcher,Limnodromus scolopaceus
26985,Long-billed Forest-warbler,Artisornis moreaui
29403,Long-billed Gnatwren,Ramphocaenus melanurus
26142,Long-billed Grasshopper-warbler,Locustella major
2772,Long-billed Hermit,Phaethornis longirostris
18978,Long-billed Honeyeater,Melilestes megarhynchus
7225,Long-billed Murrelet,Brachyramphus perdix
19152,Long-billed Myzomela,Myzomela longirostris
1277,Long-billed Partridge,Rhizothera longirostris
34012,Long-billed Pipit,Anthus similis
6494,Long-billed Plover,Thinornis placidus
32793,Long-billed Spiderhunter,Arachnothera robusta
3226,Long-billed Starthroat,Heliomaster longirostris
32666,Long-billed Sunbird,Cinnyris notatus
26308,Long-billed Tetraka,Bernieria madagascariensis
29735,Long-billed Thrasher,Toxostoma longirostre
30352,Long-billed Thrush,Zoothera monticola
27369,Long-billed White-eye,Rukia longirostra
14623,Long-billed Woodcreeper,Nasica longirostris
29139,Long-billed Wren,Cantorchilus longirostris
28270,Long-billed Wren-babbler,Napothera malacoptila
8348,Long-crested Eagle,Lophaetus occipitalis
29895,Long-crested Myna,Basilornis corythaix
17421,Long-crested Pygmy-tyrant,Lophotriccus eulophotes
9440,Long-eared Owl,Asio otus
8853,Long-legged Buzzard,Buteo rufinus
34061,Long-legged Pipit,Anthus pallidiventris
26242,Long-legged Thicketbird,Cincloramphus rufus
14227,Long-tailed Broadbill,Psarisomus dalhousiae
15022,Long-tailed Cinclodes,Cinclodes pabsti
7723,Long-tailed Cormorant,Microcarbo africanus
524,Long-tailed Duck,Clangula hyemalis
22084,Long-tailed Fantail,Rhipidura opistherythra
33346,Long-tailed Finch,Poephila acuticauda
22538,Long-tailed Fiscal,Lanius cabanisi
30042,Long-tailed Glossy Starling,Lamprotornis caudatus
26155,Long-tailed Grasshopper-warbler,Locustella caudata
4929,Long-tailed Ground Dove,Uropelia campestris
10281,Long-tailed Ground-roller,Uratelornis chimaera
8411,Long-tailed Hawk,Urotriorchis macrourus
2780,Long-tailed Hermit,Phaethornis superciliosus
8227,Long-tailed Honey-buzzard,Henicopernis longicauda
7193,Long-tailed Jaeger,Stercorarius longicaudus
4180,Long-tailed Koel,Urodynamis taitensis
18349,Long-tailed Manakin,Chiroxiphia linearis
35798,Long-tailed Meadowlark,Leistes loyca
20554,Long-tailed Minivet,Pericrocotus ethologus
29704,Long-tailed Mockingbird,Mimus longicaudatus
29885,Long-tailed Myna,Mino kreffti
2126,Long-tailed Nightjar,Caprimulgus climacurus
23192,Long-tailed Paradigalla,Paradigalla carunculata
33805,Long-tailed Paradise-whydah,Vidua paradisaea
13779,Long-tailed Parakeet,Psittacula longicauda
2146,Long-tailed Potoo,Nyctibius aethereus
37382,Long-tailed Reed-finch,Donacospiza albifrons
22644,Long-tailed Shrike,Lanius schach
28404,Long-tailed Sibia,Heterophasia picaoides
23518,Long-tailed Silky-flycatcher,Ptiliogonys caudatus
29812,Long-tailed Starling,Aplonis magna
2935,Long-tailed Sylph,Aglaiocercus kingii
16788,Long-tailed Tapaculo,Scytalopus micropterus
30345,Long-tailed Thrush,Zoothera dixoni
25621,Long-tailed Tit,Aegithalos caudatus
20871,Long-tailed Triller,Lalage leucopyga
17963,Long-tailed Tyrant,Colonia colonus
33305,Long-tailed Widowbird,Euplectes progne
825,Long-tailed Wood-partridge,Dendrortyx macroura
3493,Long-tailed Woodnymph,Thalurania watertonii
6497,Long-toed Lapwing,Vanellus crassirostris
6816,Long-toed Stint,Calidris subminuta
1939,Long-trained Nightjar,Macropsalis forcipata
9673,Long-tufted Screech-owl,Megascops sanctaecatarinae
18290,Long-wattled Umbrellabird,Cephalopterus penduliger
9080,Long-whiskered Owlet,Xenoglaux loweryi
15796,Long-winged Antwren,Myrmotherula longipennis
8621,Long-winged Harrier,Circus buffoni
2868,Longuemare's Sunangel,Heliangelus clarisse
13778,Lord Derby's Parakeet,Psittacula derbiana
19829,Lord Howe Gerygone,Gerygone insularis
13902,Lord Howe Parakeet,
5871,Lord Howe Woodhen,Gallirallus sylvestris
21197,Lorentz's Whistler,Pachycephala lorentzi
19868,Loria's Satinbird,Cnemophilus loriae
32678,Loten's Sunbird,Cinnyris lotenius
22116,Louisiade Fantail,Rhipidura louisiadensis
32207,Louisiade Flowerpecker,Dicaeum nitidum
22325,Louisiade Monarch,Symposiachrus melanopterus
14382,Louisiade Pitta,Erythropitta meeki
21140,Louisiade Whistler,Pachycephala collaris
27729,Louisiade White-eye,Zosterops griseotinctus
36131,Louisiana Waterthrush,Parkesia motacilla
18314,Lovely Cotinga,Cotinga amabilis
18804,Lovely Fairywren,Malurus amabilis
32703,Lovely Sunbird,Aethopyga shelleyi
32550,Loveridge's Sunbird,Cinnyris loveridgei
31431,Lowland Akalat,Sheppardia cyornithopsis
20438,Lowland Peltops,Peltops blainvillii
20213,Lowland Sooty Boubou,Laniarius leucorhynchus
24634,Lowland Tiny Greenbul,Phyllastrephus debilis
27468,Lowland White-eye,Zosterops meyeni
26454,Luapula Cisticola,Cisticola luapula
3300,Lucifer Hummingbird,Calothorax lucifer
36156,Lucy's Warbler,Leiothlypis luciae
3809,Ludwig's Bustard,Neotis ludwigii
33097,Lufira Masked Weaver,Ploceus ruweti
17439,Lulu's Tody-flycatcher,Poecilotriccus luluae
16171,Lunulated Antbird,Oneillornis lunulatus
5076,Luzon Bleeding-heart,Gallicolumba luzonica
9024,Luzon Boobook,Ninox philippensis
6330,Luzon Buttonquail,Turnix worcesteri
12714,Luzon Flameback,Chrysocolaptes haematribon
9292,Luzon Highland Scops-owl,Otus longicornis
10216,Luzon Hornbill,Penelopides manillae
30571,Luzon Island Thrush,Turdus thomassoni
9417,Luzon Lowland Scops-owl,Otus megalotis
27361,Luzon Striped Babbler,Zosterornis striatus
31719,Luzon Water-redstart,Phoenicurus bicolor
26437,Lynes's Cisticola,Cisticola distinctus
11653,Lyre-tailed Honeyguide,Melichneutes robustus
3311,Lyre-tailed Hummingbird,Nesophlox lyrura
1918,Lyre-tailed Nightjar,Uropsalis lyra
20228,Lühder's Bushshrike,Laniarius luehderi
26859,Maasai Apalis,Apalis stronachi
7464,MacGillivray's Prion,Pachyptila macgillivrayi
36180,MacGillivray's Warbler,Geothlypis tolmiei
18729,MacGregor's Bowerbird,Amblyornis macgregoriae
7325,Macaroni Penguin,Eudyptes chrysolophus
552,Maccoa Duck,Oxyura maccoa
18998,Macgregor's Honeyeater,Macgregoria pulchra
22593,Mackinnon's Shrike,Lanius mackinnoni
19221,Macleay's Honeyeater,Xanthotis macleayanus
7807,Macquarie Shag,Leucocarbo purpurascens
20314,Madagascar Blue Vanga,Cyanolanius madagascarinus
5468,Madagascar Blue-pigeon,Alectroenas madagascariensis
25926,Madagascar Brush-warbler,Nesillas typica
6349,Madagascar Buttonquail,Turnix nigricollis
8848,Madagascar Buzzard,Buteo brachypterus
26548,Madagascar Cisticola,Cisticola cherina
7864,Madagascar Crested Ibis,Lophotibis cristata
4334,Madagascar Cuckoo,Cuculus rochii
8180,Madagascar Cuckoo-hawk,Aviceda madagascariensis
20593,Madagascar Cuckooshrike,Ceblepyris cinereus
8677,Madagascar Fish-eagle,Icthyophaga vociferoides
5659,Madagascar Flufftail,Sarothrura insularis
5623,Madagascar Forest Rail,Mentocrex kioloides
26285,Madagascar Grassbird,Bradypterus seebohmi
6211,Madagascar Grebe,Tachybaptus pelzelnii
5229,Madagascar Green-pigeon,Treron australis
8154,Madagascar Harrier-hawk,Polyboroides radiatus
8082,Madagascar Heron,Ardea humbloti
10031,Madagascar Hoopoe,Upupa marginata
6638,Madagascar Jacana,Actophilornis albinucha
24043,Madagascar Lark,Eremopterix hova
30907,Madagascar Magpie-robin,Copsychus albospecularis
33367,Madagascar Munia,Lepidopygia nana
2081,Madagascar Nightjar,Caprimulgus madagascariensis
9449,Madagascar Owl,Asio madagascariensis
22250,Madagascar Paradise-flycatcher,Terpsiphone mutata
1627,Madagascar Partridge,Margaroperdix madagarensis
25112,Madagascar Plain Martin,Riparia cowani
491,Madagascar Pochard,Aythya innotata
6904,Madagascar Pratincole,Glareola ocularis
10603,Madagascar Pygmy-kingfisher,Corythornis madagascariensis
5781,Madagascar Rail,Rallus madagascariensis
8891,Madagascar Red Owl,Tyto soumagnei
4398,Madagascar Sandgrouse,Pterocles personatus
9298,Madagascar Scops-owl,Otus rutilus
8165,Madagascar Serpent-eagle,Eutriorchis astur
6755,Madagascar Snipe,Gallinago macrodactyla
8555,Madagascar Sparrowhawk,Accipiter madagascariensis
2462,Madagascar Spinetail,Zoonavena grandidieri
30072,Madagascar Starling,Hartlaubius auratus
25957,Madagascar Swamp-warbler,Acrocephalus newtoni
2617,Madagascar Swift,Apus balstoni
471,Madagascar Teal,Anas bernieri
6484,Madagascar Three-banded Plover,
4589,Madagascar Turtle-dove,Nesoenas picturatus
33905,Madagascar Wagtail,Motacilla flaviventris
27557,Madagascar White-eye,Zosterops maderaspatanus
26322,Madagascar Yellowbrow,Crossleyia xanthophrys
34122,Madanga,Anthus ruficollis
13824,Madarasz's Tiger-parrot,Psittacella madaraszi
34169,Madeira Chaffinch,Fringilla maderensis
28815,Madeira Firecrest,Regulus madeirensis
4464,Madeira Laurel-pigeon,Columba trocaz
13421,Madeira Parakeet,
16357,Magdalena Antbird,Sipia palliata
16812,Magdalena Tapaculo,Scytalopus rodriguezi
7621,Magellanic Diving-petrel,Pelecanoides magellani
6393,Magellanic Oystercatcher,Haematopus leucopodus
7322,Magellanic Penguin,Spheniscus magellanicus
6386,Magellanic Plover,Pluvianellus socialis
6758,Magellanic Snipe,Gallinago magellanica
312,Magellanic Steamerduck,Tachyeres pteneres
16752,Magellanic Tapaculo,Scytalopus magellanicus
12585,Magellanic Woodpecker,Campephilus magellanicus
7486,Magenta Petrel,Pterodroma magentae
3279,Magenta-throated Woodstar,Philodice bryantae
12660,Maghreb Green Woodpecker,Picus vaillantii
24372,Maghreb Lark,
22967,Maghreb Magpie,Pica mauritanica
9736,Maghreb Owl,Strix mauritanica
31970,Maghreb Wheateater,
23264,Magnificent Bird-of-paradise,Diphyllodes magnificus
7668,Magnificent Frigatebird,Fregata magnificens
3218,Magnificent Hummingbird,Eugenes fulgens
23243,Magnificent Riflebird,Ptiloris magnificus
32759,Magnificent Sunbird,Aethopyga magnifica
36244,Magnolia Warbler,Setophaga magnolia
227,Magpie Goose,Anseranas semipalmata
33358,Magpie Mannikin,Spermestes fringilloides
22533,Magpie Shrike,Urolestes melanoleucus
30113,Magpie Starling,Speculipastor bicolor
37749,Magpie Tanager,Cissopis leverianus
22441,Magpie-lark,Grallina cyanoleuca
7661,Maguari Stork,Ciconia maguari
5380,Makatea Fruit-dove,Ptilinopus chalcurus
20794,Makira Cicadabird,Edolisoma salomonis
22472,Makira Flycatcher,Myiagra cervinicauda
19284,Makira Honeyeater,Meliarchus sclateri
25884,Makira Leaf-warbler,Phylloscopus makirensis
22401,Makira Monarch,
5918,Makira Moorhen,Gallinula silvestris
9161,Makira Owl,Athene roseoaxillaris
29820,Makira Starling,Aplonis dichroa
30379,Makira Thrush,Zoothera margaretae
11382,Malabar Barbet,Psilopogon malabaricus
12729,Malabar Flameback,Chrysocolaptes socialis
10176,Malabar Grey Hornbill,Ocyceros griseus
24371,Malabar Lark,Galerida malabarica
13785,Malabar Parakeet,Psittacula columboides
10172,Malabar Pied Hornbill,Anthracoceros coronatus
29982,Malabar Starling,Sturnia blythii
9872,Malabar Trogon,Harpactes fasciatus
31528,Malabar Whistling-thrush,Myophonus horsfieldii
20382,Malabar Woodshrike,Tephrodornis sylvicola
10611,Malachite Kingfisher,Corythornis cristatus
32482,Malachite Sunbird,Nectarinia famosa
24843,Malagasy Bulbul,Hypsipetes madagascariensis
3959,Malagasy Coucal,Centropus toulou
8635,Malagasy Harrier,Circus macrosceles
12876,Malagasy Kestrel,Falco newtoni
10620,Malagasy Kingfisher,Corythornis vintsioides
2568,Malagasy Palm Swift,Cypsiurus gracilis
8038,Malagasy Pond Heron,Ardeola idae
7811,Malagasy Sacred Ibis,Threskiornis bernieri
20792,Malaita Cicadabird,Edolisoma tricolor
22093,Malaita Fantail,Rhipidura malaitae
22358,Malaita Monarch,Symposiachrus malaitae
19143,Malaita Myzomela,Myzomela malaitae
9159,Malaita Owl,Athene malaitae
27696,Malaita White-eye,Zosterops stresemanni
20021,Malawi Batis,Batis dimorpha
14325,Malay Banded Pitta,Hydrornis irena
22658,Malay Black Magpie,Platysmurus leucopterus
10624,Malay Blue-banded Kingfisher,Alcedo peninsulae
11397,Malay Brown Barbet,Caloramphus hayii
34226,Malay Bullfinch,
1416,Malay Crested Fireback,Lophura rufa
1407,Malay Crestless Fireback,Lophura erythrophthalma
1815,Malay Eared-nightjar,Lyncornis temminckii
4318,Malay Hawk-Cuckoo,Hierococcyx fugax
28394,Malay Laughingthrush,Trochalopteron peninsulae
7950,Malay Night Heron,Gorsachius melanolophus
1047,Malay Partridge,Arborophila campbelli
1460,Malay Peacock-Pheasant,Polyplectron malacense
6593,Malay Plover,Anarhynchus peronii
31527,Malay Whistling-thrush,Myophonus robinsoni
31199,Malaysian Blue Flycatcher,Cyornis turcosus
1424,Malaysian Crested Argus,Rheinardia nigrescens
20691,Malaysian Cuckooshrike,Coracina larutensis
11651,Malaysian Honeyguide,Indicator archipelagicus
578,Maleo,Macrocephalon maleo
13907,Malherbe's Parakeet,Cyanoramphus malherbi
33758,Mali Firefinch,Lagonosticta virata
26205,Malia,Malia grata
34114,Malindi Pipit,Anthus melindae
424,Mallard,Anas platyrhynchos
18866,Mallee Emu-wren,Stipiturus mallee
575,Malleefowl,Leipoa ocellata
21271,Mamberamo Shrike-thrush,Colluricincla obscura
20239,Manda Boubou,Laniarius nigerrimus
358,Mandarin Duck,Aix galericulata
359,Maned Duck,Chenonetta jubata
9474,Maned Owl,Jubula lettii
10567,Mangaia Kingfisher,Todiramphus ruficollaris
25989,Mangareva Reed-warbler,Acrocephalus astrolabii
31242,Mangrove Blue Flycatcher,Cyornis rufigastra
4114,Mangrove Cuckoo,Coccyzus minor
22046,Mangrove Fantail,Rhipidura phasiana
37066,Mangrove Finch,Camarhynchus heliobates
19818,Mangrove Gerygone,Gerygone levigaster
19413,Mangrove Honeyeater,Gavicalis fasciogularis
3654,Mangrove Hummingbird,Chrysuronia boucardi
10451,Mangrove Kingfisher,Halcyon senegaloides
14401,Mangrove Pitta,Pitta megarhyncha
5749,Mangrove Rail,Rallus longirostris
23461,Mangrove Robin,Melanodryas pulverulenta
25137,Mangrove Swallow,Tachycineta albilinea
21557,Mangrove Vireo,Vireo pallens
21004,Mangrove Whistler,Pachycephala cinerea
16245,Manicore Antwarbler,Hypocnemis rondoni
1701,Manipur Bush-quail,Perdicula manipurensis
27213,Manipur Fulvetta,Fulvetta manipurensis
29669,Manipur Treecreeper,Certhia manipurensis
9378,Mantanani Scops-owl,Otus mantananensis
8755,Mantled Hawk,Pseudastur polionotus
16280,Manu Antbird,Cercomacra manu
9055,Manus Boobook,Ninox meeki
4275,Manus Brush Cuckoo,Cacomantis blandus
20796,Manus Cicadabird,Edolisoma admiralitatis
20721,Manus Cuckooshrike,Coracina ingens
10690,Manus Dwarf-kingfisher,Ceyx dispar
22094,Manus Fantail,Rhipidura semirubra
8876,Manus Masked-Owl,Tyto manusi
22348,Manus Monarch,Symposiachrus infelix
7572,Manx Shearwater,Puffinus puffinus
11211,Many-banded Araçari,Pteroglossus pluricinctus
36887,Many-colored Chaco Finch,Saltatricula multicolor
17342,Many-colored Rush-tyrant,Tachuris rubrigastra
20113,Many-coloured Bushshrike,Chlorophoneus multicolor
5347,Many-coloured Fruit-dove,Ptilinopus perousii
3526,Many-spotted Hummingbird,Taphrospilus hypostictus
15350,Many-striped Canastero,Asthenes flammulata
19289,Mao,Gymnomyza samoensis
15404,Maquis Canastero,Asthenes heterura
7640,Marabou Stork,Leptoptilos crumenifer
17491,Maracaibo Tody-flycatcher,Todirostrum viridanum
687,Marail Guan,Penelope marail
15964,Maranon Antshrike,
29453,Maranon Gnatcatcher,Polioptila maior
35280,Maranon Sparrow,Arremon nigriceps
29089,Maranon Wren,Pheugopedius sclateri
30936,Maratua Shama,Copsychus barbouri
16845,Marañon Crescentchest,Melanopareia maranonica
15544,Marañon Spinetail,Synallaxis maranonica
30749,Marañon Thrush,Turdus maranonicus
17099,Marañon Tyrannulet,Nesotriccus maranonicus
17189,Marble-faced Bristle-tyrant,Pogonotriccus ophthalmicus
478,Marbled Duck,Marmaronetta angustirostris
2164,Marbled Frogmouth,Podargus ocellatus
6691,Marbled Godwit,Limosa fedoa
19017,Marbled Honeyeater,Pycnopygius cinereus
7228,Marbled Murrelet,Brachyramphus marmoratus
923,Marbled Wood-quail,Odontophorus gujanensis
28025,Marbled Wren-babbler,Turdinus marmoratus
15441,Marcapata Spinetail,Cranioleuca marcapatae
20012,Margaret's Batis,Batis margaritae
23046,Mariana Crow,Corvus kubaryi
5365,Mariana Fruit-dove,Ptilinopus roseicapilla
10498,Mariana Kingfisher,Todiramphus albicilla
2421,Mariana Swiftlet,Aerodramus bartschi
27472,Marianne White-eye,Zosterops semiflavus
31050,Marico Flycatcher,Bradornis mariquensis
32558,Marico Sunbird,Cinnyris mariquensis
14096,Marigold Lorikeet,Trichoglossus capistratus
7441,Markham's Storm-petrel,Hydrobates markhami
27164,Marmora's Warbler,Curruca sarda
21674,Maroon Oriole,Oriolus traillii
13890,Maroon Shining-parrot,Prosopeia tabuensis
12747,Maroon Woodpecker,Blythipicus rubiginosus
33875,Maroon-backed Accentor,Prunella immaculata
20984,Maroon-backed Whistler,Coracornis raveni
13382,Maroon-bellied Parakeet,Pyrrhura frontalis
32441,Maroon-bellied Sunbird,Leptocoma brasiliana
20393,Maroon-breasted Philentoma,Philentoma velata
4913,Maroon-chested Ground Dove,Paraclaravis mondetoura
5311,Maroon-chinned Fruit-dove,Ptilinopus epius
13474,Maroon-fronted Parrot,Rhynchopsitta terrisi
32693,Maroon-naped Sunbird,Aethopyga guimarasensis
13437,Maroon-tailed Parakeet,Pyrrhura melanura
5976,Marquesan Swamphen,Porphyrio paepae
5102,Marquesas Ground Dove,Pampusana rubescens
10577,Marquesas Kingfisher,Todiramphus godeffroyi
22276,Marquesas Monarch,Pomarea mendozae
2431,Marquesas Swiftlet,Aerodramus ocistus
15860,Marsh Antwren,
28117,Marsh Babbler,Pellorneum palustre
26118,Marsh Grassbird,Helopsaltes pryeri
9469,Marsh Owl,Asio capensis
6772,Marsh Sandpiper,Tringa stagnatilis
37309,Marsh Seedeater,Sporophila palustris
16742,Marsh Tapaculo,Scytalopus iraiensis
20150,Marsh Tchagra,Bocagia minuta
23730,Marsh Tit,Poecile palustris
26069,Marsh Warbler,Acrocephalus palustris
33289,Marsh Widowbird,Euplectes hartlaubi
28986,Marsh Wren,Cistothorus palustris
20512,Marshall's Iora,Aegithina nigrolutea
25789,Martens's Warbler,Phylloscopus omeiensis
8347,Martial Eagle,Polemaetus bellicosus
13307,Martinique Amazon,Amazona martinicana
35954,Martinique Oriole,Icterus bonana
29770,Martinique Thrasher,Ramphocinclus brachyurus
3084,Marvelous Spatuletail,Loddigesia mirabilis
15267,Masafuera Rayadito,Aphrastura masafuerae
7533,Masatierra Petrel,Pterodroma defilippiana
5930,Mascarene Coot,Fulica newtonii
25095,Mascarene Martin,Phedina borbonica
22260,Mascarene Paradise-flycatcher,Terpsiphone bourbonnensis
13589,Mascarene Parrot,Mascarinus mascarinus
7538,Mascarene Petrel,Pseudobulweria aterrima
2346,Mascarene Swiftlet,Aerodramus francicus
16619,Masked Antpitta,Hylopezus auricularis
26809,Masked Apalis,Apalis binotata
7699,Masked Booby,Sula dactylatra
18741,Masked Bowerbird,Sericulus aureus
35027,Masked Bunting,Emberiza personata
37771,Masked Cardinal,Paroaria nigrogenis
37188,Masked Crimson Tanager,Ramphocelus nigrogularis
543,Masked Duck,Nomonyx dominicus
33343,Masked Finch,Poephila personata
5621,Masked Finfoot,Heliopais personatus
37571,Masked Flowerpiercer,Diglossa cyanea
18232,Masked Fruiteater,Pipreola pulchra
29456,Masked Gnatcatcher,Polioptila dumicola
6531,Masked Lapwing,Vanellus miles
24264,Masked Lark,Spizocorys personata
28735,Masked Laughingthrush,Pterorhinus perspicillatus
37680,Masked Mountain-tanager,Tephrophilus wetmorei
36948,Masked Saltator,Saltator cinctus
13889,Masked Shining-parrot,Prosopeia personata
22586,Masked Shrike,Lanius nubicus
37858,Masked Tanager,Stilpnia nigrocincta
18503,Masked Tityra,Tityra semifasciata
10010,Masked Trogon,Trogon personatus
17901,Masked Water-tyrant,Fluvicola nengeta
20423,Masked Woodswallow,Artamus personatus
36171,Masked Yellowthroat,Geothlypis aequinoctialis
31167,Matinan Warbling-flycatcher,Eumyias sanfordi
16287,Mato Grosso Antbird,Cercomacra melanaria
7422,Matsudaira's Storm-petrel,Hydrobates matsudairae
34434,Maui Akepa,Loxops ochraceus
34382,Maui Alauahio,Paroreomyza montana
34421,Maui Nukupuu,Hemignathus affinis
34424,Maui Parrotbill,Pseudonestor xanthophrys
22274,Maupiti Monarch,Pomarea maupitiensis
5466,Mauritius Blue-pigeon,Alectroenas nitidissimus
24847,Mauritius Bulbul,Hypsipetes olivaceus
20933,Mauritius Cuckooshrike,Lalage typica
463,Mauritius Duck,Anas theodori
33240,Mauritius Fody,Foudia rubra
13807,Mauritius Grey Parrot,Lophopsittacus bensoni
27484,Mauritius Grey White-eye,Zosterops mauritianus
12879,Mauritius Kestrel,Falco punctatus
7941,Mauritius Night Heron,Nycticorax mauritianus
27477,Mauritius Olive White-eye,Zosterops chloronothos
9307,Mauritius Owl,Otus sauzieri
331,Mauritius Shelduck,Alopochen mauritiana
4598,Mauritius Turtle-dove,Nesoenas cicur
4509,Mauritius Woodpigeon,Columba thiriouxi
33139,Maxwell's Black Weaver,Ploceus albinucha
16448,Mayan Antthrush,Formicarius moniliger
21894,Mayotte Drongo,Dicrurus waldenii
9300,Mayotte Scops-owl,Otus mayottensis
32677,Mayotte Sunbird,Cinnyris coquerellii
5672,Mayr's Forest Rail,Rallicula mayri
18947,Mayr's Honeyeater,Ptiloprora mayri
2392,Mayr's Swiftlet,Aerodramus orientalis
31408,Mbulu Robin-chat,
27424,Mbulu White-eye,Zosterops mbuluensis
17252,McConnell's Flycatcher,Mionectes macconnelli
15568,McConnell's Spinetail,Synallaxis macconnelli
20744,McGregor's Cuckooshrike,Malindangia mcgregori
34899,McKay's Bunting,Plectrophenax hyperboreus
34935,Meadow Bunting,Emberiza cioides
34064,Meadow Pipit,Anthus pratensis
31106,Mediterranean Flycatcher,
7122,Mediterranean Gull,Ichthyaetus melanocephalus
24493,Mediterranean Short-toed Lark,Alaudala rufescens
37099,Medium Ground-finch,Geospiza fortis
37067,Medium Tree-finch,Camarhynchus pauper
13975,Meek's Lorikeet,Vini meeki
2053,Mees's Nightjar,Caprimulgus meesi
33935,Mekong Wagtail,Motacilla samveasnae
12068,Melancholy Woodpecker,Dendropicos lugubris
20829,Melanesian Cicadabird,Edolisoma remotum
22473,Melanesian Flycatcher,Myiagra caledonica
10502,Melanesian Kingfisher,Todiramphus tristrami
610,Melanesian Scrubfowl,Megapodius eremita
409,Meller's Duck,Anas melleri
28049,Melodious Babbler,Malacopteron palawanense
36033,Melodious Blackbird,Dives dives
24157,Melodious Lark,Mirafra cheniana
26103,Melodious Warbler,Hippolais polyglotta
27133,Menetries's Warbler,Curruca mystacea
4049,Mentawai Malkoha,Phaenicophaeus oeneicaudus
9390,Mentawai Scops-owl,Otus mentawi
31266,Meratus Blue Flycatcher,Cyornis kadayangensis
27561,Meratus White-eye,Zosterops meratusensis
35655,Merida Brushfinch,
37624,Merida Flowerpiercer,Diglossa gloriosa
2872,Merida Sunangel,Heliangelus spencei
16828,Merida Tapaculo,Scytalopus meridanus
28961,Merida Wren,Cistothorus meridae
12931,Merlin,Falco columbarius
4490,Metallic Pigeon,Columba vitiensis
29798,Metallic Starling,Aplonis metallica
37895,Metallic-green Tanager,Tangara labradorides
32696,Metallic-winged Sunbird,Aethopyga pulcherrima
30046,Meves's Long-tailed Starling,Lamprotornis mevesii
23700,Mexican Chickadee,Poecile sclateri
431,Mexican Duck,Anas diazi
2769,Mexican Hermit,Phaethornis mexicanus
22796,Mexican Jay,Aphelocoma wollweberi
13341,Mexican Parrotlet,Forpus cyanopygius
5747,Mexican Rail,Rallus tenuirostris
3299,Mexican Sheartail,Doricha eliza
4088,Mexican Squirrel-cuckoo,
1986,Mexican Whip-poor-will,Antrostomus arizonae
3502,Mexican Woodnymph,Eupherusa ridgwayi
19154,Meyer's Friarbird,Philemon meyeri
8607,Meyer's Goshawk,Astur meyerianus
5517,Micronesian Imperial-pigeon,Ducula oceanica
19123,Micronesian Myzomela,Myzomela rubratra
22122,Micronesian Rufous Fantail,Rhipidura versicolor
581,Micronesian Scrubfowl,Megapodius laperouse
29857,Micronesian Starling,Aplonis opaca
19881,Mid-mountain Berrypecker,Melanocharis longicauda
26127,Middendorff's Grasshopper-warbler,Helopsaltes ochotensis
14453,Middle American Leaftosser,Sclerurus mexicanus
12020,Middle Spotted Woodpecker,Dendrocoptes medius
32214,Midget Flowerpecker,Dicaeum aeneum
1309,Mikado Pheasant,Syrmaticus mikado
13530,Military Macaw,Ara militaris
7646,Milky Stork,Mycteria cinerea
6070,Miller's Rail,Zapornia nigra
25979,Millerbird,Acrocephalus familiaris
19387,Mimic Honeyeater,Meliphaga analoga
14412,Minahasa Hooded Pitta,Pitta forsteni
8869,Minahasa Masked-owl,Tyto inexspectata
31531,Minahasa Shortwing,
17216,Minas Gerais Tyrannulet,Phylloscartes roquettei
5080,Mindanao Bleeding-heart,Gallicolumba crinigera
21930,Mindanao Blue Fantail,Rhipidura superciliaris
9029,Mindanao Boobook,Ninox spilocephala
20675,Mindanao Cuckooshrike,Coracina kochii
9291,Mindanao Highland Scops-owl,Otus mirus
10221,Mindanao Hornbill,Penelopides affinis
30574,Mindanao Island Thrush,Turdus nigrorum
14043,Mindanao Lorikeet,Trichoglossus johnstoniae
9421,Mindanao Lowland Scops-owl,Otus everetti
26749,Mindanao Miniature Babbler,Micromacronus sordidus
27347,Mindanao Pygmy Babbler,Dasycrotapha plateni
13662,Mindanao Racquet-tail,Prioniturus waterstradti
34690,Mindanao Serin,Chrysocorythus mindanensis
14244,Mindanao Wattled Broadbill,Sarcophanops steerii
27377,Mindanao White-eye,Heleia goodfellowi
5084,Mindoro Bleeding-heart,Gallicolumba platenae
9039,Mindoro Boobook,Ninox mindorensis
24792,Mindoro Bulbul,Hypsipetes mindorensis
20671,Mindoro Cuckooshrike,Coracina mindorensis
10219,Mindoro Hornbill,Penelopides mindorensis
5475,Mindoro Imperial-pigeon,Ducula mindorensis
30569,Mindoro Island Thrush,Turdus mindorensis
13669,Mindoro Racquet-tail,Prioniturus mindorensis
9294,Mindoro Scops-owl,Otus mindorensis
2710,Minute Hermit,Phaethornis idaliae
11532,Miombo Pied Barbet,Tricholaema frontata
31776,Miombo Rock-thrush,Monticola angolensis
30858,Miombo Scrub-robin,Tychaedon barbata
23890,Miombo Tit,Melaniparus griseiventris
26907,Miombo Wren-warbler,Calamonastes undosus
17165,Mishana Tyrannulet,Zimmerius villarejoi
8688,Mississippi Kite,Ictinia mississippiensis
30480,Mistle Thrush,Turdus viscivorus
17154,Mistletoe Tyrannulet,Zimmerius parvus
32232,Mistletoebird,Dicaeum hirundinaceum
13570,Mitred Parakeet,Psittacara mitratus
31867,Mocking Cliff-chat,Thamnolaea cinnamomeiventris
13820,Modest Tiger-parrot,Psittacella modesta
25937,Moheli Brush-warbler,Nesillas mariae
24866,Moheli Bulbul,Hypsipetes moheliensis
9305,Moheli Scops-owl,Otus moheliensis
32670,Moheli Sunbird,
27553,Moheli White-eye,Zosterops comorensis
27148,Moltoni's Warbler,Curruca subalpina
4279,Moluccan Cuckoo,Cacomantis aeruginosus
20723,Moluccan Cuckooshrike,Coracina atriceps
4304,Moluccan Drongo-cuckoo,Surniculus musschenbroeki
10675,Moluccan Dwarf-kingfisher,Ceyx lepidus
13680,Moluccan Eclectus,Eclectus roratus
22453,Moluccan Flycatcher,Myiagra galeata
8534,Moluccan Goshawk,Tachyspiza henicogramma
14174,Moluccan Hanging-parrot,Loriculus amabilis
30595,Moluccan Island Thrush,Turdus deningeri
13635,Moluccan King-parrot,Alisterus amboinensis
22332,Moluccan Monarch,Symposiachrus bimaculatus
19053,Moluccan Myzomela,Myzomela simplex
2216,Moluccan Owlet-nightjar,Aegotheles crinifrons
9358,Moluccan Scops-owl,Otus magicus
579,Moluccan Scrubfowl,Eulipoa wallacei
29848,Moluccan Starling,Aplonis mysolensis
2354,Moluccan Swiftlet,Aerodramus infuscatus
6715,Moluccan Woodcock,Scolopax rochussenii
11924,Mombasa Woodpecker,Campethera mombassica
33860,Mongolian Accentor,Prunella koslowi
34263,Mongolian Finch,Bucanetes mongolicus
22980,Mongolian Ground-jay,Podoces hendersoni
7161,Mongolian Gull,Larus mongolicus
24465,Mongolian Lark,Melanocorypha mongolica
13173,Monk Parakeet,Myiopsitta monachus
24128,Monotonous Lark,Mirafra passerina
8622,Montagu's Harrier,Circus pygargus
32527,Montane Double-collared Sunbird,Cinnyris ludovicensis
15089,Montane Foliage-gleaner,Anabacerthia striaticollis
2071,Montane Nightjar,Caprimulgus poliocephalus
13665,Montane Racquet-tail,Prioniturus montanus
24637,Montane Tiny Greenbul,Phyllastrephus albigula
33292,Montane Widowbird,Euplectes psammacromius
14874,Montane Woodcreeper,Lepidocolaptes lacrymiger
37481,Monte Yellow-finch,Sicalis mendozae
20096,Monteiro's Bushshrike,Malaconotus monteiri
10085,Monteiro's Hornbill,Tockus monteiri
7433,Monteiro's Storm-petrel,Hydrobates monteiroi
35835,Montezuma Oropendola,Psarocolius montezuma
984,Montezuma Quail,Cyrtonyx montezumae
35957,Montserrat Oriole,Icterus oberi
10571,Moorea Kingfisher,
26005,Moorea Reed-warbler,Acrocephalus longirostris
6793,Moorea Sandpiper,Prosobonia ellisi
31861,Moorland Chat,Pinarochroa sordida
1545,Moorland Francolin,Scleroptila psilolaema
32548,Moreau's Sunbird,Cinnyris moreaui
4924,Moreno's Ground Dove,Metriopelia morenoi
8998,Morepork,Ninox novaeseelandiae
35969,Moriche Oriole,
21241,Morningbird,Pachycephala tenebrosa
14428,Morotai Pitta,
27591,Morotai White-eye,Zosterops dehaani
25330,Mosque Swallow,Cecropis senegalensis
37736,Moss-backed Tanager,Bangsia edwardsi
2395,Mossy-nest Swiftlet,Aerodramus salangana
16958,Mottle-backed Elaenia,Elaenia gigas
19366,Mottle-breasted Honeyeater,Meliphaga mimikae
17199,Mottle-cheeked Tyrannulet,Phylloscartes ventralis
20496,Mottled Berryhunter,Rhagologus leucostigma
427,Mottled Duck,Anas fulvigula
32219,Mottled Flowerpecker,Dicaeum tristrami
9790,Mottled Owl,Strix virgata
7520,Mottled Petrel,Pterodroma inexpectata
11744,Mottled Piculet,Picumnus nebulosus
2467,Mottled Spinetail,Telacanthura ussheri
2588,Mottled Swift,Tachymarptis aequatorialis
9706,Mottled Wood-owl,Strix ocellata
27486,Mount Cameroon Speirops,Zosterops melanocephalus
1709,Mount Cameroon Spurfowl,Pternistis camerunensis
27474,Mount Karthala White-eye,Zosterops mouroniensis
20112,Mount Kupe Bushshrike,Chlorophoneus kupeensis
28748,Mount Victoria Babax,Pterorhinus woodi
2969,Mountain Avocetbill,Opisthoprora euryptera
1473,Mountain Bamboo-partridge,Bambusicola fytchii
11352,Mountain Barbet,Psilopogon monticola
27434,Mountain Black-eye,Zosterops emiliae
30137,Mountain Bluebird,Sialia currucoides
24777,Mountain Bulbul,Ixos mcclellandii
8835,Mountain Buzzard,Buteo oreophilus
35853,Mountain Cacique,Cacicus chrysonotus
12819,Mountain Caracara,Daptrius megalopterus
31884,Mountain Chat,Myrmecocichla monticola
23720,Mountain Chickadee,Poecile gambeli
25718,Mountain Chiffchaff,Phylloscopus sindianus
16969,Mountain Elaenia,Elaenia frantzii
33311,Mountain Firetail,Oreostruthus fuliginosus
28313,Mountain Fulvetta,Alcippe peracensis
36086,Mountain Grackle,Macroagelaius subalaris
8320,Mountain Hawk-eagle,Nisaetus nipalensis
28186,Mountain Illadopsis,Illadopsis pyrrhoptera
5575,Mountain Imperial-pigeon,Ducula badia
10589,Mountain Kingfisher,Syma megarhyncha
19605,Mountain Mouse-warbler,Origma robusta
19091,Mountain Myzomela,Myzomela adolphinae
21724,Mountain Oriole,Oriolus percivali
2222,Mountain Owlet-nightjar,Aegotheles albertisi
13160,Mountain Parakeet,Psilopsiagon aurifrons
1469,Mountain Peacock-Pheasant,Polyplectron inopinatum
20439,Mountain Peltops,Peltops montanus
34004,Mountain Pipit,Anthus hoeschi
6576,Mountain Plover,Anarhynchus montanus
9214,Mountain Pygmy-owl,Glaucidium gnoma
834,Mountain Quail,Oreortyx pictus
31330,Mountain Robin-chat,Cossyphicula isabellae
25065,Mountain Saw-wing,Psalidoprocne fuliginosa
9277,Mountain Scops-owl,Otus spilocephalus
34685,Mountain Serin,Chrysocorythus estherae
22631,Mountain Shrike,Lanius validirostris
20214,Mountain Sooty Boubou,Laniarius poensis
29831,Mountain Starling,Aplonis santovestris
2360,Mountain Swiftlet,Aerodramus hirundinaceus
25466,Mountain Tailorbird,Phyllergates cucullatus
19727,Mountain Thornbill,Acanthiza katherina
30694,Mountain Thrush,Turdus plebejus
9993,Mountain Trogon,Trogon mexicanus
17156,Mountain Tyrannulet,Zimmerius improbus
3147,Mountain Velvetbreast,Lafresnaya lafresnayi
33914,Mountain Wagtail,Motacilla clara
25864,Mountain Warbler,Phylloscopus trivirgatus
27439,Mountain White-eye,Zosterops japonicus
29275,Mountain Wren,Troglodytes solstitialis
28228,Mountain Wren-babbler,Gypsophila crassa
26080,Mountain Yellow Warbler,Iduna similis
4636,Mourning Collared-dove,Streptopelia decipiens
5028,Mourning Dove,Zenaida macroura
36779,Mourning Sierra-finch,Rhopospina fruticeti
36183,Mourning Warbler,Geothlypis philadelphia
31972,Mourning Wheatear,Oenanthe lugens
32320,Mouse-brown Sunbird,Anthreptes gabonicus
16038,Mouse-colored Antshrike,Thamnophilus murinus
16748,Mouse-colored Tapaculo,Scytalopus speluncae
15413,Mouse-colored Thistletail,Asthenes griseomurina
17089,Mouse-colored Tyrannulet,Nesotriccus murinus
23918,Mouse-coloured Penduline-tit,Anthoscopus musculus
32398,Mouse-coloured Sunbird,Cyanomitra veroxii
17326,Mouse-grey Flycatcher,Myiophobus crypterythrus
31734,Moussier's Redstart,Phoenicurus moussieri
16509,Moustached Antpitta,Grallaria alleni
15757,Moustached Antwren,Myrmotherula ignota
28046,Moustached Babbler,Malacopteron magnirostre
11354,Moustached Barbet,Psilopogon incognitus
35653,Moustached Brushfinch,Atlapetes albofrenatus
37593,Moustached Flowerpiercer,Diglossa mystacalis
25376,Moustached Grass-warbler,Melocichla mentalis
11473,Moustached Green Tinkerbird,Pogoniulus leucomystax
4306,Moustached Hawk-Cuckoo,Hierococcyx vagans
10292,Moustached Kingfisher,Actenoides bougainvillei
11054,Moustached Puffbird,Malacoptila mystacalis
2256,Moustached Treeswift,Hemiprocne mystacea
16718,Moustached Turca,Pteroptochos megapodius
26033,Moustached Warbler,Acrocephalus melanopogon
14701,Moustached Woodcreeper,Xiphocolaptes falcirostris
29042,Moustached Wren,Pheugopedius genibarbis
26987,Mozambique Forest-warbler,
2134,Mozambique Nightjar,Caprimulgus fossii
1311,Mrs Hume's Pheasant,Syrmaticus humiae
31619,Mugimaki Flycatcher,Ficedula mugimaki
16570,Muisca Antpitta,Grallaria rufula
13838,Mulga Parrot,Psephotellus varius
37724,Multicolored Tanager,Chlorochrysa nitidissima
29354,Munchique Wood-wren,Henicorhina negreti
7487,Murphy's Petrel,Pterodroma ultima
354,Muscovy Duck,Cairina moschata
29379,Musician Wren,Cyphorhinus arada
554,Musk Duck,Biziura lobata
14040,Musk Lorikeet,Trichoglossus concinnus
22092,Mussau Fantail,Rhipidura matthiae
22506,Mussau Flycatcher,Myiagra hebetior
20903,Mussau Triller,Lalage conjuncta
14050,Mustard-capped Lorikeet,Trichoglossus meyeri
300,Mute Swan,Cygnus olor
36307,Myrtle Warbler,Setophaga coronata
29881,Mysterious Starling,Aplonis mavornata
1825,Nacunda Nighthawk,Chordeiles nacunda
27864,Naga Wren-babbler,Spelaeornis chocolatinus
819,Nahan's Partridge,Ptilopachus nahani
11443,Naked-faced Barbet,Gymnobucco calvus
32800,Naked-faced Spiderhunter,Arachnothera clarae
4791,Namaqua Dove,Oena capensis
4363,Namaqua Sandgrouse,Pterocles namaqua
26743,Namaqua Warbler,Phragmacia substriata
26788,Namuli Apalis,Apalis lynesi
13509,Nanday Parakeet,Aratinga nenday
12889,Nankeen Kestrel,Falco cenchroides
7943,Nankeen Night Heron,Nycticorax caledonicus
3454,Napo Sabrewing,Campylopterus villaviscensio
31593,Narcissus Flycatcher,Ficedula narcissina
10198,Narcondam Hornbill,Rhyticeros narcondami
13836,Naretha Bluebonnet,Northiella narethae
9854,Narina Trogon,Apaloderma narina
16807,Nariño Tapaculo,Scytalopus vicinior
15831,Narrow-billed Antwren,Formicivora iheringi
10778,Narrow-billed Tody,Todus angustirostris
14859,Narrow-billed Woodcreeper,Lepidocolaptes angustirostris
3391,Narrow-tailed Emerald,Chlorostilbon stenurus
30109,Narrow-tailed Starling,Poeoptera lugubris
36157,Nashville Warbler,Leiothlypis ruficapilla
1736,Natal Spurfowl,Pternistis natalensis
22139,Natewa Silktail,Lamprolia klinesmithi
16052,Natterer's Slaty Antshrike,Thamnophilus stictocephalus
30652,Naumann's Thrush,Turdus naumanni
28276,Naung Mung Wren-babbler,Napothera naungmungensis
25991,Nauru Reed-warbler,Acrocephalus rehsei
28945,Nava's Wren,Hylorchilus navai
7704,Nazca Booby,Sula granti
3035,Neblina Metaltail,Metallura odomae
16776,Neblina Tapaculo,Scytalopus altirostris
2092,Nechisar Nightjar,Caprimulgus solala
11335,Necklaced Barbet,Psilopogon auricularis
15549,Necklaced Spinetail,Synallaxis stictothorax
26516,Neddicky,Cisticola fulvicapilla
2763,Needle-billed Hermit,Phaethornis philippii
32516,Neergaard's Sunbird,Cinnyris neergaardi
5085,Negros Bleeding-heart,Gallicolumba keayi
5459,Negros Fruit-dove,Ptilinopus arcanus
25869,Negros Leaf-warbler,Phylloscopus nigrorum
27366,Negros Striped Babbler,Zosterornis nigrorum
33143,Nelicourvi Weaver,Ploceus nelicourvi
35441,Nelson's Sparrow,Ammospiza nelsoni
22313,Nendo Shrikebill,Clytorhynchus sanctaecrucis
21170,Nendo Whistler,Pachycephala ornata
7768,Neotropical Cormorant,Nannopterum brasilianum
25367,Nepal Cupwing,Pnoepyga immaculata
28297,Nepal Fulvetta,Alcippe nipalensis
25291,Nepal House Martin,Delichon nipalense
30102,Neumann's Starling,Onychognathus neumanni
25568,Neumann's Warbler,Hemitesia neumanni
9062,New Britain Boobook,Ninox odiosa
4814,New Britain Bronzewing,Henicophaps foersteri
10694,New Britain Dwarf-kingfisher,Ceyx sacerdotis
23384,New Britain Flyrobin,
19199,New Britain Friarbird,Philemon cockerelli
8496,New Britain Goshawk,Tachyspiza princeps
10473,New Britain Kingfisher,Todiramphus albonotatus
14380,New Britain Pitta,
5862,New Britain Rail,Gallirallus insignis
8466,New Britain Sparrowhawk,Tachyspiza brachyura
26211,New Britain Thicketbird,Cincloramphus grosvenori
30393,New Britain Thrush,Zoothera talaseae
5980,New Caledonia Gallinule,Porphyrio kukwiedei
22054,New Caledonia Streaked Fantail,Rhipidura verreauxi
6346,New Caledonian Buttonquail,Turnix novaecaledoniae
20747,New Caledonian Cicadabird,Edolisoma anale
23026,New Caledonian Crow,Corvus moneduloides
19213,New Caledonian Friarbird,Philemon diemenensis
5561,New Caledonian Imperial-pigeon,Ducula goliath
30625,New Caledonian Island Thrush,Turdus xanthopus
13981,New Caledonian Lorikeet,Vini diadema
19110,New Caledonian Myzomela,Myzomela caledonica
1810,New Caledonian Nightjar,Eurostopodus exul
2227,New Caledonian Owlet-nightjar,Aegotheles savesi
13898,New Caledonian Parakeet,Cyanoramphus saisseti
5825,New Caledonian Rail,Gallirallus lafresnayanus
7370,New Caledonian Storm-petrel,Fregetta lineata
26241,New Caledonian Thicketbird,Cincloramphus mariae
21156,New Caledonian Whistler,Pachycephala caledonica
20790,New Georgia Cicadabird,
10700,New Georgia Dwarf-kingfisher,Ceyx collectoris
4811,New Guinea Bronzewing,Henicophaps albifrons
20781,New Guinea Cicadabird,Edolisoma melas
10688,New Guinea Dwarf-kingfisher,Ceyx solitarius
6102,New Guinea Flightless Rail,Megacrex inepta
614,New Guinea Scrubfowl,Megapodius decollatus
19706,New Guinea Thornbill,Acanthiza murina
27697,New Guinea White-eye,Zosterops novaeguineae
6710,New Guinea Woodcock,Scolopax rosenbergii
33469,New Hanover Munia,Lonchura nigerrima
19245,New Holland Honeyeater,Phylidonyris novaehollandiae
10692,New Ireland Dwarf-kingfisher,Ceyx mulcatus
19202,New Ireland Friarbird,Philemon eichhorni
33465,New Ireland Mannikin,Lonchura forbesi
19081,New Ireland Myzomela,Myzomela pulchella
14375,New Ireland Pitta,Erythropitta novaehibernicae
19027,New Zealand Bellbird,Anthornis melanura
12958,New Zealand Falcon,Falco novaeseelandiae
22041,New Zealand Fantail,Rhipidura fuliginosa
26193,New Zealand Fernbird,Poodytes punctatus
6229,New Zealand Grebe,Poliocephalus rufopectus
13012,New Zealand Kaka,Nestor meridionalis
7924,New Zealand Little Bittern,Botaurus novaezelandiae
532,New Zealand Merganser,Mergus australis
5601,New Zealand Pigeon,Hemiphaga novaeseelandiae
1644,New Zealand Quail,Coturnix novaezelandiae
14219,New Zealand Rockwren,Xenicus gilviventris
494,New Zealand Scaup,Aythya novaeseelandiae
7371,New Zealand Storm-petrel,Fregetta maoriana
23328,New Zealand Tomtit,Petroica macrocephala
7584,Newell's Shearwater,Puffinus newelli
22587,Newton's Fiscal,Lanius newtoni
32362,Newton's Sunbird,Anabathmis newtonii
13136,Niam-niam Parrot,Poicephalus crassus
29926,Nias Hill Myna,
10575,Niau Kingfisher,
36044,Nicaraguan Grackle,Quiscalus nicaraguensis
37253,Nicaraguan Seed-finch,Sporophila nuttingi
29111,Niceforo's Wren,Thryophilus nicefori
34032,Nicholson's Pipit,Anthus nicholsoni
24787,Nicobar Bulbul,Hypsipetes nicobariensis
14410,Nicobar Hooded Pitta,Pitta abbotti
5501,Nicobar Imperial-pigeon,Ducula nicobarica
31225,Nicobar Jungle-flycatcher,Cyornis nicobaricus
13806,Nicobar Parakeet,Psittacula caniceps
5062,Nicobar Pigeon,Caloenas nicobarica
9385,Nicobar Scops-owl,Otus alius
584,Nicobar Scrubfowl,Megapodius nicobariensis
8485,Nicobar Sparrowhawk,Tachyspiza butleri
13927,Night Parrot,Pezoporus occidentalis
37502,Nightingale Island Finch,Nesospiza questi
34389,Nihoa Finch,Telespiza ultima
32357,Nile Valley Sunbird,Hedydipna metallica
31120,Nilgiri Blue Sholakili,Sholicola major
28398,Nilgiri Chilappan,Montecincla cachinnans
32170,Nilgiri Flowerpecker,Dicaeum concolor
31149,Nilgiri Flycatcher,Eumyias albicaudatus
5573,Nilgiri Imperial-pigeon,Ducula cuprea
34095,Nilgiri Pipit,Anthus nilghiriensis
30370,Nilgiri Thrush,Zoothera neilgherriensis
4479,Nilgiri Woodpigeon,Columba elphinstonii
31020,Nimba Flycatcher,Melaenornis annamarulae
6098,Nkulengu Rail,Himantornis haematopus
6751,Noble Snipe,Gallinago nobilis
738,Nocturnal Curassow,Nothocrax urumutum
19209,Noisy Friarbird,Philemon corniculatus
19502,Noisy Miner,Manorina melanocephala
14422,Noisy Pitta,Pitta versicolor
18695,Noisy Scrub-bird,Atrichornis clamosus
27994,Nonggang Babbler,Stachyris nonggangensis
5094,Norfolk Ground Dove,Pampusana norfolkensis
19831,Norfolk Island Gerygone,Gerygone modesta
13015,Norfolk Island Kaka,Nestor productus
23345,Norfolk Island Robin,Petroica multicolor
13900,Norfolk Parakeet,Cyanoramphus cookii
16944,Noronha Elaenia,Elaenia ridleyana
21494,Noronha Vireo,Vireo gracilirostris
21,North Island Brown Kiwi,Apteryx mantelli
19935,North Island Kokako,Callaeas wilsoni
21602,North Island Piopio,Turnagra tanagra
23336,North Island Robin,Petroica longipes
19939,North Island Saddleback,Philesturnus rufusater
6716,North Island Snipe,Coenocorypha barrierensis
5977,North Island Takahe,Porphyrio mantelli
20649,North Melanesian Cuckooshrike,Coracina welchmani
20824,North Moluccan Cicadabird,Edolisoma grayi
14357,North Moluccan Pitta,Erythropitta rufiventris
10666,North Philippine Dwarf-kingfisher,Ceyx melanurus
8327,North Philippine Hawk-eagle,Nisaetus philippensis
10696,North Solomons Dwarf-kingfisher,Ceyx meeki
12451,Northern Andean Flicker,
31878,Northern Anteater Chat,Myrmecocichla aethiops
7827,Northern Bald Ibis,Geronticus eremita
4534,Northern Band-tailed Pigeon,Patagioenas fasciata
16998,Northern Beardless Tyrannulet,Camptostoma imberbe
17412,Northern Bentbill,Oncostoma cinereigulare
3842,Northern Black Bustard,Afrotis afraoides
20905,Northern Black-and-white Triller,Lalage melanoleuca
31022,Northern Black-flycatcher,Melaenornis edolioides
9974,Northern Black-throated Trogon,Trogon tenellus
871,Northern Bobwhite,Colinus virginianus
9003,Northern Boobook,Ninox japonica
33070,Northern Brown-throated Weaver,Ploceus castanops
24657,Northern Brownbul,Phyllastrephus strepitans
36647,Northern Cardinal,Cardinalis cardinalis
10920,Northern Carmine Bee-eater,Merops nubicus
30,Northern Cassowary,Casuarius unappendiculatus
18713,Northern Catbird,Ailuroedus jobiensis
29375,Northern Chestnut-breasted Wren,Cyphorhinus dichrous
16254,Northern Chestnut-tailed Antbird,Sciaphylax castanea
36348,Northern Citrine Warbler,Myiothlypis luteoviridis
25403,Northern Crombec,Sylvietta brachyura
32529,Northern Double-collared Sunbird,Cinnyris reichenowi
22001,Northern Fantail,
13257,Northern Festive Amazon,
22588,Northern Fiscal,Lanius humeralis
7446,Northern Fulmar,Fulmarus glacialis
7686,Northern Gannet,Morus bassanus
7445,Northern Giant Petrel,Macronectes halli
22579,Northern Grey Shrike,Lanius borealis
32890,Northern Grey-headed Sparrow,Passer griseus
34568,Northern Grosbeak-canary,Crithagra donaldsoni
10072,Northern Ground-hornbill,Bucorvus abyssinicus
8618,Northern Harrier,Circus hudsonius
4314,Northern Hawk-Cuckoo,Hierococcyx hyperythrus
9163,Northern Hawk-owl,Surnia ulula
25282,Northern House Martin,Delichon urbicum
29220,Northern House Wren,Troglodytes aedon
23529,Northern Hylocitrea,Hylocitrea bonensis
10708,Northern Indigo-banded Kingfisher,Ceyx cyanopectus
6620,Northern Jacana,Jacana spinosa
6496,Northern Lapwing,Vanellus vanellus
14560,Northern Long-tailed Woodcreeper,Deconychura longicauda
25998,Northern Marquesan Reed-warbler,Acrocephalus percernis
33079,Northern Masked Weaver,Ploceus taeniopterus
13326,Northern Mealy Amazon,
29685,Northern Mockingbird,Mimus polyglottos
18519,Northern Mourner,Schiffornis veraepacis
29355,Northern Nightingale-wren,Microcerculus philomela
22987,Northern Nutcracker,Nucifraga caryocatactes
36227,Northern Parula,Setophaga americana
28627,Northern Pied Babbler,Turdoides hypoleuca
446,Northern Pintail,Anas acuta
14904,Northern Plain Xenops,Xenops mexicanus
2150,Northern Potoo,Nyctibius jamaicensis
20206,Northern Puffback,Dryoscopus gambensis
9209,Northern Pygmy-owl,
33264,Northern Red Bishop,Euplectes franciscanus
10082,Northern Red-billed Hornbill,Tockus erythrorhynchus
6566,Northern Red-breasted Plover,
11499,Northern Red-fronted Tinkerbird,Pogoniulus uropygialis
33214,Northern Red-headed Weaver,
30676,Northern Red-legged Thrush,Turdus plumbeus
13544,Northern Red-shouldered Macaw,Diopsittaca nobilis
36376,Northern Riverbank Warbler,
7329,Northern Rockhopper Penguin,Eudyptes moseleyi
13861,Northern Rosella,Platycercus venustus
25174,Northern Rough-winged Swallow,Stelgidopteryx serripennis
7373,Northern Royal Albatross,Diomedea sanfordi
18650,Northern Royal Flycatcher,
10160,Northern Rufous Hornbill,Buceros hydrocorax
22245,Northern Rufous Paradise-flycatcher,
16090,Northern Rufous-capped Antshrike,
15919,Northern Rufous-winged Antwren,Herpsilochmus frater
9090,Northern Saw-whet Owl,Aegolius acadicus
225,Northern Screamer,Chauna chavaria
17284,Northern Scrub-flycatcher,Sublegatus arenarum
23406,Northern Scrub-robin,Drymodes superciliaris
394,Northern Shoveler,Spatula clypeata
20978,Northern Shrike-tit,Falcunculus whitei
6251,Northern Silvery Grebe,
10714,Northern Silvery Kingfisher,Ceyx flumenicola
16047,Northern Slaty Antshrike,Thamnophilus punctatus
12787,Northern Sooty Woodpecker,Mulleripicus funebris
14869,Northern Spot-crowned Woodcreeper,Lepidocolaptes affinis
14781,Northern Spotted Woodcreeper,Xiphorhynchus erythropygius
18031,Northern Streaked Flycatcher,Myiodynastes maculatus
9971,Northern Surucua Trogon,
17692,Northern Tropical Pewee,Contopus bogotensis
21616,Northern Variable Pitohui,Pitohui kirhocephalus
36132,Northern Waterthrush,Parkesia noveboracensis
31898,Northern Wheatear,Oenanthe oenanthe
22521,Northern White-crowned Shrike,Eurocephalus ruppelli
9429,Northern White-faced Owl,Ptilopsis leucotis
15833,Northern White-fringed Antwren,Formicivora intermedia
29902,Northern White-necked Myna,
15676,Northern Wing-banded Antbird,
29170,Northern Wren,Troglodytes troglodytes
23064,Northwestern Crow,
3817,Nubian Bustard,Neotis nuba
2026,Nubian Nightjar,Caprimulgus nubicus
11911,Nubian Woodpecker,Campethera nubica
5526,Nuku Hiva Imperial Pigeon,Ducula galeata
22281,Nuku Hiva Monarch,Pomarea nukuhivae
19998,Nullarbor Quail-thrush,Cinclosoma alisteri
25921,Numfor Leaf-warbler,Phylloscopus maforensis
10339,Numfor Paradise-kingfisher,Tanysiptera carolinae
22234,Nusa Tenggara Paradise-flycatcher,Terpsiphone floris
20324,Nuthatch Vanga,Hypositta corallirostris
12101,Nuttall's Woodpecker,Dryobates nuttallii
18152,Nutting's Flycatcher,Myiarchus nuttingi
2603,Nyanza Swift,Apus niansae
14208,Nyasa Lovebird,Agapornis lilianae
34432,Oahu Akepa,Loxops wolstenholmei
34411,Oahu Akialoa,Akialoa ellisiana
34378,Oahu Alauahio,Paroreomyza maculata
34439,Oahu Amakihi,Chlorodrepanis flava
22265,Oahu Elepaio,Chasiempis ibidis
34417,Oahu Nukupuu,Hemignathus lucidus
23526,Oahu Oo,Moho apicalis
23641,Oak Titmouse,Baeolophus inornatus
3272,Oasis Hummingbird,Rhodopis vesper
3506,Oaxaca Hummingbird,Eupherusa cyanophrys
35600,Oaxaca Sparrow,Aimophila notosticta
24255,Obbia Lark,Spizocorys obbiensis
30428,Oberländer's Ground-thrush,Geokichla oberlaenderi
20820,Obi Cicadabird,Edolisoma obiense
21990,Obi Fantail,
24811,Obi Golden Bulbul,Hypsipetes lucasi
19056,Obi Myzomela,Myzomela rubrotincta
23167,Obi Paradise-crow,Lycocorax obiensis
19880,Obscure Berrypecker,Melanocharis arfakiana
19456,Obscure Honeyeater,Caligavis obscura
13696,Oceanic Eclectus,Eclectus infectus
16148,Ocellated Antbird,Phaenostictus mcleannani
5985,Ocellated Crake,Rufirallus schomburgkii
11725,Ocellated Piculet,Picumnus dorbignyanus
1951,Ocellated Poorwill,Nyctiphrynus ocellatus
992,Ocellated Quail,Cyrtonyx ocellatus
16712,Ocellated Tapaculo,Acropternis orthonyx
29746,Ocellated Thrasher,Toxostoma ocellatum
1115,Ocellated Turkey,Meleagris ocellata
14728,Ocellated Woodcreeper,Xiphorhynchus ocellatus
18192,Ochraceous Attila,Attila torridus
24715,Ochraceous Bulbul,Alophoixus ochraceus
17682,Ochraceous Pewee,Contopus ochraceus
11740,Ochraceous Piculet,Picumnus limae
29271,Ochraceous Wren,Troglodytes ochraceus
17335,Ochraceous-breasted Flycatcher,Nephelomyias ochraceiventris
12496,Ochre-backed Woodpecker,Celeus ochraceus
9043,Ochre-bellied Boobook,Ninox ochracea
5000,Ochre-bellied Dove,Leptotila ochraceiventris
17236,Ochre-bellied Flycatcher,Mionectes oleagineus
16646,Ochre-breasted Antpitta,Grallaricula flavirostris
35665,Ochre-breasted Brushfinch,Atlapetes semirufus
18696,Ochre-breasted Catbird,Ailuroedus stonii
15106,Ochre-breasted Foliage-gleaner,Anabacerthia lichtensteini
34141,Ochre-breasted Pipit,Anthus nattereri
36611,Ochre-breasted Tanager,Chlorothraupis stolzmanni
15406,Ochre-browed Thistletail,Asthenes coryi
15528,Ochre-cheeked Spinetail,Synallaxis scutata
22425,Ochre-collared Monarch,Arses insularis
11728,Ochre-collared Piculet,Picumnus temminckii
17445,Ochre-faced Tody-flycatcher,Poecilotriccus plumbeiceps
16738,Ochre-flanked Tapaculo,Eugralla paradoxa
16660,Ochre-fronted Antpitta,Grallaricula ochraceifrons
17560,Ochre-lored Flatbill,Tolmomyias flaviventris
13380,Ochre-marked Parakeet,Pyrrhura cruentata
17787,Ochre-naped Ground-tyrant,Muscisaxicola flavinucha
16207,Ochre-rumped Antbird,Drymophila ochropyga
35037,Ochre-rumped Bunting,Emberiza yessoensis
16529,Ochre-striped Antpitta,Grallaria dignissima
15208,Ochre-throated Foliage-gleaner,Automolus ochrolaemus
6140,Ochre-winged Trumpeter,
22289,Ogea Monarch,Mayrornis versicolor
2141,Oilbird,Steatornis caripensis
23,Okarito Kiwi,Apteryx rowi
5827,Okinawa Rail,Gallirallus okinawae
31586,Okinawa Robin,Larvivora namiyei
12313,Okinawa Woodpecker,Dendrocopos noguchii
37341,Oleaginous Hemispingus,Sphenopsis frontalis
16956,Olivaceous Elaenia,Elaenia mesoleuca
30993,Olivaceous Flycatcher,Fraseria olivascens
21399,Olivaceous Greenlet,Hylophilus olivaceus
18517,Olivaceous Mourner,Schiffornis olivacea
11747,Olivaceous Piculet,Picumnus olivaceus
18252,Olivaceous Piha,Snowornis cryptolophus
34758,Olivaceous Siskin,Spinus olivaceus
3011,Olivaceous Thornbill,Chalcostigma olivaceum
10901,Olive Bee-eater,Merops superciliosus
24737,Olive Bulbul,Iole viridescens
20121,Olive Bushshrike,Chlorophoneus olivaceus
35320,Olive Finch,Arremon castaneiceps
17667,Olive Flycatcher,Mitrephanes olivaceus
23374,Olive Flyrobin,Kempiella flavovirescens
19254,Olive Honeyeater,Lichmera argentauris
7830,Olive Ibis,Bostrychia olivacea
4287,Olive Long-tailed Cuckoo,Cercococcyx olivinus
18369,Olive Manakin,Xenopipo uniformis
35830,Olive Oropendola,Psarocolius bifasciatus
35181,Olive Sparrow,Arremonops rufivirgatus
15464,Olive Spinetail,Cranioleuca obsoleta
18983,Olive Straightbill,Timeliopsis fulvigula
32385,Olive Sunbird,Cyanomitra olivacea
30510,Olive Thrush,Turdus olivaceus
33818,Olive Warbler,Peucedramus taeniatus
20994,Olive Whistler,Pachycephala olivacea
12089,Olive Woodpecker,Dendropicos griseocephalus
34854,Olive-backed Euphonia,Euphonia gouldi
32087,Olive-backed Flowerpecker,Pachyglossa olivacea
15223,Olive-backed Foliage-gleaner,Automolus infuscatus
31325,Olive-backed Forest-robin,Stiphrornis pyrrholaemus
21648,Olive-backed Oriole,Oriolus sagittatus
34071,Olive-backed Pipit,Anthus hodgsoni
4954,Olive-backed Quail-Dove,Leptotrygon veraguensis
32632,Olive-backed Sunbird,Cinnyris jugularis
26975,Olive-backed Tailorbird,Orthotomus sepium
36525,Olive-backed Tanager,Mitrospingus oleagineus
14788,Olive-backed Woodcreeper,Xiphorhynchus triangularis
12743,Olive-backed Woodpecker,Gecinulus rafflesii
32496,Olive-bellied Sunbird,Cinnyris chloropygius
24584,Olive-breasted Greenbul,Arizelocichla kikuyuensis
4013,Olive-capped Coua,Coua olivaceiceps
32122,Olive-capped Flowerpecker,Dicaeum nigrilore
36301,Olive-capped Warbler,Setophaga pityophila
17319,Olive-chested Flycatcher,Myiophobus cryptoxanthus
16840,Olive-crowned Crescentchest,Melanopareia maximiliani
32192,Olive-crowned Flowerpecker,Dicaeum pectorale
21432,Olive-crowned Greenlet,
36185,Olive-crowned Yellowthroat,Geothlypis semiflava
17565,Olive-faced Flatbill,Tolmomyias viridiceps
31402,Olive-flanked Robin-chat,Dessonornis anomalus
26898,Olive-green Camaroptera,Camaroptera chloronota
36528,Olive-green Tanager,Orthogonys chloricterus
17207,Olive-green Tyrannulet,Phylloscartes virescens
36902,Olive-grey Saltator,Saltator olivascens
24589,Olive-headed Bulbul,Arizelocichla striifacies
14095,Olive-headed Lorikeet,Trichoglossus euteles
33179,Olive-headed Weaver,Ploceus olivaceiceps
33043,Olive-naped Weaver,Ploceus brachypterus
17668,Olive-sided Flycatcher,Contopus cooperi
3536,Olive-spotted Hummingbird,Talaphorus chlorocercus
17226,Olive-streaked Flycatcher,Mionectes olivaceus
17228,Olive-striped Flycatcher,Mionectes galbinus
26102,Olive-tree Warbler,Hippolais olivetorum
24929,Olive-winged Bulbul,Pycnonotus plumosus
6146,Olive-winged Trumpeter,
30190,Olomao,Myadestes lanaiensis
15046,Olrog's Cinclodes,Cinclodes olrogi
7131,Olrog's Gull,Larus atlanticus
9743,Omani Owl,Strix butleri
30193,Omao,Myadestes obscurus
18617,One-colored Becard,Pachyramphus homochrous
18393,Opal-crowned Manakin,Lepidothrix iris
37969,Opal-crowned Tanager,Tangara callophrys
37970,Opal-rumped Tanager,Tangara velia
18883,Opalton Grasswren,Amytornis rowleyi
34229,Orange Bullfinch,Pyrrhula aurantiaca
18956,Orange Chat,Epthianura aurifrons
5460,Orange Dove,Ptilinopus victor
30429,Orange Ground-thrush,Geokichla gurneyi
20562,Orange Minivet,Pericrocotus flammeus
35879,Orange Oriole,Icterus auratus
1552,Orange River Francolin,Scleroptila gutturalis
27531,Orange River White-eye,Zosterops pallidus
33063,Orange Weaver,Ploceus aurantius
35928,Orange-backed Troupial,Icterus croconotus
12706,Orange-backed Woodpecker,Chrysocolaptes validus
17334,Orange-banded Flycatcher,Nephelomyias lintoni
30452,Orange-banded Thrush,Geokichla peronii
15829,Orange-bellied Antwren,Terenura sicki
34864,Orange-bellied Euphonia,Euphonia xanthogaster
32140,Orange-bellied Flowerpecker,Dicaeum trigonostigma
5434,Orange-bellied Fruit-dove,Ptilinopus iozonus
32066,Orange-bellied Leafbird,Chloropsis hardwickii
18396,Orange-bellied Manakin,Lepidothrix suavissima
13938,Orange-bellied Parrot,Neophema chrysogaster
28521,Orange-billed Babbler,Argya rufescens
13991,Orange-billed Lorikeet,Neopsittacus pullicauda
30249,Orange-billed Nightingale-thrush,Catharus aurantiirostris
35267,Orange-billed Sparrow,Arremon aurantiirostris
36732,Orange-breasted Bunting,Passerina leclancherii
20130,Orange-breasted Bushshrike,Chlorophoneus sulfureopectus
12946,Orange-breasted Falcon,Falco deiroleucus
31312,Orange-breasted Forest-robin,Stiphrornis erythrothorax
18230,Orange-breasted Fruiteater,Pipreola jucunda
5172,Orange-breasted Green-pigeon,Treron bicinctus
28634,Orange-breasted Laughingthrush,Garrulax annamensis
32364,Orange-breasted Sunbird,Anthobaphes violacea
15319,Orange-breasted Thornbird,Phacellodomus ferrugineigula
9893,Orange-breasted Trogon,Harpactes oreskios
37338,Orange-browed Hemispingus,Kleinothraupis calophrys
19420,Orange-cheeked Honeyeater,Meliphaga chrysogenys
13212,Orange-cheeked Parrot,Pyrilia barrabandi
33602,Orange-cheeked Waxbill,Estrilda melpoda
13189,Orange-chinned Parakeet,Brotogeris jugularis
18431,Orange-collared Manakin,Manacus aurantiacus
17311,Orange-crested Flycatcher,Myiophobus phoenicomitra
18404,Orange-crested Manakin,Heterocercus aurantiivertex
34814,Orange-crowned Euphonia,Euphonia saturata
18854,Orange-crowned Fairywren,Clytomyias insignis
35961,Orange-crowned Oriole,Icterus auricapillus
36150,Orange-crowned Warbler,Leiothlypis celata
37725,Orange-eared Tanager,Chlorochrysa calliparaea
17543,Orange-eyed Flatbill,Tolmomyias traylori
15317,Orange-eyed Thornbird,Phacellodomus erythrophthalmus
31703,Orange-flanked Bush-robin,Tarsiger cyanurus
619,Orange-footed Scrubfowl,Megapodius reinwardt
11105,Orange-fronted Barbet,Capito squamatus
5341,Orange-fronted Fruit-dove,Ptilinopus aurantiifrons
14181,Orange-fronted Hanging-parrot,Loriculus aurantiifrons
13480,Orange-fronted Parakeet,Eupsittula canicularis
15415,Orange-fronted Plushcrown,Metopothrix aurantiaca
37460,Orange-fronted Yellow-finch,Sicalis columbiana
37362,Orange-headed Tanager,Thlypopsis sordida
30435,Orange-headed Thrush,Geokichla citrina
32438,Orange-lined Sunbird,
1043,Orange-necked Partridge,Arborophila davidi
24964,Orange-spotted Bulbul,Pycnonotus bimaculatus
35062,Orange-throated Chlorospingus,
2862,Orange-throated Sunangel,Heliangelus mavors
37730,Orange-throated Tanager,Wetmorethraupis sterrhopteron
32787,Orange-tufted Spiderhunter,Arachnothera flammifera
32579,Orange-tufted Sunbird,Cinnyris bouvieri
13334,Orange-winged Amazon,Amazona amazonica
33719,Orange-winged Pytilia,Pytilia afra
37006,Orangequit,Euneornis campestris
35945,Orchard Oriole,Icterus spurius
22973,Orential Magpie,Pica serica
8951,Oriental Bay-owl,Phodilus badius
4340,Oriental Cuckoo,Cuculus optatus
7716,Oriental Darter,Anhinga melanogaster
10259,Oriental Dollarbird,Eurystomus orientalis
34473,Oriental Greenfinch,Chloris sinica
12951,Oriental Hobby,Falco severus
8210,Oriental Honey-buzzard,Pernis ptilorhynchus
30887,Oriental Magpie-robin,Copsychus saularis
22223,Oriental Paradise-flycatcher,Terpsiphone affinis
10168,Oriental Pied Hornbill,Anthracoceros albirostris
6549,Oriental Plover,Anarhynchus veredus
6896,Oriental Pratincole,Glareola maldivarum
25963,Oriental Reed-warbler,Acrocephalus orientalis
9343,Oriental Scops-owl,Otus sunia
24279,Oriental Skylark,Alauda gulgula
7665,Oriental Stork,Ciconia boyciana
4615,Oriental Turtle-dove,Streptopelia orientalis
35761,Oriente Warbler,Teretistris fornsi
36889,Orinocan Saltator,Saltator orenocensis
333,Orinoco Goose,Oressochen jubatus
11688,Orinoco Piculet,Picumnus pumilus
15430,Orinoco Softtail,Thripophaga cherriei
15582,Orinoco Spinetail,Synallaxis beverlyae
36085,Oriole Blackbird,Gymnomystax mexicanus
34496,Oriole Finch,Linurgus olivaceus
26875,Oriole Warbler,Hypergerus atriceps
21126,Oriole Whistler,Pachycephala orioloides
8340,Ornate Hawk-eagle,Spizaetus ornatus
14052,Ornate Lorikeet,Trichoglossus ornatus
19494,Ornate Melidectes,Melidectes torquatus
14430,Ornate Pitta,Pitta concinna
32623,Ornate Sunbird,Cinnyris ornatus
162,Ornate Tinamou,Nothoprocta ornata
34950,Ortolan Bunting,Emberiza hortulana
8129,Osprey,Pandion haliaetus
34397,Ou,Psittirostra psittacea
32600,Oustalet's Sunbird,Cinnyris oustaleti
17217,Oustalet's Tyrannulet,Phylloscartes oustaleti
3440,Outcrop Sabrewing,Campylopterus calcirupicola
13896,Ouvea Parakeet,Eunymphicus uvaeensis
8554,Ovambo Sparrowhawk,Accipiter ovampensis
36126,Ovenbird,Seiurus aurocapilla
16584,Oxapampa Antpitta,Grallaria centralis
27654,Oya Tabu White-eye,
15767,Pacific Antwren,Myrmotherula pacifica
8187,Pacific Baza,Aviceda subcristata
410,Pacific Black Duck,Anas superciliosa
35849,Pacific Cacique,
16914,Pacific Elaenia,Myiopagis subplacens
17505,Pacific Flatbill,Rhynchocyclus pacificus
6454,Pacific Golden Plover,Pluvialis fulva
7126,Pacific Gull,Larus pacificus
14969,Pacific Hornero,Furnarius cinnamomeus
5511,Pacific Imperial-pigeon,Ducula pacifica
10510,Pacific Kingfisher,Todiramphus sacer
7297,Pacific Loon,Gavia pacifica
13562,Pacific Parakeet,Psittacara strenuus
13364,Pacific Parrotlet,Forpus coelestis
7969,Pacific Reef-egret,Egretta sacra
23353,Pacific Robin,Petroica pusilla
18653,Pacific Royal Flycatcher,
9610,Pacific Screech-owl,Megascops cooperi
2628,Pacific Swift,Apus pacificus
14945,Pacific Tuftedcheek,Pseudocolaptes johnsoni
29203,Pacific Wren,Troglodytes pacificus
17743,Pacific-slope Flycatcher,Empidonax difficilis
33965,Paddyfield Pipit,Anthus rufulus
26047,Paddyfield Warbler,Acrocephalus agricola
25987,Pagan Reed-warbler,Acrocephalus yamashinae
5703,Paint-billed Crake,Mustelirallus erythrops
36728,Painted Bunting,Passerina ciris
1698,Painted Bush-quail,Perdicula erythrorhyncha
6343,Painted Buttonquail,Turnix varius
33330,Painted Finch,Emblema pictum
1516,Painted Francolin,Francolinus pictus
19237,Painted Honeyeater,Grantiella picta
18456,Painted Manakin,Machaeropterus eckelberryi
13406,Painted Parakeet,Pyrrhura picta
20004,Painted Quail-thrush,Cinclosoma ajax
4408,Painted Sandgrouse,Pterocles indicus
1456,Painted Spurfowl,Galloperdix lunulata
7645,Painted Stork,Mycteria leucocephala
13815,Painted Tiger-parrot,Psittacella picta
17492,Painted Tody-flycatcher,Todirostrum pictum
36484,Painted Whitestart,Myioborus pictus
28400,Palani Chilappan,Montecincla fairbanki
25500,Palau Bush-warbler,Horornis annae
20801,Palau Cicadabird,Edolisoma monacha
22074,Palau Fantail,Rhipidura lepida
22447,Palau Flycatcher,Myiagra erythrops
5361,Palau Fruit-dove,Ptilinopus pelewensis
5112,Palau Ground Dove,Pampusana canifrons
10539,Palau Kingfisher,Todiramphus pelewensis
2005,Palau Nightjar,Caprimulgus phalaena
9428,Palau Owl,Otus podarginus
2419,Palau Swiftlet,Aerodramus pelewensis
31202,Palawan Blue Flycatcher,Cyornis lemprieri
24700,Palawan Bulbul,Alophoixus frater
23041,Palawan Crow,Corvus pusillus
21848,Palawan Drongo,Dicrurus palawanensis
28797,Palawan Fairy-bluebird,Irena tweeddalii
32082,Palawan Flowerpecker,Prionochilus plateni
31667,Palawan Flycatcher,Ficedula platenae
10167,Palawan Hornbill,Anthracoceros marchei
1458,Palawan Peacock-Pheasant,Polyplectron napoleonis
9424,Palawan Scops-owl,Otus fuliginosus
32790,Palawan Spiderhunter,Arachnothera dilutior
27360,Palawan Striped Babbler,Zosterornis hypogrammicus
32636,Palawan Sunbird,Cinnyris aurora
23621,Palawan Tit,Periparus amabilis
2207,Palawan frogmouth,Batrachostomus chaseni
36104,Pale Baywing,Agelaioides fringillarius
31185,Pale Blue Flycatcher,Cyornis unicolor
8420,Pale Chanting-goshawk,Melierax canorus
20763,Pale Cicadabird,Edolisoma ceramense
30959,Pale Flycatcher,Agricola pallidus
5614,Pale Mountain-pigeon,Gymnophaps solomonensis
26707,Pale Prinia,Prinia somalica
25211,Pale Rock Martin,Ptyonoprogne obsoleta
34346,Pale Rosefinch,Carpodacus stoliczkae
25125,Pale Sand Martin,Riparia diluta
32824,Pale Sparrow,Carpospiza brachydactyla
30563,Pale Thrush,Turdus pallidus
2745,Pale-bellied Hermit,Phaethornis anthophilus
18094,Pale-bellied Mourner,Rhytipterna immunda
29940,Pale-bellied Myna,Acridotheres cinereus
16820,Pale-bellied Tapaculo,Scytalopus griseicollis
18332,Pale-bellied Tyrant-manakin,Neopelma pallescens
27577,Pale-bellied White-eye,Zosterops consobrinorum
16554,Pale-billed Antpitta,Grallaria carrikeri
11226,Pale-billed Araçari,
32167,Pale-billed Flowerpecker,Dicaeum erythrorhynchos
10122,Pale-billed Hornbill,Lophoceros pallidirostris
14980,Pale-billed Hornero,Furnarius torridus
27282,Pale-billed Parrotbill,Suthora atrosuperciliaris
19668,Pale-billed Scrubwren,Aethomyias spilodera
23263,Pale-billed Sicklebill,Drepanornis bruijnii
12577,Pale-billed Woodpecker,Campephilus guatemalensis
22167,Pale-blue Monarch,Hypothymis puella
28179,Pale-breasted Illadopsis,Illadopsis rufipennis
15583,Pale-breasted Spinetail,Synallaxis albescens
30798,Pale-breasted Thrush,Turdus leucomelas
114,Pale-browed Tinamou,Crypturellus transfasciatus
4481,Pale-capped Pigeon,Columba punicea
31267,Pale-chinned Flycatcher,Cyornis poliogenys
12489,Pale-crested Woodpecker,Celeus lugubris
26579,Pale-crowned Cisticola,Cisticola cinnamomeus
18143,Pale-edged Flycatcher,Myiarchus cephalotes
23859,Pale-eyed Black Tit,Melaniparus guineensis
36110,Pale-eyed Blackbird,Agelasticus xanthophthalmus
24953,Pale-eyed Bulbul,Pycnonotus davisoni
17429,Pale-eyed Pygmy-tyrant,Atalotriccus pilaris
30698,Pale-eyed Thrush,Turdus leucops
16190,Pale-faced Bare-eye,Phlegopsis borbae
24967,Pale-faced Bulbul,Pycnonotus leucops
25564,Pale-footed Bush-warbler,Hemitesia pallidipes
25200,Pale-footed Swallow,Orochelidon flavipes
33573,Pale-fronted Nigrita,Nigrita luteifrons
35710,Pale-headed Brushfinch,Atlapetes pallidiceps
10929,Pale-headed Jacamar,Brachygalba goeringi
33441,Pale-headed Munia,Lonchura pallida
13864,Pale-headed Rosella,Platycercus adscitus
12736,Pale-headed Woodpecker,Gecinulus grantia
14974,Pale-legged Hornero,Furnarius leucopus
25802,Pale-legged Leaf-warbler,Phylloscopus tenellipes
21390,Pale-legged Shrike-vireo,
36364,Pale-legged Warbler,Myiothlypis signata
35689,Pale-naped Brushfinch,Atlapetes pallidinucha
24689,Pale-olive Greenbul,Phyllastrephus fulviventris
2511,Pale-rumped Swift,Chaetura egregia
2694,Pale-tailed Barbthroat,Threnetes leucurus
11447,Pale-throated Barbet,
24542,Pale-throated Greenbul,Atimastillas flavigula
36761,Pale-throated Pampa-finch,Embernagra longicauda
27862,Pale-throated Wren-babbler,Spelaeornis kinneari
17301,Pale-tipped Tyrannulet,Inezia caudata
6128,Pale-vented Bush-hen,Amaurornis moluccana
4547,Pale-vented Pigeon,Patagioenas cayennensis
30794,Pale-vented Thrush,Turdus obsoletus
30097,Pale-winged Starling,Onychognathus nabouroup
23478,Pale-yellow Robin,Eopsaltria capito
32580,Palestine Sunbird,Cinnyris osea
34391,Palila,Loxioides bailleui
35032,Pallas's Bunting,Emberiza pallasi
8669,Pallas's Fish-eagle,Haliaeetus leucoryphus
26121,Pallas's Grasshopper-warbler,Helopsaltes certhiola
7118,Pallas's Gull,Ichthyaetus ichthyaetus
25691,Pallas's Leaf-warbler,Phylloscopus proregulus
34359,Pallas's Rosefinch,Carpodacus roseus
4359,Pallas's Sandgrouse,Syrrhaptes paradoxus
4229,Pallid Cuckoo,Heteroscenes pallidus
4985,Pallid Dove,Leptotila pallida
8614,Pallid Harrier,Circus macrourus
11620,Pallid Honeyguide,Indicator meliphilus
9309,Pallid Scops-owl,Otus brucei
15465,Pallid Spinetail,Cranioleuca pallida
2606,Pallid Swift,Apus pallidus
15279,Pallid Tit-spinetail,
13040,Palm Cockatoo,Probosciger aterrimus
13979,Palm Lorikeet,Vini palmarum
37828,Palm Tanager,Thraupis palmarum
36298,Palm Warbler,Setophaga palmarum
8155,Palm-nut Vulture,Gypohierax angolensis
23523,Palmchat,Dulus dominicus
14930,Palmcreeper,Berlepschia rikeri
17152,Paltry Tyrannulet,Zimmerius vilissimus
12458,Pampas Flicker,
35803,Pampas Meadowlark,Leistes defilippii
34133,Pampas Pipit,Anthus chacoensis
18135,Panama Flycatcher,Myiarchus panamensis
16581,Panao Antpitta,Grallaria oneilli
27365,Panay Striped Babbler,Zosterornis latistriatus
33953,Pangani Longclaw,Macronyx aurantiigula
22512,Paperbark Flycatcher,Myiagra nana
19836,Papuan Babbler,Garritornis isidorei
19074,Papuan Black Myzomela,Myzomela nigrita
8311,Papuan Eagle,Harpyopsis novaeguineae
13688,Papuan Eclectus,Eclectus polychloros
2171,Papuan Frogmouth,Podargus papuensis
26215,Papuan Grassbird,Cincloramphus macrurus
8630,Papuan Harrier,Circus spilothorax
8959,Papuan Hawk-owl,Uroglaux dimorpha
10191,Papuan Hornbill,Rhyticeros plicatus
30598,Papuan Island Thrush,Turdus papuensis
13642,Papuan King-parrot,Alisterus chloropterus
19859,Papuan Logrunner,Orthonyx novaeguineae
13968,Papuan Lorikeet,Charmosyna papou
5607,Papuan Mountain-pigeon,Gymnophaps albertisii
1813,Papuan Nightjar,Eurostopodus papuensis
33511,Papuan Parrotfinch,Erythrura papuana
14365,Papuan Pitta,Erythropitta macklotii
23402,Papuan Scrub-robin,Drymodes beccarii
19682,Papuan Scrubwren,Aethomyias papuensis
20951,Papuan Sittella,Daphoenositta papuensis
2458,Papuan Spinetail,Mearnsia novaeguineae
2451,Papuan Swiftlet,Aerodramus papuensis
18774,Papuan Treecreeper,Cormobates placens
19947,Papuan Whipbird,Androphobus viridis
34520,Papyrus Canary,Crithagra koliensis
20268,Papyrus Gonolek,Laniarius mufumbiri
26095,Papyrus Yellow Warbler,Calamonastides gracilirostris
15228,Para Foliage-gleaner,Automolus paraensis
29437,Para Gnatcatcher,Polioptila paraensis
10969,Paradise Jacamar,Galbula dea
13846,Paradise Parrot,Psephotellus pulcherrimus
23241,Paradise Riflebird,Ptiloris paradiseus
350,Paradise Shelduck,Tadorna variegata
37964,Paradise Tanager,Tangara chilensis
7224,Parakeet Auklet,Aethia psittacula
16761,Paramillo Tapaculo,Scytalopus canus
34146,Paramo Pipit,Anthus bogotensis
37555,Paramo Seedeater,Catamenia homochroa
16759,Paramo Tapaculo,Scytalopus opacus
15858,Parana Antwren,Formicivora acutirostris
37391,Pardusco,Nephelornis oneilli
15250,Paria Barbtail,
35255,Paria Brushfinch,Arremon phygas
36515,Paria Whitestart,Myioborus pariae
16261,Parker's Antbird,Cercomacroides parkeri
15454,Parker's Spinetail,Cranioleuca vulpecula
37340,Parodi's Hemispingus,Kleinothraupis parodii
34650,Parrot Crossbill,Loxia pytyopsittacus
37286,Parrot-billed Seedeater,Sporophila peruviana
32898,Parrot-billed Sparrow,Passer gongonensis
4838,Partridge Pigeon,Geophaps smithii
4522,Passenger Pigeon,Ectopistes migratorius
15498,Patagonian Canastero,Pseudasthenes patagonica
29714,Patagonian Mockingbird,Mimus patagonicus
37490,Patagonian Sierra-finch,Phrygilus patagonicus
223,Patagonian Tinamou,Tinamotis ingoufi
17962,Patagonian Tyrant,Colorhamphus parvirostris
37475,Patagonian Yellow-finch,Sicalis lebruni
1882,Pauraque,Nyctidromus albicollis
3872,Pavonine Cuckoo,Dromococcyx pavoninus
9912,Pavonine Quetzal,Pharomachrus pavoninus
4856,Peaceful Dove,Geopelia placida
13484,Peach-fronted Parakeet,Eupsittula aurea
2918,Peacock Coquette,Lophornis pavoninus
30740,Peantepui Thrush,Turdus murinus
8135,Pearl Kite,Gampsonyx swainsonii
25234,Pearl-breasted Swallow,Hirundo dimidiata
9170,Pearl-spotted Owlet,Glaucidium perlatum
15257,Pearled Treerunner,Margarornis squamiger
15888,Pearly Antshrike,Megastictus margaritatus
13386,Pearly Parakeet,Pyrrhura lepida
37305,Pearly-bellied Seedeater,Sporophila pileata
37409,Pearly-breasted Conebill,Conirostrum margaritae
4113,Pearly-breasted Cuckoo,Coccyzus euleri
29784,Pearly-eyed Thrasher,Margarops fuscatus
17379,Pearly-vented Tody-tyrant,Hemitriccus margaritaceiventer
34075,Pechora Pipit,Anthus gustavi
15911,Pectoral Antwren,Herpsilochmus pectoralis
6845,Pectoral Sandpiper,Calidris melanotos
35289,Pectoral Sparrow,Arremon taciturnus
26572,Pectoral-patch Cisticola,Cisticola brunnescens
37529,Peg-billed Finch,Acanthidops bairdi
9575,Pel's Fishing-owl,Scotopelia peli
7736,Pelagic Cormorant,Urile pelagicus
22081,Peleng Fantail,Rhipidura habibiei
30908,Pelzeln's Magpie-robin,
17389,Pelzeln's Tody-tyrant,Hemitriccus inornatus
5255,Pemba Green-pigeon,Treron pembaensis
9325,Pemba Scops-owl,Otus pembaensis
32578,Pemba Sunbird,Cinnyris pembae
27545,Pemba White-eye,Zosterops vaughani
2140,Pennant-winged Nightjar,Caprimulgus vexillarius
12987,Peregrine Falcon,Falco peregrinus
16568,Perija Antpitta,Grallaria saltuensis
35246,Perija Brushfinch,Arremon perijanus
3027,Perija Metaltail,Metallura iracunda
13411,Perija Parakeet,
3138,Perija Starfrontlet,Coeligena consita
16827,Perija Tapaculo,Scytalopus perijanus
15407,Perija Thistletail,Asthenes perijana
15230,Pernambuco Foliage-gleaner,Automolus lammi
9239,Pernambuco Pygmy-owl,Glaucidium mooreorum
7593,Persian Shearwater,Puffinus persicus
16659,Peruvian Antpitta,Grallaricula peruviana
16233,Peruvian Antwarbler,Hypocnemis peruviana
7709,Peruvian Booby,Sula variegata
36352,Peruvian Citrine Warbler,
7620,Peruvian Diving-petrel,Pelecanoides garnotii
25154,Peruvian Martin,Progne murphyi
35795,Peruvian Meadowlark,Leistes bellicosus
8107,Peruvian Pelican,Pelecanus thagus
2924,Peruvian Piedtail,Phlogophilus harterti
4561,Peruvian Pigeon,Patagioenas oenops
34127,Peruvian Pipit,Anthus peruvianus
18267,Peruvian Plantcutter,Phytotoma raimondii
9256,Peruvian Pygmy-owl,Glaucidium peruanum
3173,Peruvian Racket-tail,Ocreatus peruanus
15138,Peruvian Recurvebill,Syndactyla ucayalae
9675,Peruvian Screech-owl,Megascops roboratus
3278,Peruvian Sheartail,Thaumastura cora
37493,Peruvian Sierra-finch,Phrygilus punensis
30235,Peruvian Solitaire,
6981,Peruvian Tern,Sternula lorata
6356,Peruvian Thick-knee,Hesperoburhinus superciliaris
17181,Peruvian Tyrannulet,Zimmerius viridiflavus
28953,Peruvian Wren,Cinnycerthia peruana
13588,Pesquet's Parrot,Psittrichas fulgidus
20731,Petit's Cuckooshrike,Campephaga petiti
23519,Phainopepla,Phainopepla nitens
9524,Pharaoh Eagle-owl,Bubo ascalaphus
3986,Pheasant Coucal,Centropus phasianinus
3869,Pheasant Cuckoo,Dromococcyx phasianellus
6619,Pheasant-tailed Jacana,Hydrophasianus chirurgus
21497,Philadelphia Vireo,Vireo philadelphicus
1684,Philby's Partridge,Alectoris philbyi
5958,Philipine Swamphen,Porphyrio pulverulentus
25414,Philippa's Crombec,Sylvietta philippae
24788,Philippine Bulbul,Hypsipetes philippinus
6124,Philippine Bush-hen,Amaurornis olivacea
25488,Philippine Bush-warbler,Horornis seebohmi
13060,Philippine Cockatoo,Cacatua haematuropygia
4624,Philippine Collared-dove,Streptopelia dusumieri
3968,Philippine Coucal,Centropus viridis
4734,Philippine Cuckoo-Dove,Macropygia tenuirostris
4292,Philippine Drongo-cuckoo,Surniculus velutinus
418,Philippine Duck,Anas luzonica
8292,Philippine Eagle,Pithecophaga jefferyi
9572,Philippine Eagle-owl,Ketupa philippensis
28799,Philippine Fairy-bluebird,Irena cyanogastra
12853,Philippine Falconet,Microhierax erythrogenys
2187,Philippine Frogmouth,Batrachostomus septimus
2301,Philippine Glossy Swiftlet,Collocalia marginata
5186,Philippine Green-pigeon,Treron axillaris
14152,Philippine Hanging-parrot,Loriculus philippensis
4316,Philippine Hawk-Cuckoo,Hierococcyx pectoralis
8219,Philippine Honey-buzzard,Pernis steerei
23107,Philippine Jungle Crow,Corvus philippinus
25738,Philippine Leaf-warbler,Phylloscopus olivaceus
32029,Philippine Leafbird,Chloropsis flavipennis
30904,Philippine Magpie-robin,Copsychus mindanensis
2057,Philippine Nightjar,Caprimulgus manillensis
21695,Philippine Oriole,Oriolus steerii
21963,Philippine Pied Fantail,Rhipidura nigritorquis
14342,Philippine Pitta,Erythropitta erythrogaster
11970,Philippine Pygmy Woodpecker,Yungipicus maculatus
587,Philippine Scrubfowl,Megapodius cumingii
8288,Philippine Serpent-eagle,Spilornis holospilus
31555,Philippine Shortwing,Brachypteryx poliogyna
2457,Philippine Spinetail,Mearnsia picina
2351,Philippine Swiftlet,Aerodramus mearnsi
9882,Philippine Trogon,Harpactes ardens
7514,Phoenix Petrel,Pterodroma alba
23013,Piapiac,Ptilostomus afer
4526,Picazuro Pigeon,Patagioenas picazuro
33310,Pictorella Mannikin,Heteromunia pectoralis
4906,Picui Ground Dove,Columbina picui
6442,Pied Avocet,Recurvirostra avosetta
4227,Pied Bronze-cuckoo,Chalcites crassirostris
31789,Pied Bushchat,Saxicola caprata
20468,Pied Butcherbird,Cracticus nigrogularis
3905,Pied Coucal,Centropus ateralbus
23124,Pied Crow,Corvus albus
4768,Pied Cuckoo-Dove,Reinwardtoena browni
20616,Pied Cuckooshrike,Coracina bicolor
20476,Pied Currawong,Strepera graculina
12856,Pied Falconet,Microhierax melanoleucos
8527,Pied Goshawk,Tachyspiza albogularis
8623,Pied Harrier,Circus melanoleucos
7985,Pied Heron,Egretta picata
19022,Pied Honeyeater,Certhionyx variegatus
5588,Pied Imperial-pigeon,Ducula bicolor
10770,Pied Kingfisher,Ceryle rudis
22438,Pied Monarch,Arses kaupi
6420,Pied Oystercatcher,Haematopus longirostris
6495,Pied Plover,Hoploxypterus cayanus
21332,Pied Shrike-babbler,Pteruthius flaviscapis
6432,Pied Stilt,Himantopus leucocephalus
30400,Pied Thrush,Geokichla wardii
20909,Pied Triller,Lalage nigra
17897,Pied Water-tyrant,Fluvicola pica
31925,Pied Wheatear,Oenanthe pleschanka
6218,Pied-billed Grebe,Podilymbus podiceps
17052,Pied-crested Tit-tyrant,Anairetes reguloides
25249,Pied-winged Swallow,Hirundo leucosoma
7237,Pigeon Guillemot,Cepphus columba
37138,Pileated Finch,Coryphospingus pileatus
17643,Pileated Flycatcher,Xenotriccus mexicanus
13204,Pileated Parrot,Pionopsitta pileata
12532,Pileated Woodpecker,Dryocopus pileatus
19562,Pilotbird,Pycnoptilus floccosus
27767,Pin-striped Tit-babbler,Mixornis gularis
5257,Pin-tailed Green-pigeon,Treron apicauda
18356,Pin-tailed Manakin,Ilicura militaris
33485,Pin-tailed Parrotfinch,Erythrura prasina
4360,Pin-tailed Sandgrouse,Pterocles alchata
6737,Pin-tailed Snipe,Gallinago stenura
33799,Pin-tailed Whydah,Vidua macroura
7349,Pincoya Storm-petrel,Oceanites pincoyae
34917,Pine Bunting,Emberiza leucocephalos
17737,Pine Flycatcher,Empidonax affinis
34210,Pine Grosbeak,Pinicola enucleator
34745,Pine Siskin,Spinus pinus
36302,Pine Warbler,Setophaga pinus
13055,Pink Cockatoo,Cacatua leadbeateri
4600,Pink Pigeon,Nesoenas mayeri
23365,Pink Robin,Petroica rodinogaster
8094,Pink-backed Pelican,Pelecanus rufescens
5473,Pink-bellied Imperial-pigeon,Ducula poliocephala
24270,Pink-billed Lark,Spizocorys conirostris
33508,Pink-billed Parrotfinch,Erythrura kleinschmidti
32229,Pink-breasted Flowerpecker,Dicaeum keiense
24085,Pink-breasted Lark,Calendulauda poecilosterna
34332,Pink-browed Rosefinch,Carpodacus rodochroa
352,Pink-eared Duck,Malacorhynchus membranaceus
284,Pink-footed Goose,Anser brachyrhynchus
20193,Pink-footed Puffback,Dryoscopus angolensis
7568,Pink-footed Shearwater,Ardenna creatopus
479,Pink-headed Duck,Rhodonessa caryophyllacea
5295,Pink-headed Fruit-dove,Ptilinopus porphyreus
5550,Pink-headed Imperial-pigeon,Ducula rosacea
36483,Pink-headed Warbler,Cardellina versicolor
15414,Pink-legged Graveteiro,Acrobatornis fonsecai
5161,Pink-necked Green-pigeon,Treron vernans
34328,Pink-rumped Rosefinch,Carpodacus waltoni
5332,Pink-spotted Fruit-dove,Ptilinopus perlatus
18621,Pink-throated Becard,Pachyramphus minor
3190,Pink-throated Brilliant,Heliodoxa gularis
33735,Pink-throated Twinspot,Hypargos margaritatus
7899,Pinnated Bittern,Botaurus pinnatus
5562,Pinon's Imperial-pigeon,Ducula pinon
15563,Pinto's Spinetail,Synallaxis infuscata
22837,Pinyon Jay,Gymnorhinus cyanocephalus
20971,Piping Bellbird,Ornorectes cristatus
23027,Piping Crow,Corvus typicus
6474,Piping Plover,Charadrius melodus
20939,Pipipi,Mohoua novaeseelandiae
17974,Piratic Flycatcher,Legatus leucophaius
35119,Pirre Chlorospingus,Chlorospingus inornatus
3501,Pirre Hummingbird,Goldmania bella
36427,Pirre Warbler,Basileuterus ignotus
26029,Pitcairn Reed-warbler,Acrocephalus vaughani
7742,Pitt Island Shag,Phalacrocorax featherstoni
10279,Pitta-like Ground-roller,Atelornis pittoides
17961,Piura Chat-tyrant,Ochthoeca piurae
37353,Piura Hemispingus,
15927,Plain Antvireo,Dysithamnus mentalis
625,Plain Chachalaca,Ortalis vetula
32172,Plain Flowerpecker,Dicaeum minullum
19790,Plain Gerygone,Gerygone inornata
24624,Plain Greenbul,Eurillas curvirostris
19010,Plain Honeyeater,Pycnopygius ixoides
28743,Plain Laughingthrush,Pterorhinus davidi
25711,Plain Leaf-warbler,Phylloscopus neglectus
34271,Plain Mountain-finch,Leucosticte nemoricola
2093,Plain Nightjar,Caprimulgus inornatus
13182,Plain Parakeet,Brotogeris tirica
4562,Plain Pigeon,Patagioenas inornata
26696,Plain Prinia,Prinia inornata
15432,Plain Softtail,Thripophaga fusciceps
32297,Plain Sunbird,Anthreptes simplex
2601,Plain Swift,Apus unicolor
15304,Plain Thornbird,Phacellodomus inornatus
17297,Plain Tyrannulet,Inezia inornata
29116,Plain Wren,Cantorchilus modestus
16524,Plain-backed Antpitta,Grallaria haplonota
34051,Plain-backed Pipit,Anthus leucophrys
32857,Plain-backed Snowfinch,Pyrgilauda blanfordi
32929,Plain-backed Sparrow,Passer flaveolus
32293,Plain-backed Sunbird,Anthreptes reichenowi
3669,Plain-bellied Emerald,Chrysuronia leucogaster
4893,Plain-breasted Ground Dove,Columbina minuta
8569,Plain-breasted Hawk,
11745,Plain-breasted Piculet,Picumnus castelnau
14587,Plain-brown Woodcreeper,Dendrocincla fuliginosa
17790,Plain-capped Ground-tyrant,Muscisaxicola alpinus
3231,Plain-capped Starthroat,Heliomaster constantii
37550,Plain-colored Seedeater,Catamenia inornata
37953,Plain-colored Tanager,Tangara inornata
16960,Plain-crested Elaenia,Elaenia cristata
22873,Plain-crowned Jay,
15533,Plain-crowned Spinetail,Synallaxis gujanensis
5761,Plain-flanked Rail,Rallus wetmorei
15274,Plain-mantled Tit-spinetail,Leptasthenura aegithaloides
10203,Plain-pouched Hornbill,Rhyticeros subruficollis
37399,Plain-tailed Warbling-finch,Microspingus alticola
29035,Plain-tailed Wren,Pheugopedius euophrys
15867,Plain-throated Antwren,Isleria hauxwelli
16032,Plain-winged Antshrike,Thamnophilus schistaceus
15814,Plain-winged Antwren,Myrmotherula behni
14600,Plain-winged Woodcreeper,Dendrocincla turdina
24238,Plains Lark,Corypha kabalii
6639,Plains-wanderer,Pedionomus torquatus
4250,Plaintive Cuckoo,Cacomantis merulinus
2741,Planalto Hermit,Phaethornis pretrei
16059,Planalto Slaty Antshrike,Thamnophilus pelzelni
16746,Planalto Tapaculo,Scytalopus pachecoi
16869,Planalto Tyrannulet,Phyllomyias fasciatus
14659,Planalto Woodcreeper,Dendrocolaptes platyrostris
11228,Plate-billed Mountain-toucan,Andigena laminirostris
24242,Plateau Lark,Corypha nigrescens
26130,Pleske's Grasshopper-warbler,Helopsaltes pleskei
13241,Plum-crowned Parrot,Pionus tumultuosus
13943,Plum-faced Lorikeet,Oreopsittacus arfaki
33335,Plum-headed Finch,Emblema modesta
13765,Plum-headed Parakeet,Psittacula cyanocephala
18312,Plum-throated Cotinga,Cotinga maynana
16326,Plumbeous Antbird,Myrmelastes hyperythrus
15955,Plumbeous Antvireo,Dysithamnus plumbeus
17820,Plumbeous Black-tyrant,Knipolegus cabanisi
34815,Plumbeous Euphonia,Euphonia plumbea
12835,Plumbeous Forest-falcon,Micrastur plumbeus
8709,Plumbeous Hawk,Cryptoleucopteryx plumbea
7843,Plumbeous Ibis,Theristicus caerulescens
8689,Plumbeous Kite,Ictinia plumbea
4566,Plumbeous Pigeon,Patagioenas plumbea
5689,Plumbeous Rail,Pardirallus sanguinolentus
37271,Plumbeous Seedeater,Sporophila plumbea
37515,Plumbeous Sierra-finch,Geospizopsis unicolor
21547,Plumbeous Vireo,Vireo plumbeus
36219,Plumbeous Warbler,Setophaga plumbea
31716,Plumbeous Water-redstart,Phoenicurus fuliginosus
30704,Plumbeous-backed Thrush,Turdus reevei
16878,Plumbeous-crowned Tyrannulet,Phyllomyias plumbeiceps
8057,Plumed Egret,Ardea plumifera
792,Plumed Guineafowl,Guttera plumifera
235,Plumed Whistling-duck,Dendrocygna eytoni
22765,Plush-crested Jay,Cyanocorax chrysops
36735,Plushcap,Catamblyrhynchus diadema
20767,Pohnpei Cicadabird,Edolisoma insperatum
22114,Pohnpei Fantail,Rhipidura kubaryi
22451,Pohnpei Flycatcher,Myiagra pluto
5355,Pohnpei Fruit-dove,Ptilinopus ponapensis
10541,Pohnpei Kingfisher,Todiramphus reichenbachii
14071,Pohnpei Lorikeet,Trichoglossus rubiginosus
29865,Pohnpei Starling,Aplonis pelzelni
27686,Pohnpei White-eye,Zosterops ponapensis
20303,Pollen's Vanga,Xenopirostris polleni
5092,Polynesian Ground Dove,Pampusana erythroptera
5523,Polynesian Imperial-pigeon,Ducula aurorae
29866,Polynesian Starling,Aplonis tabuensis
7372,Polynesian Storm-petrel,Nesofregetta fuliginosa
2427,Polynesian Swiftlet,Aerodramus leucophaeus
20849,Polynesian Triller,Lalage maculosa
19291,Polynesian Wattled Honeyeater,Foulehaio carunculatus
7197,Pomarine Jaeger,Stercorarius pomarinus
18322,Pompadour Cotinga,Xipholena punicea
34377,Poo-uli,Melamprosops phaeosoma
2727,Porculla Hermit,
8969,Powerful Owl,Ninox strenua
12560,Powerful Woodpecker,Campephilus pollens
12986,Prairie Falcon,Falco mexicanus
36325,Prairie Warbler,Setophaga discolor
15898,Predicted Antwren,Herpsilochmus praedictus
25335,Preuss's Swallow,Petrochelidon preussi
33177,Preuss's Weaver,Ploceus preussi
35568,Prevost's Ground-sparrow,Melozone biarcuata
32525,Prigogine's Double-collared Sunbird,Cinnyris prigoginei
24554,Prigogine's Greenbul,Chlorocichla prigoginei
2124,Prigogine's Nightjar,Caprimulgus prigoginei
13634,Princess Parrot,Polytelis alexandrae
33069,Principe Golden Weaver,Ploceus princeps
10613,Principe Kingfisher,
9324,Principe Scops-owl,Otus bikegila
34502,Principe Seedeater,Crithagra rufobrunnea
27518,Principe Speirops,Zosterops leucophaeus
30034,Principe Starling,Lamprotornis ornatus
32361,Principe Sunbird,Anabathmis hartlaubii
30496,Principe Thrush,Turdus xanthorhynchus
27511,Principe White-eye,Zosterops ficedulinus
20212,Pringle's Puffback,Dryoscopus pringlii
20044,Pririt Batis,Batis pririt
11152,Prong-billed Barbet,Semnornis frantzii
34620,Protea Canary,Crithagra leucoptera
36140,Prothonotary Warbler,Protonotaria citrea
7485,Providence Petrel,Pterodroma solandri
29498,Przevalski's Nuthatch,Sitta przewalskii
1685,Przevalski's Partridge,Alectoris magna
34152,Przevalski's Rosefinch,Urocynchramus pylzowi
30195,Puaiohi,Myadestes palmeri
13277,Puerto Rican Amazon,Amazona vittata
37007,Puerto Rican Bullfinch,Melopyrrha portoricensis
3345,Puerto Rican Emerald,Riccordia maugaeus
34791,Puerto Rican Euphonia,Chlorophonia sclateri
18176,Puerto Rican Flycatcher,Myiarchus antillarum
4143,Puerto Rican Lizard-cuckoo,Coccyzus vieilloti
2855,Puerto Rican Mango,Anthracothorax aurulentus
1992,Puerto Rican Nightjar,Antrostomus noctitherus
35955,Puerto Rican Oriole,Icterus portoricensis
9581,Puerto Rican Owl,Gymnasio nudipes
13585,Puerto Rican Parakeet,Psittacara maugei
35755,Puerto Rican Spindalis,Spindalis portoricensis
35746,Puerto Rican Tanager,Nesospingus speculiferus
10780,Puerto Rican Tody,Todus mexicanus
21596,Puerto Rican Vireo,Vireo latimeri
11787,Puerto Rican Woodpecker,Melanerpes portoricensis
24869,Puff-backed Bulbul,Microtarsus eutilotus
19344,Puff-backed Honeyeater,Meliphaga aruensis
28084,Puff-throated Babbler,Pellorneum ruficeps
24722,Puff-throated Bulbul,Alophoixus pallidus
25399,Pulitzer's Longbill,Macrosphenus pulitzeri
6270,Puna Flamingo,Phoenicoparrus jamesi
17810,Puna Ground-tyrant,Muscisaxicola juninensis
7863,Puna Ibis,Plegadis ridgwayi
14511,Puna Miner,Geositta punensis
34131,Puna Pipit,Anthus brevirostris
6577,Puna Plover,Anarhynchus alticola
6752,Puna Snipe,Gallinago andina
16769,Puna Tapaculo,Scytalopus simonsi
377,Puna Teal,Spatula puna
15394,Puna Thistletail,Asthenes helleri
222,Puna Tinamou,Tinamotis pentlandii
37485,Puna Yellow-finch,Sicalis lutea
16589,Puno Antpitta,Grallaria sinaensis
30216,Purple Cochoa,Cochoa purpurea
34443,Purple Finch,Haemorhous purpureus
5943,Purple Gallinule,Porphyrio martinica
33673,Purple Grenadier,Granatina ianthinogaster
8077,Purple Heron,Ardea purpurea
36841,Purple Honeycreeper,Cyanerpes caeruleus
33785,Purple Indigobird,Vidua purpurascens
25158,Purple Martin,Progne subis
2491,Purple Needletail,Hirundapus celebensis
4933,Purple Quail-Dove,Geotrygon purpurata
10229,Purple Roller,Coracias naevius
6834,Purple Sandpiper,Calidris maritima
30036,Purple Starling,Lamprotornis purpureus
32619,Purple Sunbird,Cinnyris asiaticus
5945,Purple Swamphen,Porphyrio porphyrio
18807,Purple-backed Fairywren,Malurus assimilis
29971,Purple-backed Starling,Agropsar sturninus
3093,Purple-backed Sunbeam,Aglaeactis aliciae
2987,Purple-backed Thornbill,Ramphomicron microrhynchum
32571,Purple-banded Sunbird,Cinnyris bifasciatus
10847,Purple-bearded Bee-eater,Meropogon forsteni
14003,Purple-bellied Lory,Lorius hypoinochrous
3182,Purple-bibbed Whitetip,Urosticte benjamini
18318,Purple-breasted Cotinga,Cotinga cotinga
32474,Purple-breasted Sunbird,Nectarinia purpureiventris
3700,Purple-chested Hummingbird,Polyerata rosenbergi
29803,Purple-chinned Starling,
3269,Purple-collared Woodstar,Myrtis fanny
3742,Purple-crested Turaco,Gallirex porphyreolophus
2825,Purple-crowned Fairy,Heliothryx barroti
18832,Purple-crowned Fairywren,Malurus coronatus
14019,Purple-crowned Lorikeet,Psitteuteles porphyrocephalus
3433,Purple-crowned Plovercrest,Stephanoxis loddigesii
19362,Purple-gaped Honeyeater,Lichenostomus cratitius
30009,Purple-headed Starling,Hylopsar purpureiceps
13997,Purple-naped Lory,Lorius domicella
32770,Purple-naped Spiderhunter,Kurochkinegramma hypogrammicum
32429,Purple-rumped Sunbird,Leptocoma zeylonica
5534,Purple-tailed Imperial-pigeon,Ducula rufigaster
2861,Purple-throated Carib,Eulampis jugularis
18319,Purple-throated Cotinga,Porphyrolaema porphyrolaema
20733,Purple-throated Cuckooshrike,Campephaga quiscalina
34816,Purple-throated Euphonia,Euphonia chlorotica
18282,Purple-throated Fruitcrow,Querula purpurata
3257,Purple-throated Mountain-gem,Lampornis calolaemus
2883,Purple-throated Sunangel,Heliangelus viola
32433,Purple-throated Sunbird,Leptocoma sperata
3280,Purple-throated Woodstar,Philodice mitchellii
4912,Purple-winged Ground Dove,Paraclaravis geoffroyi
10237,Purple-winged Roller,Coracias temminckii
10964,Purplish Jacamar,Galbula chalcothorax
22727,Purplish Jay,Cyanocorax cyanomelas
22752,Purplish-backed Jay,Cyanocorax beecheii
5004,Purplish-backed Quail-Dove,Zentrygon lawrencii
37633,Purplish-mantled Tanager,Iridosornis porphyrocephalus
10926,Purus Jacamar,Galbalcyrhynchus purusianus
28203,Puvel's Illadopsis,Illadopsis puveli
7536,Pycroft's Petrel,Pterodroma pycrofti
15761,Pygmy Antwren,Myrmotherula brachyura
20053,Pygmy Batis,Batis perkeo
31621,Pygmy Blue Flycatcher,Ficedula hodgsoni
7722,Pygmy Cormorant,Microcarbo pygmaeus
20847,Pygmy Cuckooshrike,Celebesica abbotti
25368,Pygmy Cupwing,Pnoepyga pusilla
8359,Pygmy Eagle,Hieraaetus weiskei
32180,Pygmy Flowerpecker,Dicaeum pygmaeum
14187,Pygmy Hanging-parrot,Loriculus exilis
19915,Pygmy Longbill,Oedistoma pygmaeum
13948,Pygmy Lorikeet,Charminetta wilhelminae
1878,Pygmy Nightjar,Nyctipolus hirundinaceus
29537,Pygmy Nuthatch,Sitta pygmaea
2551,Pygmy Palm Swift,Tachornis furcata
32355,Pygmy Sunbird,Hedydipna platura
2343,Pygmy Swiftlet,Collocalia troglodytes
25643,Pygmy Tit,Aegithalos exilis
27376,Pygmy White-eye,Heleia squamifrons
36668,Pyrrhuloxia,Cardinalis sinuatus
31705,Qilian Bluetail,Tarsiger albocoeruleus
6350,Quail-plover,Ortyxelos meiffrenii
33795,Quailfinch Indigobird,Vidua nigeriae
219,Quebracho Crested Tinamou,Eudromia formosa
22689,Quindio Jay,
33192,Rachel's Malimbe,Malimbus racheliae
2902,Racket-tipped Thorntail,Discosura longicaudus
10238,Racquet-tailed Roller,Coracias spatulatus
22955,Racquet-tailed Treepie,Crypsirina temia
33853,Radde's Accentor,Prunella ocularis
25697,Radde's Warbler,Phylloscopus schwarzi
343,Radjah Shelduck,Radjah radjah
4020,Raffles's Malkoha,Rhinortha chlorophaea
23286,Raggiana Bird-of-paradise,Paradisaea raggiana
5375,Raiatea Fruit-dove,Ptilinopus chrysogaster
13921,Raiatea Parakeet,Cyanoramphus ulietanus
30686,Raiatea Starling,Aplonis ulietensis
23498,Rail-babbler,Eupetes macrocerus
37484,Raimondi's Yellow-finch,Sicalis raimondii
1642,Rain Quail,Coturnix coromandelica
10909,Rainbow Bee-eater,Merops ornatus
14090,Rainbow Lorikeet,Trichoglossus moluccanus
14450,Rainbow Pitta,Pitta iris
3124,Rainbow Starfrontlet,Coeligena iris
3005,Rainbow-bearded Thornbill,Chalcostigma herrani
9392,Rajah Scops-owl,Otus brookii
32653,Rand's Sunbird,Cinnyris idenburgi
26324,Rand's Warbler,Randia pseudozosterops
27710,Ranongga White-eye,Zosterops splendidus
5385,Rapa Fruit-dove,Ptilinopus huttoni
7586,Rapa Shearwater,Puffinus myrtae
5362,Rarotonga Fruit-dove,Ptilinopus rarotongensis
22271,Rarotonga Monarch,Pomarea dimidiata
29882,Rarotonga Starling,Aplonis cinerascens
24278,Raso Lark,Alauda razae
22957,Ratchet-tailed Treepie,Temnurus temnurus
26389,Rattling Cisticola,Cisticola chiniana
741,Razor-billed Curassow,Mitu tuberosum
7243,Razorbill,Alca torda
15706,Recurve-billed Bushbird,Clytoctantes alixii
33669,Red Avadavat,Amandava amandava
23298,Red Bird-of-paradise,Paradisaea rubra
4669,Red Collared-dove,Streptopelia tranquebarica
34653,Red Crossbill,Loxia curvirostra
33227,Red Fody,Foudia madagascariensis
35342,Red Fox-sparrow,Passerella iliaca
8552,Red Goshawk,Erythrotriorchis radiatus
1181,Red Grouse,
1481,Red Junglefowl,Gallus gallus
8647,Red Kite,Milvus milvus
6800,Red Knot,Calidris canutus
24115,Red Lark,Calendulauda burra
14055,Red Lory,Trichoglossus borneus
19066,Red Myzomela,Myzomela cruentata
6761,Red Phalarope,Phalaropus fulicarius
6134,Red Rail,Aphanapteryx bonasia
19873,Red Satinbird,
25336,Red Sea Swallow,Petrochelidon perdita
382,Red Shoveler,Spatula platalea
34775,Red Siskin,Spinus cucullatus
1452,Red Spurfowl,Galloperdix spadicea
36543,Red Tanager,Piranga flava
36479,Red Warbler,Cardellina rubra
19465,Red Wattlebird,Anthochaera carunculata
33217,Red Weaver,Anaplectes jubaensis
36682,Red-and-black Grosbeak,Periporphyrus erythromelas
30466,Red-and-black Thrush,Geokichla mendeni
14062,Red-and-blue Lory,Trichoglossus histrio
13540,Red-and-green Macaw,Ara chloropterus
16565,Red-and-white Antpitta,Grallaria erythroleuca
5983,Red-and-white Crake,Rufirallus leucopyrrhus
15523,Red-and-white Spinetail,Certhiaxis mustelinus
11411,Red-and-yellow Barbet,Trachyphonus erythrocephalus
6274,Red-backed Buttonquail,Turnix maculosus
18847,Red-backed Fairywren,Malurus melanocephalus
10578,Red-backed Kingfisher,Todiramphus pyrrhopygius
9830,Red-backed Mousebird,Colius castanotus
22624,Red-backed Shrike,Lanius collurio
37535,Red-backed Sierra-finch,Idiopsar dorsalis
30463,Red-backed Thrush,Geokichla erythronota
32210,Red-banded Flowerpecker,Dicaeum eximium
18225,Red-banded Fruiteater,Pipreola whitelyi
10843,Red-bearded Bee-eater,Nyctyornis amictus
5384,Red-bellied Fruit-dove,Ptilinopus greyi
36078,Red-bellied Grackle,Hypopyrrhus pyrohypogaster
13517,Red-bellied Macaw,Orthopsittaca manilatus
33206,Red-bellied Malimbe,Malimbus erythrogaster
22190,Red-bellied Paradise-flycatcher,Terpsiphone rufiventer
13142,Red-bellied Parrot,Poicephalus rufiventris
11859,Red-bellied Woodpecker,Melanerpes carolinus
22903,Red-billed Blue Magpie,Urocissa erythroryncha
564,Red-billed Brushturkey,Talegalla cuvieri
32974,Red-billed Buffalo-Weaver,Bubalornis niger
23000,Red-billed Chough,Pyrrhocorax pyrrhocorax
767,Red-billed Curassow,Crax blumenbachii
10119,Red-billed Dwarf Hornbill,Lophoceros camurus
3370,Red-billed Emerald,Chlorostilbon gibsoni
33737,Red-billed Firefinch,Lagonosticta senegala
3899,Red-billed Ground-cuckoo,Neomorphus pucheranii
20347,Red-billed Helmetshrike,Prionops caniceps
28470,Red-billed Leiothrix,Leiothrix lutea
4034,Red-billed Malkoha,Zanclostomus javanicus
30133,Red-billed Oxpecker,Buphagus erythroryncha
13228,Red-billed Parrot,Pionus sordidus
1030,Red-billed Partridge,Arborophila rubrirostris
36529,Red-billed Pied Tanager,Lamprospiza melanoleuca
4556,Red-billed Pigeon,Patagioenas flavirostris
33723,Red-billed Pytilia,Pytilia lineata
33223,Red-billed Quelea,Quelea quelea
27885,Red-billed Scimitar-babbler,Pomatorhinus ochraceiceps
14811,Red-billed Scythebill,Campylorhamphus trochilirostris
1731,Red-billed Spurfowl,Pternistis adspersus
29960,Red-billed Starling,Spodiopsar sericeus
3537,Red-billed Streamertail,Trochilus polytmus
438,Red-billed Teal,Anas erythrorhyncha
11164,Red-billed Toucan,Ramphastos tucanus
11240,Red-billed Toucanet,Selenidera reinwardtii
7277,Red-billed Tropicbird,Phaethon aethereus
17164,Red-billed Tyrannulet,Zimmerius cinereicapilla
14667,Red-billed Woodcreeper,Hylexetastes perrotii
36636,Red-breasted Chat,Granatellus venustus
4019,Red-breasted Coua,Coua serriana
31645,Red-breasted Flycatcher,Ficedula parva
252,Red-breasted Goose,Branta ruficollis
35791,Red-breasted Meadowlark,Leistes militaris
538,Red-breasted Merganser,Mergus serrator
29553,Red-breasted Nuthatch,Sitta canadensis
10347,Red-breasted Paradise-kingfisher,Tanysiptera nympha
13768,Red-breasted Parakeet,Psittacula alexandri
13624,Red-breasted Pygmy-parrot,Micropsitta bruijnii
11878,Red-breasted Sapsucker,Sphyrapicus ruber
11172,Red-breasted Toucan,Ramphastos dicolorus
13292,Red-browed Amazon,Amazona rhodocorytha
33326,Red-browed Finch,Neochmia temporalis
19537,Red-browed Pardalote,Pardalotus rubricatus
18779,Red-browed Treecreeper,Climacteris erythrops
19058,Red-brown Myzomela,Myzomela rubrobrunnea
37773,Red-capped Cardinal,Paroaria gularis
4011,Red-capped Coua,Coua ruficeps
25425,Red-capped Crombec,Sylvietta ruficapilla
32195,Red-capped Flowerpecker,Dicaeum geelvinkianum
26989,Red-capped Forest-warbler,Artisornis metopias
24434,Red-capped Lark,Calandrella cinerea
18482,Red-capped Manakin,Ceratopipra mentalis
19138,Red-capped Myzomela,Myzomela lafargei
13847,Red-capped Parrot,Purpureicephalus spurius
6584,Red-capped Plover,Anarhynchus ruficapillus
23347,Red-capped Robin,Petroica goodenovii
31372,Red-capped Robin-chat,Cossypha natalensis
33685,Red-cheeked Cordon-bleu,Uraeginthus bengalus
13697,Red-cheeked Parrot,Geoffroyus geoffroyi
20086,Red-cheeked Wattle-eye,Platysteira blissetti
6327,Red-chested Buttonquail,Turnix pyrrhothorax
4327,Red-chested Cuckoo,Cuculus solitarius
32223,Red-chested Flowerpecker,Dicaeum maugei
5641,Red-chested Flufftail,Sarothrura rufa
8432,Red-chested Goshawk,
9174,Red-chested Owlet,Glaucidium tephronotum
32567,Red-chested Sunbird,Cinnyris erythrocercus
25264,Red-chested Swallow,Hirundo lucida
13976,Red-chinned Lorikeet,Vini rubrigularis
12206,Red-cockaded Woodpecker,Dryobates borealis
14093,Red-collared Lorikeet,Trichoglossus rubritorquis
28577,Red-collared Mountain-babbler,Turdoides rufocinctus
19149,Red-collared Myzomela,Myzomela rosenbergii
33299,Red-collared Widowbird,Euplectes ardens
12662,Red-collared Woodpecker,Picus rabieri
37763,Red-cowled Cardinal,Paroaria dominicana
33302,Red-cowled Widowbird,Euplectes laticauda
3838,Red-crested Bustard,Lophotis ruficrista
37762,Red-crested Cardinal,Paroaria coronata
18277,Red-crested Cotinga,Ampelion rubrocristatus
37142,Red-crested Finch,Coryphospingus cucullatus
4066,Red-crested Malkoha,Dasylophus superciliosus
480,Red-crested Pochard,Netta rufina
3764,Red-crested Turaco,Tauraco erythrolophus
11776,Red-crested Woodpecker,Hemicircus concretus
13288,Red-crowned Amazon,Amazona viridigenalis
36572,Red-crowned Ant-tanager,Habia rubica
11319,Red-crowned Barbet,Psilopogon rafflesii
6176,Red-crowned Crane,Grus japonensis
33190,Red-crowned Malimbe,Malimbus coronatus
11826,Red-crowned Woodpecker,Melanerpes rubricapillus
33316,Red-eared Firetail,Stagonopleura oculata
5303,Red-eared Fruit-dove,Ptilinopus fischeri
13452,Red-eared Parakeet,Pyrrhura hoematotis
33510,Red-eared Parrotfinch,Erythrura coloria
24938,Red-eyed Bulbul,Pycnonotus brunneus
4646,Red-eyed Dove,Streptopelia semitorquata
20198,Red-eyed Puffback,Dryoscopus senegalensis
27955,Red-eyed Scimitar Babbler,Erythrogenys imberbis
21470,Red-eyed Vireo,Vireo olivaceus
11573,Red-faced Barbet,Lybius rubrifacies
26338,Red-faced Cisticola,Cisticola erythrops
7735,Red-faced Cormorant,Urile urile
33547,Red-faced Crimsonwing,Cryptospiza reichenovii
25408,Red-faced Crombec,Sylvietta whytii
14115,Red-faced Fig-parrot,
696,Red-faced Guan,Penelope dabbenei
28507,Red-faced Liocichla,Liocichla phoenicea
4051,Red-faced Malkoha,Phaenicophaeus pyrrhocephalus
9842,Red-faced Mousebird,Urocolius indicus
13223,Red-faced Parrot,Hapalopsittaca pyrrhops
15472,Red-faced Spinetail,Cranioleuca erythrops
36478,Red-faced Warbler,Cardellina rubrifrons
25762,Red-faced Woodland-warbler,Phylloscopus laetus
13377,Red-fan Parrot,Deroptyus accipitrinus
13952,Red-flanked Lorikeet,Hypocharmosyna placentis
7689,Red-footed Booby,Sula sula
12923,Red-footed Falcon,Falco vespertinus
33551,Red-fronted Antpecker,Parmoptila rubrifrons
11528,Red-fronted Barbet,Tricholaema diademata
5920,Red-fronted Coot,Fulica rufifrons
4015,Red-fronted Coua,Coua reynaudii
21435,Red-fronted Greenlet,
13949,Red-fronted Lorikeet,Hypocharmosyna rubronotata
13527,Red-fronted Macaw,Ara rubrogenys
13913,Red-fronted Parakeet,Cyanoramphus novaezelandiae
13105,Red-fronted Parrot,Poicephalus gulielmi
13148,Red-fronted Parrotlet,Touit costaricensis
26735,Red-fronted Prinia,Prinia rufifrons
34370,Red-fronted Rosefinch,Carpodacus puniceus
34713,Red-fronted Serin,Serinus pusillus
5923,Red-gartered Coot,Fulica armillata
11137,Red-headed Barbet,Eubucco bourcierii
33697,Red-headed Bluebill,Spermophaga ruficapilla
34230,Red-headed Bullfinch,Pyrrhula erythrocephala
35022,Red-headed Bunting,Emberiza bruniceps
12918,Red-headed Falcon,Falco chicquera
33662,Red-headed Finch,Amadina erythrocephala
12719,Red-headed Flameback,Chrysocolaptes erythrocephalus
33229,Red-headed Fody,Foudia eminentissima
14193,Red-headed Lovebird,Agapornis pullarius
33199,Red-headed Malimbe,Malimbus rubricollis
18491,Red-headed Manakin,Ceratopipra rubrocapilla
19084,Red-headed Myzomela,Myzomela erythrocephala
33505,Red-headed Parrotfinch,Erythrura cyaneovirens
33222,Red-headed Quelea,Quelea erythrops
36568,Red-headed Tanager,Piranga erythrocephala
25645,Red-headed Tit,
9899,Red-headed Trogon,Harpactes erythrocephalus
8232,Red-headed Vulture,Sarcogyps calvus
11788,Red-headed Woodpecker,Melanerpes erythrocephalus
36571,Red-hooded Tanager,Piranga rubriceps
32134,Red-keeled Flowerpecker,Dicaeum australe
6544,Red-kneed Dotterel,Erythrogonys cinctus
5929,Red-knobbed Coot,Fulica cristata
5527,Red-knobbed Imperial-pigeon,Ducula rubricera
572,Red-legged Brushturkey,Talegalla jobiensis
7733,Red-legged Cormorant,Poikilocarbo gaimardi
6086,Red-legged Crake,Rallina fasciata
36847,Red-legged Honeycreeper,Cyanerpes cyaneus
7084,Red-legged Kittiwake,Rissa brevirostris
1653,Red-legged Partridge,Alectoris rufa
12797,Red-legged Seriema,Cariama cristata
8440,Red-legged Sparrowhawk,Tachyspiza erythropus
117,Red-legged Tinamou,Crypturellus erythropus
13281,Red-lored Amazon,Amazona autumnalis
21000,Red-lored Whistler,Pachycephala rufogularis
34320,Red-mantled Rosefinch,Carpodacus rhodochlamys
13576,Red-masked Parakeet,Psittacara erythrogenys
5389,Red-moustached Fruit-dove,Ptilinopus mercierii
20235,Red-naped Bushshrike,Laniarius ruficeps
5294,Red-naped Fruit-dove,Ptilinopus dohertyi
7822,Red-naped Ibis,Pseudibis papillosa
11876,Red-naped Sapsucker,Sphyrapicus nuchalis
9876,Red-naped Trogon,Harpactes kasumba
13294,Red-necked Amazon,Amazona arausiaca
6444,Red-necked Avocet,Recurvirostra novaehollandiae
8828,Red-necked Buzzard,Buteo auguralis
6087,Red-necked Crake,Rallina tricolor
12920,Red-necked Falcon,
6233,Red-necked Grebe,Podiceps grisegena
1996,Red-necked Nightjar,Caprimulgus ruficollis
6762,Red-necked Phalarope,Phalaropus lobatus
1786,Red-necked Spurfowl,Pternistis afer
6817,Red-necked Stint,Calidris ruficollis
37947,Red-necked Tanager,Tangara cyanocephala
12567,Red-necked Woodpecker,Campephilus rubricollis
26493,Red-pate Cisticola,Cisticola ruficeps
18283,Red-ruffed Fruitcrow,Pyroderus scutatus
17847,Red-rumped Bush-tyrant,Cnemarchus erythropygius
35860,Red-rumped Cacique,Cacicus haemorrhous
13829,Red-rumped Parrot,Psephotus haematonotus
11481,Red-rumped Tinkerbird,Pogoniulus atroflavus
12190,Red-rumped Woodpecker,Dryobates kirkii
12424,Red-shafted Flicker,
36004,Red-shouldered Blackbird,Agelaius assimilis
20729,Red-shouldered Cuckooshrike,Campephaga phoenicea
8786,Red-shouldered Hawk,Buteo lineatus
15560,Red-shouldered Spinetail,Synallaxis hellmayri
37153,Red-shouldered Tanager,Tachyphonus phoenicius
20296,Red-shouldered Vanga,Calicalicus rufocarpalis
13263,Red-spectacled Amazon,Amazona pretrei
12196,Red-stained Woodpecker,Dryobates affinis
13333,Red-tailed Amazon,Amazona brasiliensis
30169,Red-tailed Ant-thrush,Neocossyphus rufus
13024,Red-tailed Black-cockatoo,Calyptorhynchus banksii
24526,Red-tailed Bristlebill,Bleda syndactylus
2950,Red-tailed Comet,Sappho sparganurus
24601,Red-tailed Greenbul,Criniger calurus
8803,Red-tailed Hawk,Buteo jamaicensis
28365,Red-tailed Laughingthrush,Trochalopteron milnei
28490,Red-tailed Minla,Minla ignotincta
20333,Red-tailed Newtonia,Newtonia fanovanae
22629,Red-tailed Shrike,Lanius phoenicuroides
7281,Red-tailed Tropicbird,Phaethon rubricauda
20295,Red-tailed Vanga,Calicalicus madagascariensis
31980,Red-tailed Wheatear,Oenanthe chrysopygia
31333,Red-throated Alethe,Chamaetylas poliophrys
36593,Red-throated Ant-tanager,Driophlox fuscicauda
11324,Red-throated Barbet,Psilopogon mystacophanos
10876,Red-throated Bee-eater,Merops bulocki
12808,Red-throated Caracara,Ibycter americanus
31647,Red-throated Flycatcher,Ficedula albicilla
7293,Red-throated Loon,Gavia stellata
13980,Red-throated Lorikeet,Vini amabilis
13558,Red-throated Parakeet,
33498,Red-throated Parrotfinch,Erythrura psittacea
723,Red-throated Piping-guan,Pipile cujubi
34080,Red-throated Pipit,Anthus cervinus
25219,Red-throated Rock Martin,Ptyonoprogne rufigula
32319,Red-throated Sunbird,Anthreptes rhodolaemus
25334,Red-throated Swallow,Petrochelidon rufigula
23882,Red-throated Tit,Melaniparus fringillinus
33730,Red-throated Twinspot,Hypargos niveoguttatus
32487,Red-tufted Sunbird,Nectarinia johnstoni
11298,Red-vented Barbet,Psilopogon lagrandieri
25000,Red-vented Bulbul,Pycnonotus cafer
33194,Red-vented Malimbe,Malimbus scutatus
6524,Red-wattled Lapwing,Vanellus indicus
24982,Red-whiskered Bulbul,Pycnonotus jocosus
35979,Red-winged Blackbird,Agelaius phoeniceus
18815,Red-winged Fairywren,Malurus elegans
1539,Red-winged Francolin,Scleroptila levaillantii
26761,Red-winged Grey Warbler,Drymocichla incana
24213,Red-winged Lark,Corypha hypermetra
28383,Red-winged Laughingthrush,Trochalopteron formosum
13653,Red-winged Parrot,Aprosmictus erythropterus
26730,Red-winged Prinia,Prinia erythroptera
33720,Red-winged Pytilia,Pytilia phoenicoptera
30078,Red-winged Starling,Onychognathus morio
155,Red-winged Tinamou,Rhynchotus rufescens
5726,Red-winged Wood-rail,Aramides calopterus
7964,Reddish Egret,Egretta rufescens
2729,Reddish Hermit,Phaethornis ruber
19069,Reddish Myzomela,Myzomela erythrina
9265,Reddish Scops-owl,Otus rufescens
16187,Reddish-winged Bare-eye,Phlegopsis erythroptera
486,Redhead,Aythya americana
34641,Redpoll,Acanthis flammea
19565,Redthroat,Pyrrholaemus brunneus
30534,Redwing,Turdus iliacus
35040,Reed Bunting,Emberiza schoeniclus
27231,Reed Parrotbill,Paradoxornis heudei
1308,Reeves's Pheasant,Syrmaticus reevesii
32536,Regal Sunbird,Cinnyris regius
18746,Regent Bowerbird,Sericulus chrysocephalus
19472,Regent Honeyeater,Anthochaera phrygia
13631,Regent Parrot,Polytelis anthopeplus
21198,Regent Whistler,Pachycephala schlegelii
34587,Reichard's Seedeater,Crithagra reichardi
32360,Reichenbach's Sunbird,Anabathmis reichenbachii
20018,Reichenow's Batis,
34539,Reichenow's Seedeater,Crithagra reichenowi
11909,Reichenow's Woodpecker,Campethera scriptoricauda
13909,Reischek's Parakeet,Cyanoramphus hochstetteri
16861,Reiser's Tyrannulet,Phyllomyias reiseri
7119,Relict Gull,Ichthyaetus relictus
22053,Rennell Fantail,Rhipidura rennelliana
19816,Rennell Gerygone,Gerygone citrina
13722,Rennell Parrot,
22315,Rennell Shrikebill,Clytorhynchus hamlini
29811,Rennell Starling,Aplonis insularis
21145,Rennell Whistler,Pachycephala feminina
27745,Rennell White-eye,Zosterops rennellianus
9919,Resplendent Quetzal,Pharomachrus mocinno
17204,Restinga Tyrannulet,Phylloscartes kronei
22514,Restless Flycatcher,Myiagra inquieta
20353,Retz's Helmetshrike,Prionops retzii
24841,Reunion Bulbul,Hypsipetes borbonicus
20934,Reunion Cuckooshrike,Lalage newtoni
33239,Reunion Fody,Foudia delloni
5981,Reunion Gallinule,Porphyrio caerulescens
27479,Reunion Grey White-eye,Zosterops borbonicus
7814,Reunion Ibis,Threskiornis solitarius
12880,Reunion Kestrel,Falco duboisi
8637,Reunion Marsh-harrier,Circus maillardi
7940,Reunion Night Heron,Nycticorax duboisi
27475,Reunion Olive White-eye,Zosterops olivaceus
9306,Reunion Owl,Otus grucheti
4602,Reunion Pigeon,
5788,Reunion Rail,Dryolimnas augusti
332,Reunion Shelduck,Alopochen kervazoi
29987,Reunion Starling,Fregilupus varius
31830,Reunion Stonechat,Saxicola tectes
7211,Rhinoceros Auklet,Cerorhinca monocerata
10154,Rhinoceros Hornbill,Buceros rhinoceros
23201,Ribbon-tailed Astrapia,Astrapia mayeri
21825,Ribbon-tailed Drongo,Dicrurus megarhynchus
33959,Richard's Pipit,Anthus richardi
2304,Ridgetop Swiftlet,Collocalia isonota
8793,Ridgway's Hawk,Buteo ridgwayi
5728,Ridgway's Rail,Rallus obsoletus
14212,Rifleman,Acanthisitta chloris
13986,Rimatara Lorikeet,Vini kuhlii
26025,Rimatara Reed-warbler,Acrocephalus rimitarae
30642,Ring Ouzel,Turdus torquatus
7139,Ring-billed Gull,Larus delawarensis
4651,Ring-necked Dove,Streptopelia capicola
495,Ring-necked Duck,Aythya collaris
1538,Ring-necked Francolin,Scleroptila streptophora
4546,Ring-tailed Pigeon,Patagioenas caribaea
17125,Ringed Antpipit,Corythopis torquatus
10763,Ringed Kingfisher,Megaceryle torquata
7420,Ringed Storm-petrel,Hydrobates hornbyi
369,Ringed Teal,Callonetta leucophrys
37400,Ringed Warbling-finch,Microspingus torquatus
12509,Ringed Woodpecker,Celeus torquatus
9427,Rinjani Scops-owl,Otus jolandae
16290,Rio Branco Antbird,Cercomacra carbonaria
15739,Rio Madeira Stipplethroat,Epinecrophylla amazonica
29432,Rio Negro Gnatcatcher,Polioptila facilis
15792,Rio Suno Antwren,Myrmotherula sunensis
16281,Rio de Janeiro Antbird,Cercomacra brasiliana
15810,Rio de Janeiro Antwren,Myrmotherula fluminensis
21404,Rio de Janeiro Greenlet,Hylophilus thoracicus
16268,Riparian Antbird,Cercomacroides fuscicauda
13345,Riparian Parrotlet,Forpus crassirostris
6503,River Lapwing,Vanellus duvaucelii
26710,River Prinia,Prinia fluviatilis
7018,River Tern,Sterna aurantia
17077,River Tyrannulet,Serpophaga hypoleuca
26137,River Warbler,Locustella fluviatilis
17835,Riverside Tyrant,Knipolegus orenocensis
29143,Riverside Wren,Cantorchilus semibadius
8730,Roadside Hawk,Rupornis magnirostris
33835,Robin Accentor,Prunella rubeculoides
27741,Robust White-eye,Zosterops strenuus
12571,Robust Woodpecker,Campephilus robustus
34920,Rock Bunting,Emberiza cia
1694,Rock Bush-quail,Perdicula argoondah
9522,Rock Eagle-owl,Bubo bengalensis
14937,Rock Earthcreeper,Ochetorhynchus andaecola
33760,Rock Firefinch,Lagonosticta sanguinodorsalis
12874,Rock Kestrel,Falco rupicolus
13935,Rock Parrot,Neophema petrophila
1679,Rock Partridge,Alectoris graeca
4421,Rock Pigeon,Columba livia
34091,Rock Pipit,Anthus petrosus
6889,Rock Pratincole,Glareola nuchalis
1203,Rock Ptarmigan,Lagopus muta
6835,Rock Sandpiper,Calidris ptilocnemis
7777,Rock Shag,Leucocarbo magellanicus
32825,Rock Sparrow,Petronia petronia
16745,Rock Tapaculo,Scytalopus petrophilus
28923,Rock Wren,Salpinctes obsoletus
32540,Rockefeller's Sunbird,Cinnyris rockefelleri
25387,Rockrunner,Achaetops pycnopygius
19620,Rockwarbler,Origma solitaria
5467,Rodrigues Blue-pigeon,Alectroenas payandeei
33242,Rodrigues Fody,Foudia flavicans
7942,Rodrigues Night Heron,Nycticorax megacephalus
9308,Rodrigues Owl,Otus murivorus
13805,Rodrigues Parakeet,Psittacula exsul
14211,Rodrigues Parrot,Necropsittacus rodricanus
6135,Rodrigues Rail,Erythromachus leguati
5134,Rodrigues Solitaire,Pezophaps solitaria
29988,Rodrigues Starling,Necropsar rodericanus
4599,Rodrigues Turtle-dove,Nesoenas rodericanus
25959,Rodrigues Warbler,Acrocephalus rodericanus
9036,Romblon Boobook,Ninox spilonotus
16239,Rondonia Antwarbler,Hypocnemis ochrogyna
15707,Rondonia Bushbird,Clytoctantes atrogularis
23060,Rook,Corvus frugilegus
16339,Roraiman Antbird,Myrmelastes saturatus
15908,Roraiman Antwren,Herpsilochmus roraimae
15423,Roraiman Barbtail,Roraimia adusta
17315,Roraiman Flycatcher,Myiophobus roraimae
1896,Roraiman Nightjar,Tepuiornis whitelyi
36383,Roraiman Warbler,
23364,Rose Robin,Petroica rosea
36731,Rose-bellied Bunting,Passerina rositae
36645,Rose-bellied Chat,
36643,Rose-breasted Chat,Granatellus pelzelni
36631,Rose-breasted Grosbeak,Pheucticus ludovicianus
18296,Rose-collared Piha,Lipaugus streptophorus
5366,Rose-crowned Fruit-dove,Ptilinopus regina
13210,Rose-faced Parrot,Pyrilia pulchra
13426,Rose-fronted Parakeet,Pyrrhura roseifrons
13455,Rose-headed Parakeet,Pyrrhura rhodocephala
13795,Rose-ringed Parakeet,Psittacula krameri
18625,Rose-throated Becard,Pachyramphus aglaiae
36557,Rose-throated Tanager,Piranga roseogularis
7876,Roseate Spoonbill,Platalea ajaja
7043,Roseate Tern,Sterna dougallii
271,Ross's Goose,Anser rossii
7080,Ross's Gull,Rhodostethia rosea
3756,Ross's Turaco,Tauraco rossae
20836,Rossel Cicadabird,Edolisoma rostratum
10919,Rosy Bee-eater,Merops malimbicus
20590,Rosy Minivet,Pericrocotus roseus
34079,Rosy Pipit,Anthus roseatus
29989,Rosy Starling,Pastor roseus
34901,Rosy Thrush-tanager,Rhodinocichla rosea
481,Rosy-billed Pochard,Netta peposaca
14203,Rosy-faced Lovebird,Agapornis roseicollis
20145,Rosy-patched Bushshrike,Rhodophoneus cruentus
33954,Rosy-throated Longclaw,Macronyx ameliae
27690,Rota White-eye,Zosterops rotensis
8990,Rote Boobook,Ninox rotiensis
25883,Rote Leaf-warbler,Phylloscopus rotiensis
19089,Rote Myzomela,Myzomela irianawidodoae
2267,Rothschild's Swift,Cypseloides rothschildi
21976,Roti Fantail,
19122,Rotuma Myzomela,Myzomela chermesina
5783,Rouget's Rail,Rougetius rougetii
7781,Rough-faced Shag,Leucocarbo carunculatus
8822,Rough-legged Buzzard,Buteo lagopus
16880,Rough-legged Tyrannulet,Acrochordopus burmeisteri
18486,Round-tailed Manakin,Ceratopipra chloromeros
5863,Roviana Rail,Gallirallus rovianae
15054,Royal Cinclodes,Cinclodes aricomae
33501,Royal Parrotfinch,
7327,Royal Penguin,Eudyptes schlegeli
7873,Royal Spoonbill,Platalea regia
2889,Royal Sunangel,Heliangelus regalis
7068,Royal Tern,Thalasseus maximus
31892,Ruaha Chat,
31412,Rubeho Akalat,Sheppardia aurantiithorax
32275,Ruby-cheeked Sunbird,Chalcoparia singalensis
28806,Ruby-crowned Kinglet,Corthylio calendula
37154,Ruby-crowned Tanager,Tachyphonus coronatus
24911,Ruby-throated Bulbul,Rubigula dispar
3303,Ruby-throated Hummingbird,Archilochus colubris
19048,Ruby-throated Myzomela,Myzomela eques
2840,Ruby-topaz Hummingbird,Chrysolampis mosquitus
26790,Rudd's Apalis,Apalis ruddi
24126,Rudd's Lark,Heteromirafra ruddi
6022,Ruddy Crake,Laterallus ruber
4718,Ruddy Cuckoo-Dove,Macropygia emiliana
544,Ruddy Duck,Oxyura jamaicensis
15159,Ruddy Foliage-gleaner,Clibanornis rubiginosus
4901,Ruddy Ground Dove,Columbina talpacoti
10396,Ruddy Kingfisher,Halcyon coromanda
4575,Ruddy Pigeon,Patagioenas subvinacea
4939,Ruddy Quail-Dove,Geotrygon montana
347,Ruddy Shelduck,Tadorna ferruginea
15644,Ruddy Spinetail,Synallaxis rutilans
17444,Ruddy Tody-flycatcher,Poecilotriccus russatus
15253,Ruddy Treerunner,Margarornis rubiginosus
6795,Ruddy Turnstone,Arenaria interpres
14578,Ruddy Woodcreeper,Dendrocincla homochroa
6035,Ruddy-breasted Crake,Zapornia fusca
37293,Ruddy-breasted Seedeater,Sporophila minuta
30324,Ruddy-capped Nightingale-thrush,Catharus frantzii
342,Ruddy-headed Goose,Chloephaga rubidiceps
18677,Ruddy-tailed Flycatcher,Terenotriccus erythrurus
15692,Rufescent Antshrike,Thamnistes rufescens
17328,Rufescent Flycatcher,Myiophobus rufescens
26633,Rufescent Prinia,Prinia rufescens
9655,Rufescent Screech-owl,Megascops ingens
7878,Rufescent Tiger-heron,Tigrisoma lineatum
6808,Ruff,Calidris pugnax
1116,Ruffed Grouse,Bonasa umbellus
28518,Rufous Babbler,Argya subrufa
19524,Rufous Bristlebird,Dasyornis broadbenti
18107,Rufous Casiornis,Casiornis rufus
28533,Rufous Chatterer,Argya rubiginosa
26512,Rufous Cisticola,Cisticola rufus
3911,Rufous Coucal,Centropus unirufus
8720,Rufous Crab-hawk,Buteogallus aequinoctialis
22111,Rufous Fantail,Rhipidura rufifrons
19581,Rufous Fieldwren,Calamanthus campestris
9576,Rufous Fishing-owl,Scotopelia ussheri
18109,Rufous Flycatcher,Myiarchus semirufus
30159,Rufous Flycatcher-thrush,Stizorhina fraseri
16677,Rufous Gnateater,Conopophaga lineata
18877,Rufous Grasswren,Amytornis whitei
14982,Rufous Hornero,Furnarius rufus
3318,Rufous Hummingbird,Selasphorus rufus
28240,Rufous Limestone-babbler,Gypsophila calcicola
22369,Rufous Monarch,Symposiachrus rubiensis
10821,Rufous Motmot,Baryphthengus martii
18095,Rufous Mourner,Rhytipterna holerythra
1962,Rufous Nightjar,Antrostomus rufus
8963,Rufous Owl,Ninox rufa
11764,Rufous Piculet,Sasia abnormis
18293,Rufous Piha,Lipaugus unirufus
2142,Rufous Potoo,Phyllaemulor bracteatus
3414,Rufous Sabrewing,Pampa rufa
18691,Rufous Scrub-bird,Atrichornis rufescens
21281,Rufous Shrike-thrush,Colluricincla rufogaster
28410,Rufous Sibia,Heterophasia capistrata
26214,Rufous Songlark,Cincloramphus mathewsi
15626,Rufous Spinetail,Synallaxis unirufa
18785,Rufous Treecreeper,Climacteris rufus
22929,Rufous Treepie,Dendrocitta vagabunda
17504,Rufous Twistwing,Cnipodectes superrufus
20316,Rufous Vanga,Schetba rufa
21203,Rufous Whistler,Pachycephala rufiventris
12756,Rufous Woodpecker,Micropternus brachyurus
28946,Rufous Wren,Cinnycerthia unirufa
29103,Rufous-and-white Wren,Thryophilus rufalbus
15951,Rufous-backed Antvireo,Dysithamnus xanthopterus
10660,Rufous-backed Dwarf-kingfisher,Ceyx rufidorsa
22085,Rufous-backed Fantail,Rhipidura rufidorsa
18944,Rufous-backed Honeyeater,Ptiloprora guisei
36774,Rufous-backed Inca-finch,Incaspiza personata
28495,Rufous-backed Sibia,Leioptila annectens
15730,Rufous-backed Stipplethroat,Epinecrophylla haematonota
30789,Rufous-backed Thrush,Turdus rufopalliatus
15184,Rufous-backed Treehunter,Thripadectes scrutator
28895,Rufous-backed Wren,Campylorhynchus capistratus
18966,Rufous-banded Honeyeater,Conopophila albogularis
14516,Rufous-banded Miner,Geositta rufipennis
9802,Rufous-banded Owl,Strix albitarsis
15872,Rufous-bellied Antwren,Isleria guttata
17870,Rufous-bellied Bush-tyrant,Myiotheretes fuscorufus
645,Rufous-bellied Chachalaca,Ortalis wagleri
8344,Rufous-bellied Eagle,Lophotriorchis kienerii
34881,Rufous-bellied Euphonia,Euphonia rufiventris
20350,Rufous-bellied Helmetshrike,Prionops rufiventris
8034,Rufous-bellied Heron,Ardeola rufiventris
10360,Rufous-bellied Kookaburra,Dacelo gaudichaud
37654,Rufous-bellied Mountain-tanager,Pseudosaltator rufiventris
1867,Rufous-bellied Nighthawk,Lurocalis rufiventris
31127,Rufous-bellied Niltava,Niltava sundara
6640,Rufous-bellied Seedsnipe,Attagis gayi
25317,Rufous-bellied Swallow,Cecropis badia
30811,Rufous-bellied Thrush,Turdus rufiventris
23875,Rufous-bellied Tit,Melaniparus rufiventris
20880,Rufous-bellied Triller,Lalage aurea
20077,Rufous-bellied Wattle-eye,Platysteira concreta
12248,Rufous-bellied Woodpecker,Dendrocopos hyperythrus
3175,Rufous-booted Racket-tail,Ocreatus addae
33839,Rufous-breasted Accentor,Prunella strophiata
16664,Rufous-breasted Antpitta,Grallaricula leymebambae
16456,Rufous-breasted Antthrush,Formicarius rufipectus
31210,Rufous-breasted Blue Flycatcher,Cyornis camarinensis
31702,Rufous-breasted Bush-robin,Tarsiger hyperythrus
17936,Rufous-breasted Chat-tyrant,Ochthoeca rufipectoralis
17279,Rufous-breasted Flycatcher,Leptopogon rufipectus
2685,Rufous-breasted Hermit,Glaucis hirsutus
14490,Rufous-breasted Leaftosser,Sclerurus scansor
11736,Rufous-breasted Piculet,Picumnus rufiventris
3443,Rufous-breasted Sabrewing,Campylopterus hyperythrus
8581,Rufous-breasted Sparrowhawk,Accipiter rufiventris
15619,Rufous-breasted Spinetail,Synallaxis erythrothorax
37328,Rufous-breasted Warbling-finch,Poospiza rubecula
952,Rufous-breasted Wood-quail,Odontophorus speciosus
29081,Rufous-breasted Wren,Pheugopedius rutilus
28121,Rufous-browed Babbler,Pellorneum capistratum
17949,Rufous-browed Chat-tyrant,Ochthoeca superciliosa
37439,Rufous-browed Conebill,Conirostrum rufum
31181,Rufous-browed Flycatcher,Anthipes solitaris
37332,Rufous-browed Hemispingus,Poospiza rufosuperciliaris
21350,Rufous-browed Peppershrike,Cyclarhis gujanensis
17210,Rufous-browed Tyrannulet,Phylloscartes superciliaris
29266,Rufous-browed Wren,Troglodytes rufociliatus
30230,Rufous-brown Solitaire,Cichlopsis leucogenys
16429,Rufous-capped Antthrush,Formicarius colma
27829,Rufous-capped Babbler,Cyanoderma ruficeps
35638,Rufous-capped Brushfinch,Atlapetes pileatus
24431,Rufous-capped Lark,Calandrella eremica
10825,Rufous-capped Motmot,Baryphthengus ruficapillus
11072,Rufous-capped Nunlet,Nonnula ruficapilla
15561,Rufous-capped Spinetail,Synallaxis ruficapilla
3008,Rufous-capped Thornbill,Chalcostigma ruficeps
36413,Rufous-capped Warbler,Basileuterus rufifrons
28675,Rufous-cheeked Laughingthrush,Garrulax castanotis
2018,Rufous-cheeked Nightjar,Caprimulgus rufigena
37894,Rufous-cheeked Tanager,Tangara rufigenis
31662,Rufous-chested Flycatcher,Ficedula dumetoria
6461,Rufous-chested Plover,Zonibyx modestus
25326,Rufous-chested Swallow,Cecropis semirufa
37376,Rufous-chested Tanager,Thlypopsis ornata
28679,Rufous-chinned Laughingthrush,Ianthocincla rufogularis
10301,Rufous-collared Kingfisher,Actenoides concretus
35375,Rufous-collared Sparrow,Zonotrichia capensis
30674,Rufous-collared Thrush,Turdus rufitorques
2907,Rufous-crested Coquette,Lophornis delattrei
37106,Rufous-crested Tanager,Creurgops verticalis
28043,Rufous-crowned Babbler,Malacopteron magnum
10912,Rufous-crowned Bee-eater,Merops americanus
16968,Rufous-crowned Elaenia,Elaenia ruficeps
18867,Rufous-crowned Emu-wren,Stipiturus ruficeps
27039,Rufous-crowned Eremomela,Eremomela badiceps
21397,Rufous-crowned Greenlet,Hylophilus poicilotis
28765,Rufous-crowned Laughingthrush,Pterorhinus ruficeps
16708,Rufous-crowned Pittasoma,Pittasoma rufopileatum
26623,Rufous-crowned Prinia,Prinia khasiana
35581,Rufous-crowned Sparrow,Aimophila ruficeps
17434,Rufous-crowned Tody-flycatcher,Poecilotriccus ruficeps
35676,Rufous-eared Brushfinch,Atlapetes rufigenis
26871,Rufous-eared Warbler,Malcorus pectoralis
16337,Rufous-faced Antbird,Myrmelastes rufifacies
16602,Rufous-faced Antpitta,Grallaria erythrotis
5982,Rufous-faced Crake,Rufirallus xenopterus
25458,Rufous-faced Warbler,Abroscopus albogularis
16452,Rufous-fronted Antthrush,Formicarius rufifrons
27838,Rufous-fronted Babbler,Cyanoderma rufifrons
21429,Rufous-fronted Greenlet,
28652,Rufous-fronted Laughingthrush,Garrulax rufifrons
13169,Rufous-fronted Parakeet,Bolborhynchus ferrugineifrons
26632,Rufous-fronted Prinia,Prinia buchanani
26954,Rufous-fronted Tailorbird,Orthotomus frontalis
15298,Rufous-fronted Thornbird,Phacellodomus rufifrons
25657,Rufous-fronted Tit,Aegithalos iouschistos
941,Rufous-fronted Wood-quail,Odontophorus erythrops
3178,Rufous-gaped Hillstar,Urochroa bougueri
31624,Rufous-gorgeted Flycatcher,Ficedula strophiata
644,Rufous-headed Chachalaca,Ortalis erythroptera
669,Rufous-headed Chachalaca,Ortalis ruficeps
10280,Rufous-headed Ground-roller,Atelornis crossleyi
10206,Rufous-headed Hornbill,Rhabdotorrhinus waldeni
27253,Rufous-headed Parrotbill,Paradoxornis bakeri
17124,Rufous-headed Pygmy-tyrant,Pseudotriccus ruficeps
31589,Rufous-headed Robin,Larvivora ruficeps
25483,Rufous-headed Tailorbird,Phyllergates heterolaemus
36834,Rufous-headed Tanager,Hemithraupis ruficapilla
12504,Rufous-headed Woodpecker,Celeus spectabilis
9762,Rufous-legged Owl,Strix rufipes
10458,Rufous-lored Kingfisher,Todiramphus winchelli
17214,Rufous-lored Tyrannulet,Phylloscartes flaviventris
20965,Rufous-naped Bellbird,Aleadryas rufinucha
21458,Rufous-naped Greenlet,Pachysylvia semibrunnea
17799,Rufous-naped Ground-tyrant,Muscisaxicola rufivertex
24222,Rufous-naped Lark,Corypha africana
23576,Rufous-naped Tit,Periparus rufonuchalis
28891,Rufous-naped Wren,Campylorhynchus rufinucha
15132,Rufous-necked Foliage-gleaner,Syndactyla ruficollis
10190,Rufous-necked Hornbill,Aceros nipalensis
28721,Rufous-necked Laughingthrush,Pterorhinus ruficollis
11045,Rufous-necked Puffbird,Malacoptila rufa
32851,Rufous-necked Snowfinch,Pyrgilauda ruficollis
8459,Rufous-necked Sparrowhawk,Tachyspiza erythrauchen
5710,Rufous-necked Wood-rail,Aramides axillaris
11662,Rufous-necked Wryneck,Jynx ruficollis
15660,Rufous-rumped Antwren,Euchrepomis callinota
15079,Rufous-rumped Foliage-gleaner,Neophilydor erythrocercum
24005,Rufous-rumped Lark,Pinarocorys erythropygia
37307,Rufous-rumped Seedeater,Sporophila hypochroma
3293,Rufous-shafted Woodstar,Chaetocercus jourdanii
14284,Rufous-sided Broadbill,Smithornis rufolateralis
6027,Rufous-sided Crake,Laterallus melanophaius
19791,Rufous-sided Gerygone,Gerygone dorsalis
18941,Rufous-sided Honeyeater,Ptiloprora erythropleura
17136,Rufous-sided Pygmy-tyrant,Euscarthmus rufomarginatus
37386,Rufous-sided Warbling-finch,Poospizopsis hypochondria
16206,Rufous-tailed Antbird,Drymophila genei
16484,Rufous-tailed Antthrush,Chamaeza ruficauda
18190,Rufous-tailed Attila,Attila phoenicurus
27173,Rufous-tailed Babbler,Moupinia poecilotis
22067,Rufous-tailed Fantail,Rhipidura phoenicura
18188,Rufous-tailed Flatbill,Ramphotrigon ruficauda
18169,Rufous-tailed Flycatcher,Myiarchus validus
15101,Rufous-tailed Foliage-gleaner,Anabacerthia ruficaudata
8821,Rufous-tailed Hawk,Buteo ventralis
3611,Rufous-tailed Hummingbird,Amazilia tzacatl
10949,Rufous-tailed Jacamar,Galbula ruficauda
31212,Rufous-tailed Jungle-flycatcher,Cyornis ruficauda
24039,Rufous-tailed Lark,Ammomanes phoenicura
31384,Rufous-tailed Palm-thrush,Cichladusa ruficauda
18266,Rufous-tailed Plantcutter,Phytotoma rara
31588,Rufous-tailed Robin,Larvivora sibilans
31767,Rufous-tailed Rock-thrush,Monticola saxatilis
30867,Rufous-tailed Scrub-robin,Cercotrichas galactotes
30912,Rufous-tailed Shama,Copsychus pyrropygus
15721,Rufous-tailed Stipplethroat,Epinecrophylla erythrura
26960,Rufous-tailed Tailorbird,Orthotomus sericeus
17829,Rufous-tailed Tyrant,Knipolegus poecilurus
32990,Rufous-tailed Weaver,Histurgops ruficauda
14931,Rufous-tailed Xenops,Microxenops milleri
8571,Rufous-thighed Hawk,
8646,Rufous-thighed Kite,Harpagus diodon
16164,Rufous-throated Antbird,Gymnopithys rufigula
4205,Rufous-throated Bronze-cuckoo,Chalcites ruficollis
32027,Rufous-throated Dipper,Cinclus schulzii
31668,Rufous-throated Flycatcher,Ficedula rufigula
28065,Rufous-throated Fulvetta,Schoeniparus rufogularis
18969,Rufous-throated Honeyeater,Conopophila rufogularis
3688,Rufous-throated Hummingbird,Hylocharis sapphirina
1023,Rufous-throated Partridge,Arborophila rufogularis
30199,Rufous-throated Solitaire,Myadestes genibarbis
37777,Rufous-throated Tanager,Ixothraupis rufigula
30648,Rufous-throated Thrush,Turdus ruficollis
27850,Rufous-throated Wren-babbler,Spelaeornis caudatus
639,Rufous-vented Chachalaca,Ortalis ruficauda
28166,Rufous-vented Grass-babbler,Laticilla burnesii
3886,Rufous-vented Ground-cuckoo,Neomorphus geoffroyi
28706,Rufous-vented Laughingthrush,Pterorhinus gularis
31131,Rufous-vented Niltava,Niltava sumatrana
22188,Rufous-vented Paradise-flycatcher,Terpsiphone rufocinerea
16790,Rufous-vented Tapaculo,Scytalopus femoralis
23578,Rufous-vented Tit,Periparus rubidiventris
3185,Rufous-vented Whitetip,Urosticte ruficrissa
27341,Rufous-vented Yuhina,Yuhina occipitalis
3191,Rufous-webbed Brilliant,Heliodoxa branickii
17850,Rufous-webbed Bush-tyrant,Cnemarchus rufipennis
16086,Rufous-winged Antshrike,Thamnophilus torquatus
8684,Rufous-winged Buzzard,Butastur liventer
26439,Rufous-winged Cisticola,Cisticola galactotes
28057,Rufous-winged Fulvetta,Schoeniparus castaneceps
3896,Rufous-winged Ground-cuckoo,Neomorphus rufipennis
28206,Rufous-winged Illadopsis,Illadopsis rufescens
20390,Rufous-winged Philentoma,Philentoma pyrhoptera
35129,Rufous-winged Sparrow,Peucaea carpalis
32599,Rufous-winged Sunbird,Cinnyris rufipennis
37908,Rufous-winged Tanager,Tangara lavinia
17044,Rufous-winged Tyrannulet,Mecocerculus calopterus
12334,Rufous-winged Woodpecker,Piculus simplex
4017,Running Coua,Coua cursor
3753,Ruspoli's Turaco,Menelikornis ruspolii
26177,Russet Grasshopper-warbler,Locustella mandelli
30319,Russet Nightingale-thrush,Catharus occidentalis
32906,Russet Sparrow,Passer cinnamomeus
35814,Russet-backed Oropendola,Psarocolius angustifrons
30293,Russet-backed Thrush,Catharus ustulatus
31172,Russet-backed Warbling-flycatcher,Eumyias oscillans
15552,Russet-bellied Spinetail,Synallaxis zimmeri
25540,Russet-capped Tesia,Tesia everetti
5988,Russet-crowned Crake,Rufirallus viridis
10786,Russet-crowned Motmot,Momotus mexicanus
5025,Russet-crowned Quail-Dove,Zentrygon goldmani
36397,Russet-crowned Warbler,Myiothlypis coronata
15113,Russet-mantled Foliage-gleaner,Syndactyla dimidiata
15438,Russet-mantled Softtail,Cranioleuca berlepschi
5712,Russet-naped Wood-rail,Aramides albiventris
30381,Russet-tailed Thrush,Zoothera heinei
11025,Russet-throated Puffbird,Hypnelus ruficollis
18527,Russet-winged Mourner,Schiffornis stenorhyncha
17605,Russet-winged Spadebill,Platyrinchus leucoryphus
37367,Rust-and-yellow Tanager,Thlypopsis ruficeps
34994,Rustic Bunting,Emberiza rustica
36036,Rusty Blackbird,Euphagus carolinus
37579,Rusty Flowerpiercer,Diglossa sittoides
5539,Rusty Imperial-pigeon,
24066,Rusty Lark,Calendulauda rufa
28776,Rusty Laughingthrush,Pterorhinus poecilorhynchus
19614,Rusty Mouse-warbler,Origma murina
21243,Rusty Pitohui,Pseudorectes ferrugineus
35573,Rusty Sparrow,Aimophila rufescens
26210,Rusty Thicketbird,Cincloramphus rubiginosus
146,Rusty Tinamou,Crypturellus brevirostris
21023,Rusty Whistler,Pachycephala hyperythra
15853,Rusty-backed Antwren,Formicivora rufa
17864,Rusty-backed Monjita,Neoxolmis rubetra
15446,Rusty-backed Spinetail,Cranioleuca vulpina
9759,Rusty-barred Owl,Strix hylophila
35715,Rusty-bellied Brushfinch,Atlapetes nationi
22077,Rusty-bellied Fantail,Rhipidura teysmanni
31548,Rusty-bellied Shortwing,Brachypteryx hyperythra
16731,Rusty-belted Tapaculo,Liosceles thoracicus
16661,Rusty-breasted Antpitta,Grallaricula ferrugineipectus
4259,Rusty-breasted Cuckoo,Cacomantis sepulcralis
11058,Rusty-breasted Nunlet,Nonnula rubecula
23727,Rusty-breasted Tit,Poecile davidi
31912,Rusty-breasted Wheatear,Oenanthe frenata
21077,Rusty-breasted Whistler,
28244,Rusty-breasted Wren-babbler,Gypsophila rufipectus
37396,Rusty-browed Warbling-finch,Microspingus erythrophrys
28072,Rusty-capped Fulvetta,Schoeniparus dubius
27951,Rusty-cheeked Scimitar-babbler,Erythrogenys erythrogenys
37276,Rusty-collared Seedeater,Sporophila collaris
27349,Rusty-crowned Babbler,Sterrhoptilus capitalis
35531,Rusty-crowned Ground-sparrow,Melozone kieneri
15282,Rusty-crowned Tit-spinetail,Leptasthenura pileata
13218,Rusty-faced Parrot,Hapalopsittaca amazonina
6026,Rusty-flanked Crake,Laterallus levraudi
31406,Rusty-flanked Robin-chat,
29666,Rusty-flanked Treecreeper,Certhia nipalensis
28459,Rusty-fronted Barwing,Actinodura egertoni
15403,Rusty-fronted Canastero,Asthenes ottonis
17454,Rusty-fronted Tody-flycatcher,Poecilotriccus latirostris
15625,Rusty-headed Spinetail,Synallaxis fuscorufa
17978,Rusty-margined Flycatcher,Myiozetetes cayanensis
690,Rusty-margined Guan,Penelope superciliaris
14310,Rusty-naped Pitta,Hydrornis oatesi
37800,Rusty-naped Tanager,
11735,Rusty-necked Piculet,Picumnus fuscus
31643,Rusty-tailed Flycatcher,Ficedula ruficauda
27308,Rusty-throated Parrotbill,Suthora przewalskii
27852,Rusty-throated Wren-babbler,Spelaeornis badeigularis
16563,Rusty-tinged Antpitta,Grallaria przewalskii
14958,Rusty-winged Barbtail,Premnornis guttuliger
29821,Rusty-winged Starling,Aplonis zelandica
33076,Ruvu Weaver,Ploceus holoxanthus
26758,Rwenzori Apalis,Oreolais ruwenzorii
20011,Rwenzori Batis,Batis diops
32517,Rwenzori Double-collared Sunbird,Cinnyris stuhlmanni
27070,Rwenzori Hill-babbler,Sylvia atriceps
3745,Rwenzori Turaco,Gallirex johnstoni
31595,Ryukyu Flycatcher,Ficedula owstoni
5279,Ryukyu Green-pigeon,
20586,Ryukyu Minivet,Pericrocotus tegimae
31583,Ryukyu Robin,Larvivora komadori
9353,Ryukyu Scops-owl,Otus elegans
4489,Ryukyu Woodpigeon,Columba jouyi
31280,Rück's Blue Flycatcher,Cyornis ruckii
3829,Rüppell's Bustard,Heterotetrax rueppelii
31891,Rüppell's Chat,Myrmecocichla melaena
13129,Rüppell's Parrot,Poicephalus rueppellii
31365,Rüppell's Robin-Chat,Cossypha semirufa
30039,Rüppell's Starling,Lamprotornis purpuroptera
8251,Rüppell's Vulture,Gyps rueppelli
27137,Rüppell's Warbler,Curruca ruppeli
33078,Rüppell's Weaver,Ploceus galbula
1449,Sabah Partridge,Tropicoperdix graydoni
7086,Sabine's Gull,Xema sabini
20190,Sabine's Puffback,Dryoscopus sabini
2475,Sabine's Spinetail,Rhaphidura sabini
24070,Sabota Lark,Calendulauda sabota
10547,Sacred Kingfisher,Todiramphus sanctus
18114,Sad Flycatcher,Myiarchus barbirostris
7648,Saddle-billed Stork,Ephippiorhynchus senegalensis
37454,Saffron Finch,Sicalis flaveola
34773,Saffron Siskin,Spinus siemiradzkii
11188,Saffron Toucanet,Pteroglossus bailloni
35297,Saffron-billed Sparrow,Arremon flavirostris
36122,Saffron-cowled Blackbird,Xanthopsar flavus
18330,Saffron-crested Tyrant-manakin,Neopelma chrysocephalum
37913,Saffron-crowned Tanager,Tangara xanthocephala
13209,Saffron-headed Parrot,Pyrilia pyrilia
1150,Sage Grouse,Centrocercus urophasianus
29731,Sage Thrasher,Oreoscoptes montanus
35415,Sagebrush Sparrow,Artemisiospiza nevadensis
32869,Sahel Bush-sparrow,Gymnoris dentata
33806,Sahel Paradise-whydah,Vidua orientalis
12041,Sahelian Woodpecker,Dendropicos elachus
4264,Sahul Brush Cuckoo,Cacomantis variolosus
32638,Sahul Sunbird,Cinnyris frenatus
32761,Sahyadri Sunbird,Aethopyga vigorsii
6032,Saint Helena Crake,Aphanocrex podarces
4354,Saint Helena Cuckoo,Nannococcyx psix
10033,Saint Helena Hoopoe,Upupa antaios
6583,Saint Helena Plover,Anarhynchus sanctaehelenae
6054,Saint Helena Rail,Zapornia astrictocarpus
37009,Saint Kitts Bullfinch,Melopyrrha grandis
13295,Saint Lucia Amazon,Amazona versicolor
37035,Saint Lucia Black Finch,Melanospiza richardsoni
35958,Saint Lucia Oriole,Icterus laudabilis
36332,Saint Lucia Warbler,Setophaga delicata
13337,Saint Vincent Amazon,Amazona guildingii
37874,Saint Vincent Tanager,
25984,Saipan Reed-warbler,Acrocephalus hiwae
27719,Saipan White-eye,
6034,Sakalava Rail,Zapornia olivieri
33144,Sakalava Weaver,Ploceus sakalava
12975,Saker Falcon,Falco cherrug
26116,Sakhalin Grasshopper-warbler,Helopsaltes amnicola
25801,Sakhalin Leaf-warbler,Phylloscopus borealoides
2631,Salim Ali's Swift,Apus salimalii
17865,Salinas Monjita,Neoxolmis salinarum
13079,Salmon-crested Cockatoo,Cacatua moluccensis
35445,Saltmarsh Sparrow,Ammospiza caudacuta
15795,Salvadori's Antwren,Myrmotherula minor
14119,Salvadori's Fig-parrot,Cyclopsitta salvadorii
2121,Salvadori's Nightjar,Caprimulgus pulchellus
1412,Salvadori's Pheasant,Lophura inornata
34544,Salvadori's Seedeater,Crithagra xantholaema
353,Salvadori's Teal,Salvadorina waigiuensis
7406,Salvin's Albatross,Thalassarche salvini
740,Salvin's Curassow,Mitu salvini
7462,Salvin's Prion,Pachyptila salvini
10224,Samar Hornbill,Penelopides samarensis
22064,Samoan Fantail,Rhipidura nebulosa
22486,Samoan Flycatcher,Myiagra albiventris
5353,Samoan Fruit-dove,
30630,Samoan Island Thrush,Turdus samoensis
5919,Samoan Moorhen,Gallinula pacifica
19120,Samoan Myzomela,Myzomela nigriventris
29879,Samoan Starling,Aplonis atrifusca
20866,Samoan Triller,Lalage sharpei
21189,Samoan Whistler,Pachycephala flavifrons
27740,Samoan White-eye,Zosterops samoensis
21570,San Andres Vireo,Vireo caribaeus
35472,San Benito Sparrow,
22753,San Blas Jay,Cyanocorax sanblasianus
10706,San Cristobal Dwarf-kingfisher,Ceyx gentianus
29728,San Cristobal Mockingbird,Mimus melanotis
30670,San Lucas Robin,
24504,Sand Lark,Alaudala raytal
1594,Sand Partridge,Ammoperdix heyi
1836,Sand-colored Nighthawk,Chordeiles rupestris
6820,Sanderling,Calidris alba
6158,Sandhill Crane,Antigone canadensis
18880,Sandhill Grasswren,Amytornis oweni
21306,Sandstone Shrike-thrush,Colluricincla woodwardi
7054,Sandwich Tern,Thalasseus sandvicensis
16730,Sandy Gallito,Teledromas fuscus
9270,Sandy Scops-owl,Otus icterorhynchus
8679,Sanford's Sea-eagle,Icthyophaga sanfordi
27667,Sanford's White-eye,Zosterops lacertosus
20798,Sangihe Cicadabird,Edolisoma salvadorii
10671,Sangihe Dwarf-kingfisher,Ceyx sangirensis
24801,Sangihe Golden Bulbul,Hypsipetes platenae
14179,Sangihe Hanging-parrot,Loriculus catamene
10352,Sangihe Lilac Kingfisher,Cittura sanghirensis
14355,Sangihe Pitta,
9377,Sangihe Scops-owl,Otus collari
20985,Sangihe Whistler,Coracornis sanghirensis
27575,Sangihe White-eye,Zosterops nehrkorni
27640,Sangkar White-eye,Zosterops melanurus
5099,Santa Cruz Ground Dove,Pampusana sanctaecrucis
27651,Santa Cruz White-eye,Zosterops sanctaecrucis
5868,Santa Isabel Rail,
16215,Santa Marta Antbird,Drymophila hellmayri
16541,Santa Marta Antpitta,Grallaria bangsi
3427,Santa Marta Blossomcrown,Anthocephala floriceps
35664,Santa Marta Brushfinch,Atlapetes melanocephalus
17871,Santa Marta Bush-tyrant,Myiotheretes pernix
15178,Santa Marta Foliage-gleaner,Clibanornis rufipectus
37705,Santa Marta Mountain-tanager,Anisognathus melanogenys
13433,Santa Marta Parakeet,Pyrrhura viridicata
3447,Santa Marta Sabrewing,Campylopterus phainopeplus
9674,Santa Marta Screech-owl,Megascops gilesi
16786,Santa Marta Tapaculo,Scytalopus sanctaemartae
36356,Santa Marta Warbler,Myiothlypis basilica
3289,Santa Marta Woodstar,Chaetocercus astreans
29281,Santa Marta Wren,Troglodytes monticola
13418,Santarem Parakeet,Pyrrhura amazonum
26239,Santo Thicketbird,Cincloramphus whitneyi
35292,Sao Francisco Sparrow,Arremon franciscanus
17197,Sao Paulo Tyrannulet,Pogonotriccus paulista
4508,Sao Tome Bronze-naped Pigeon,Columba malherbii
5256,Sao Tome Green-pigeon,Treron sanctithomae
34506,Sao Tome Grosbeak,Crithagra concolor
10615,Sao Tome Kingfisher,
4474,Sao Tome Olive-pigeon,Columba thomensis
21713,Sao Tome Oriole,Oriolus crassirostris
22249,Sao Tome Paradise-flycatcher,Terpsiphone atrochalybeia
26723,Sao Tome Prinia,Prinia molleri
9327,Sao Tome Scops-owl,Otus hartlaubi
33906,Sao Tome Short-tail,Motacilla bocagii
2465,Sao Tome Spinetail,Zoonavena thomensis
30498,Sao Tome Thrush,Turdus olivaceofuscus
33188,Sao Tome Weaver,Ploceus sanctithomae
27514,Sao Tome White-eye,Zosterops feae
14221,Sapayoa,Sapayoa aenigma
31627,Sapphire Flycatcher,Ficedula sapphira
4935,Sapphire Quail-Dove,Geotrygon saphirina
3659,Sapphire-bellied Hummingbird,Chrysuronia lilliae
13152,Sapphire-rumped Parrotlet,Touit purpuratus
3683,Sapphire-spangled Emerald,Chionomesa lactea
3655,Sapphire-throated Hummingbird,Chrysuronia coeruleogularis
3070,Sapphire-vented Puffleg,Eriocnemis luciani
27139,Sardinian Warbler,Curruca melanocephala
6166,Sarus Crane,Antigone antigone
24675,Sassi's Olive Greenbul,Phyllastrephus lorenzi
19902,Satin Berrypecker,Melanocharis citreola
18749,Satin Bowerbird,Ptilonorhynchus violaceus
22496,Satin Flycatcher,Myiagra cyanoleuca
2332,Satin Swiftlet,Collocalia uropygialis
15876,Saturnine Antshrike,Thamnomanes saturninus
1078,Satyr Tragopan,Tragopan satyra
7091,Saunders's Gull,Saundersilarus saundersi
6974,Saunders's Tern,Sternula saundersi
8721,Savanna Hawk,Buteogallus meridionalis
2100,Savanna Nightjar,Caprimulgus affinis
35452,Savannah Sparrow,Passerculus sandwichensis
26138,Savi's Warbler,Locustella luscinioides
3834,Savile's Bustard,Lophotis savilei
2681,Saw-billed Hermit,Ramphodon naevius
32923,Saxaul Sparrow,Passer ammodendri
17652,Say's Phoebe,Sayornis saya
37819,Sayaca Tanager,Thraupis sayaca
17414,Scale-crested Pygmy-tyrant,Lophotriccus pileatus
4069,Scale-feathered Malkoha,Dasylophus cumingi
15007,Scale-throated Earthcreeper,Upucerthia dumetaria
2742,Scale-throated Hermit,Phaethornis eurynome
16209,Scaled Antbird,Drymophila squamata
16512,Scaled Antpitta,Grallaria guatimalensis
662,Scaled Chachalaca,Ortalis squamata
4870,Scaled Dove,Columbina squammata
37603,Scaled Flowerpiercer,Diglossa duidae
18215,Scaled Fruiteater,Ampelioides tschudii
3893,Scaled Ground-Cuckoo,Neomorphus squamiger
3041,Scaled Metaltail,Metallura aeneocauda
11700,Scaled Piculet,Picumnus squamulatus
4525,Scaled Pigeon,Patagioenas speciosa
840,Scaled Quail,Callipepla squamata
15493,Scaled Spinetail,Cranioleuca muelleri
14884,Scaled Woodcreeper,Lepidocolaptes squamatus
16655,Scallop-breasted Antpitta,Grallaricula loricata
16295,Scalloped Antbird,Myrmoderus ruficauda
16486,Scalloped Antthrush,Chamaeza turdina
14887,Scalloped Woodcreeper,Lepidocolaptes falcinellus
28591,Scaly Babbler,Turdoides squamulata
28538,Scaly Chatterer,Argya aylmeri
10278,Scaly Ground-roller,Geobiastes squamiger
28331,Scaly Laughingthrush,Trochalopteron subunicolor
1752,Scaly Spurfowl,Pternistis squamatus
30365,Scaly Thrush,Zoothera dauma
12640,Scaly-bellied Woodpecker,Picus squamatus
24894,Scaly-breasted Bulbul,Rubigula squamata
25360,Scaly-breasted Cupwing,Pnoepyga albiventer
18218,Scaly-breasted Fruiteater,
19274,Scaly-breasted Honeyeater,Lichmera squamata
28195,Scaly-breasted Illadopsis,Illadopsis albipectus
10287,Scaly-breasted Kingfisher,Actenoides princeps
14072,Scaly-breasted Lorikeet,Trichoglossus chlorolepidotus
33383,Scaly-breasted Munia,Lonchura punctulata
3512,Scaly-breasted Sabrewing,Phaeochroa cuvierii
29778,Scaly-breasted Thrasher,Allenia fusca
28036,Scaly-crowned Babbler,Malacopteron cinereum
19035,Scaly-crowned Honeyeater,Lichmera lombokia
33001,Scaly-fronted Weaver,Sporopipes squamifrons
13236,Scaly-headed Parrot,Pionus maximiliani
13322,Scaly-naped Amazon,Amazona mercenarius
4524,Scaly-naped Pigeon,Patagioenas squamosa
541,Scaly-sided Merganser,Mergus squamatus
15096,Scaly-throated Foliage-gleaner,Anabacerthia variegaticeps
11645,Scaly-throated Honeyguide,Indicator variegatus
14470,Scaly-throated Leaftosser,Sclerurus guatemalensis
2452,Scarce Swift,Schoutedenapus myoptilus
34308,Scarlet Finch,Carpodacus sipahi
7860,Scarlet Ibis,Eudocimus ruber
13537,Scarlet Macaw,Ara macao
20564,Scarlet Minivet,Pericrocotus speciosus
19108,Scarlet Myzomela,Myzomela sanguinolenta
23369,Scarlet Robin,Petroica boodang
36561,Scarlet Tanager,Piranga olivacea
36803,Scarlet-and-white Tanager,Chrysothlypis salmoni
32264,Scarlet-backed Flowerpecker,Dicaeum cruentatum
12178,Scarlet-backed Woodpecker,Dryobates callonotus
11098,Scarlet-banded Barbet,Capito wallacei
37708,Scarlet-bellied Mountain-tanager,
36863,Scarlet-breasted Dacnis,Dacnis berlepschi
32086,Scarlet-breasted Flowerpecker,Prionochilus thoracicus
5320,Scarlet-breasted Fruit-dove,Ptilinopus bernsteinii
18217,Scarlet-breasted Fruiteater,Pipreola frontalis
14102,Scarlet-breasted Lorikeet,Trichoglossus forsteni
12128,Scarlet-breasted Woodpecker,Dryobates cathpharius
36810,Scarlet-browed Tanager,Heterospingus xanthopygius
13942,Scarlet-chested Parrot,Neophema splendida
32418,Scarlet-chested Sunbird,Chalcomitra senegalensis
32138,Scarlet-collared Flowerpecker,Dicaeum retrocinctum
11097,Scarlet-crowned Barbet,Capito aurovirens
28510,Scarlet-faced Liocichla,Liocichla ripponi
13564,Scarlet-fronted Parakeet,Psittacara wagleri
36094,Scarlet-headed Blackbird,Amblyramphus holosericeus
32272,Scarlet-headed Flowerpecker,Dicaeum trochileum
11144,Scarlet-hooded Barbet,Eubucco tucinkae
18481,Scarlet-horned Manakin,Ceratopipra cornuta
35847,Scarlet-rumped Cacique,
37175,Scarlet-rumped Tanager,Ramphocelus passerinii
9892,Scarlet-rumped Trogon,Harpactes duvaucelii
13147,Scarlet-shouldered Parrotlet,Touit huetii
36864,Scarlet-thighed Dacnis,Dacnis venusta
36752,Scarlet-throated Tanager,Compsothraupis loricata
3773,Schalow's Turaco,Tauraco schalowi
5126,Scheepmaker's Crowned-pigeon,Goura scheepmakeri
14222,Schlegel's Asity,Philepitta schlegeli
1536,Schlegel's Francolin,Campocolinus schlegelii
14315,Schneider's Pitta,Hydrornis schneideri
7915,Schrenck's Bittern,Botaurus eurhythmus
14846,Scimitar-billed Woodcreeper,Drymornis bridgesii
18303,Scimitar-winged Piha,Lipaugus uropygialis
3337,Scintillant Hummingbird,Selasphorus scintilla
18069,Scissor-tailed Flycatcher,Tyrannus forficatus
3217,Scissor-tailed Hummingbird,Hylonympha macrocerca
8139,Scissor-tailed Kite,Chelictinia riocourii
1936,Scissor-tailed Nightjar,Hydropsalis torquata
15777,Sclater's Antwren,Myrmotherula sclateri
17838,Sclater's Black-tyrant,
5128,Sclater's Crowned-pigeon,Goura sclaterii
24256,Sclater's Lark,Spizocorys sclateri
1091,Sclater's Monal,Lophophorus sclateri
19131,Sclater's Myzomela,Myzomela sclateri
30245,Sclater's Nightingale-thrush,Catharus maculatus
16865,Sclater's Tyrannulet,Phyllomyias sclateri
21066,Sclater's Whistler,Pachycephala soror
28893,Sclater's Wren,Campylorhynchus humilis
7558,Scopoli's Shearwater,Calonectris diomedea
35864,Scott's Oriole,Icterus parisorum
34651,Scottish Crossbill,Loxia scotica
36007,Screaming Cowbird,Molothrus rufoaxillaris
18297,Screaming Piha,Lipaugus vociferans
15357,Scribble-tailed Canastero,Asthenes maculicauda
7267,Scripps's Murrelet,Synthliboramphus scrippsi
36030,Scrub Blackbird,Dives warczewiczi
34827,Scrub Euphonia,Euphonia affinis
21409,Scrub Greenlet,Hylophilus flavipes
19383,Scrub Honeyeater,Meliphaga albonotata
1890,Scrub Nightjar,Nyctidromus anthonyi
37862,Scrub Tanager,Stilpnia vitriolina
19686,Scrubtit,Acanthornis magna
15064,Seaside Cinclodes,Cinclodes nigrofumosus
35431,Seaside Sparrow,Ammospiza maritima
8128,Secretarybird,Sagittarius serpentarius
26038,Sedge Warbler,Acrocephalus schoenobaenus
28959,Sedge Wren,Cistothorus stellaris
1593,See-see Partridge,Ammoperdix griseogularis
21085,Selayar Whistler,Pachycephala teysmanni
35840,Selva Cacique,Cacicus koepckeae
31649,Semi-collared Flycatcher,Ficedula semitorquata
8642,Semi-collared Hawk,Microspizias collaris
11039,Semicollared Puffbird,Malacoptila semicincta
6472,Semipalmated Plover,Charadrius semipalmatus
6847,Semipalmated Sandpiper,Calidris pusilla
8769,Semiplumbeous Hawk,Leucopternis semiplumbeus
36162,Semper's Warbler,Leucopeza semperi
20037,Senegal Batis,Batis senegalensis
3929,Senegal Coucal,Centropus senegalensis
27014,Senegal Eremomela,Eremomela pusilla
6509,Senegal Lapwing,Vanellus lugubris
13138,Senegal Parrot,Poicephalus senegalus
6383,Senegal Thick-knee,Burhinus senegalensis
23913,Sennar Penduline-tit,Anthoscopus punctifrons
24235,Sentinel Lark,Corypha athi
31752,Sentinel Rock-thrush,Monticola explorator
17260,Sepia-capped Flycatcher,Leptopogon amaurocephalus
21277,Sepik-Ramu Shrike-thrush,Colluricincla tappenbecki
9049,Seram Boobook,Ninox squamipila
21988,Seram Fantail,
19170,Seram Friarbird,Philemon subcorniculatus
24798,Seram Golden Bulbul,Hypsipetes affinis
26162,Seram Grasshopper-warbler,Locustella musculus
19279,Seram Honeyeater,Lichmera monticola
5505,Seram Imperial-pigeon,Ducula neglecta
8874,Seram Masked-owl,Tyto almae
5612,Seram Mountain-pigeon,Gymnophaps stalkeri
21644,Seram Oriole,Oriolus forsteni
30450,Seram Thrush,Geokichla joiceyi
27597,Seram White-eye,Zosterops stalkeri
9269,Serendib Scops-owl,Otus thilohoffmanni
15845,Serra Antwren,Formicivora serrana
17198,Serra do Mar Tyrannulet,Pogonotriccus difficilis
18335,Serra do Mar Tyrant-manakin,Neopelma chrysolophum
37945,Seven-colored Tanager,Tangara fastuosa
5472,Seychelles Blue-pigeon,Alectroenas pulcherrimus
24868,Seychelles Bulbul,Hypsipetes crassirostris
33241,Seychelles Fody,Foudia sechellarum
12881,Seychelles Kestrel,Falco araeus
30903,Seychelles Magpie-robin,Copsychus sechellarum
22259,Seychelles Paradise-flycatcher,Terpsiphone corvina
13793,Seychelles Parakeet,Psittacula wardi
13594,Seychelles Parrot,Coracopsis barklyi
9384,Seychelles Scops-owl,Otus insularis
32672,Seychelles Sunbird,Cinnyris dussumieri
2344,Seychelles Swiftlet,Aerodramus elaphrus
25958,Seychelles Warbler,Acrocephalus sechellensis
27546,Seychelles White-eye,Zosterops modestus
25502,Shade Bush-warbler,Horornis parens
33802,Shaft-tailed Whydah,Vidua regia
37081,Sharp-beaked Ground-finch,Geospiza difficilis
15386,Sharp-billed Canastero,Asthenes pyrrholeuca
15073,Sharp-billed Treehunter,Heliobletus contaminatus
8556,Sharp-shinned Hawk,Accipiter striatus
1162,Sharp-tailed Grouse,Tympanuchus phasianellus
7851,Sharp-tailed Ibis,Cercibis oxycerca
6812,Sharp-tailed Sandpiper,Calidris acuminata
30055,Sharp-tailed Starling,Lamprotornis acuticaudus
17347,Sharp-tailed Tyrant,Culicivora caudacuta
18635,Sharpbill,Oxyruncus cristatus
31418,Sharpe's Akalat,Sheppardia sharpei
26846,Sharpe's Apalis,Apalis sharpii
21927,Sharpe's Drongo,Dicrurus sharpei
24684,Sharpe's Greenbul,
24245,Sharpe's Lark,Corypha sharpii
33939,Sharpe's Longclaw,Macronyx sharpei
34338,Sharpe's Rosefinch,Carpodacus verreauxii
30110,Sharpe's Starling,Pholia sharpii
28950,Sharpe's Wren,Cinnycerthia olivascens
17896,Shear-tailed Grey Tyrant,Muscipipra vetula
33541,Shelley's Crimsonwing,Cryptospiza shelleyi
9544,Shelley's Eagle-owl,Ketupa shelleyi
1563,Shelley's Francolin,Scleroptila shelleyi
24575,Shelley's Greenbul,Arizelocichla masukuensis
33524,Shelley's Oliveback,Nesocharis shelleyi
30061,Shelley's Starling,Lamprotornis shelleyi
32562,Shelley's Sunbird,Cinnyris shelleyi
8477,Shikra,Tachyspiza badia
4206,Shining Bronze-cuckoo,Chalcites lucidus
21926,Shining Drongo,Dicrurus atripennis
22497,Shining Flycatcher,Myiagra alecto
36860,Shining Honeycreeper,Cyanerpes lucidus
5542,Shining Imperial-pigeon,Ducula chalconota
3085,Shining Sunbeam,Aglaeactis cupripennis
32586,Shining Sunbird,Cinnyris habessinicus
10628,Shining-blue Kingfisher,Alcedo quadribrachys
3631,Shining-green Hummingbird,Chrysuronia goudoti
36011,Shiny Cowbird,Molothrus bonariensis
31513,Shiny Whistling-thrush,Myophonus melanurus
8092,Shoebill,Balaeniceps rex
6487,Shore Plover,Thinornis novaeseelandiae
18934,Short-bearded Honeyeater,Melionyx nouhuysi
5140,Short-billed Brown-dove,
15340,Short-billed Canastero,Asthenes baeri
35066,Short-billed Chlorospingus,Chlorospingus parvirostris
6697,Short-billed Dowitcher,Limnodromus griseus
7137,Short-billed Gull,Larus brachyrhynchus
36859,Short-billed Honeycreeper,Cyanerpes nitidus
14465,Short-billed Leaftosser,Sclerurus rufigularis
14525,Short-billed Miner,Geositta antarctica
20548,Short-billed Minivet,Pericrocotus brevirostris
4586,Short-billed Pigeon,Patagioenas nigrirostris
34129,Short-billed Pipit,Anthus furcatus
23984,Short-clawed Lark,Certhilauda chuana
2906,Short-crested Coquette,Lophornis brachylophus
18138,Short-crested Flycatcher,Myiarchus ferox
22170,Short-crested Monarch,Hypothymis helenae
9457,Short-eared Owl,Asio flammeus
10277,Short-legged Ground-roller,Brachypteracias leptosomus
31425,Short-tailed Akalat,Sheppardia poensis
7390,Short-tailed Albatross,Phoebastria albatrus
16350,Short-tailed Antbird,
16461,Short-tailed Antthrush,Chamaeza campanisona
28126,Short-tailed Babbler,Pellorneum malaccense
21857,Short-tailed Drongo,Dicrurus striatus
3396,Short-tailed Emerald,Chlorostilbon poortmani
17969,Short-tailed Field-tyrant,Muscigralla brevicauda
18874,Short-tailed Grasswren,Amytornis merrotsyi
8798,Short-tailed Hawk,Buteo brachyurus
24260,Short-tailed Lark,Spizocorys fremantlii
1861,Short-tailed Nighthawk,Lurocalis semitorquatus
23194,Short-tailed Paradigalla,Paradigalla brevicauda
13254,Short-tailed Parrot,Graydidascalus brachyurus
27256,Short-tailed Parrotbill,Suthora davidiana
34104,Short-tailed Pipit,Anthus brachyurus
17409,Short-tailed Pygmy-tyrant,Myiornis ecaudatus
7567,Short-tailed Shearwater,Ardenna tenuirostris
29853,Short-tailed Starling,Aplonis minor
2532,Short-tailed Swift,Chaetura brachyura
3277,Short-tailed Woodstar,Myrmia micrura
3919,Short-toed Coucal,Centropus rectunguis
31747,Short-toed Rock-thrush,Monticola brevipes
8303,Short-toed Snake-eagle,Circaetus gallicus
29652,Short-toed Treecreeper,Certhia brachydactyla
26501,Short-winged Cisticola,Cisticola brachypterus
10354,Shovel-billed Kookaburra,Dacelo rex
7402,Shy Albatross,Thalassarche cauta
5095,Shy Ground Dove,Pampusana stairi
19567,Shy Heathwren,Hylacola cauta
1411,Siamese Fireback,Lophura diardi
14353,Siau Pitta,
9375,Siau Scops-owl,Otus siaoensis
33842,Siberian Accentor,Prunella montanella
31572,Siberian Blue Robin,Larvivora cyane
25731,Siberian Chiffchaff,
6157,Siberian Crane,Leucogeranus leucogeranus
1235,Siberian Grouse,Falcipennis falcipennis
22662,Siberian Jay,Perisoreus infaustus
34352,Siberian Long-tailed Rosefinch,Carpodacus sibiricus
29571,Siberian Nuthatch,Sitta arctica
34081,Siberian Pipit,Anthus japonicus
31477,Siberian Rubythroat,Calliope calliope
6554,Siberian Sandplover,Anarhynchus mongolus
518,Siberian Scoter,Melanitta stejnegeri
31832,Siberian Stonechat,Saxicola maurus
30397,Siberian Thrush,Geokichla sibirica
23684,Siberian Tit,Poecile cinctus
18098,Sibilant Sirystes,Sirystes sibilator
30350,Sichuan Forest Thrush,Zoothera griseiceps
26186,Sichuan Grasshopper-warbler,Locustella chengi
22674,Sichuan Jay,Perisoreus internigrans
25688,Sichuan Leaf-warbler,Phylloscopus forresti
1018,Sichuan Partridge,Arborophila rufipectus
23741,Sichuan Tit,Poecile weigoldicus
29674,Sichuan Treecreeper,Certhia tianquanensis
20304,Sickle-billed Vanga,Falculea palliata
31857,Sickle-winged Chat,Emarginata sinuata
730,Sickle-winged Guan,Chamaepetes goudotii
1899,Sickle-winged Nightjar,Eleothreptus anomalus
26742,Sierra Leone Prinia,Schistolais leontica
23039,Sierra Madre Crow,Corvus sierramadrensis
26109,Sierra Madre Ground-warbler,Robsonius thompsoni
35477,Sierra Madre Sparrow,Xenospiza baileyi
16566,Sierra Nevada Antpitta,Grallaria spatiator
35244,Sierra Nevada Brushfinch,Arremon basilicus
17257,Sierra de Lema Flycatcher,Mionectes roraimae
16982,Sierran Elaenia,Elaenia pallatangae
29667,Sikkim Treecreeper,Certhia discolor
1978,Silky-tailed Nightjar,Antrostomus sericocaudatus
34351,Sillem's Rosefinch,Carpodacus sillemi
7094,Silver Gull,Chroicocephalus novaehollandiae
21681,Silver Oriole,Oriolus mellianus
1390,Silver Pheasant,Lophura nycthemera
379,Silver Teal,Spatula versicolor
20462,Silver-backed Butcherbird,Cracticus argenteus
2483,Silver-backed Needletail,Hirundapus cochinchinensis
37837,Silver-backed Tanager,Stilpnia viridicollis
37192,Silver-beaked Tanager,Ramphocelus carbo
14249,Silver-breasted Broadbill,Serilophus lunatus
37974,Silver-breasted Tanager,
5372,Silver-capped Fruit-dove,Ptilinopus richardsii
19204,Silver-crowned Friarbird,Philemon argenticeps
19271,Silver-eared Honeyeater,Lichmera alboauricularis
28386,Silver-eared Laughingthrush,Trochalopteron melanostigma
28478,Silver-eared Mesia,Leiothrix argentauris
2474,Silver-rumped Spinetail,Rhaphidura leucopygialis
37941,Silver-throated Tanager,Tangara icterocephala
25639,Silver-throated Tit,Aegithalos glaucogularis
31033,Silverbird,Empidornis semipartitus
16321,Silvered Antbird,Sclateria naevia
27610,Silvereye,Zosterops lateralis
4482,Silvery Pigeon,Columba argentina
15889,Silvery-cheeked Antshrike,Sakesphoroides cristatus
10139,Silvery-cheeked Hornbill,Bycanistes brevis
15786,Silvery-flanked Antwren,
16803,Silvery-fronted Tapaculo,Scytalopus argentifrons
22708,Silvery-throated Jay,Cyanolyca argentigula
15559,Silvery-throated Spinetail,Synallaxis subpudica
13727,Simeulue Parrot,Psittinus abbotti
9386,Simeulue Scops-owl,Otus umbra
24562,Simple Greenbul,Chlorocichla simplex
34344,Sinai Rosefinch,Carpodacus synoicus
23072,Sinaloa Crow,Corvus sinaloae
25168,Sinaloa Martin,Progne sinaloae
29112,Sinaloa Wren,Thryophilus sinaloa
15857,Sincora Antwren,Formicivora grantsaui
32905,Sind Sparrow,Passer pyrrhonotus
12270,Sind Woodpecker,Dendrocopos assimilis
26348,Singing Cisticola,Cisticola cantans
19414,Singing Honeyeater,Gavicalis virescens
965,Singing Quail,Dactylortyx thoracicus
29806,Singing Starling,Aplonis cantoroides
13409,Sinu Parakeet,
11099,Sira Barbet,Capito fitzpatricki
748,Sira Curassow,Pauxi koepckeae
37840,Sira Tanager,Stilpnia phillipsi
4029,Sirkeer Malkoha,Taccocua leschenaultii
9180,Sjostedt's Owlet,Glaucidium sjostedti
11441,Sladen's Barbet,Gymnobucco sladeni
36684,Slate-blue Seedeater,
16327,Slate-colored Antbird,Myrmelastes schistaceus
36945,Slate-colored Grosbeak,Saltator grossus
8710,Slate-colored Hawk,Buteogallus schistaceus
37264,Slate-colored Seedeater,Sporophila schistacea
30179,Slate-colored Solitaire,Myadestes unicolor
20225,Slate-coloured Boubou,Laniarius funebris
35330,Slate-coloured Fox-sparrow,
16666,Slate-crowned Antpitta,Grallaricula nana
17462,Slate-headed Tody-flycatcher,Poecilotriccus sylvia
29436,Slate-throated Gnatcatcher,Polioptila schistaceigula
36487,Slate-throated Whitestart,Myioborus miniatus
15788,Slaty Antwren,Myrmotherula schisticolor
18575,Slaty Becard,Pachyramphus spodiurus
16736,Slaty Bristlefront,Merulaxis ater
35682,Slaty Brushfinch,Atlapetes schistaceus
34908,Slaty Bunting,Emberiza siemsseni
20695,Slaty Cuckooshrike,Coracina schistacea
7967,Slaty Egret,Egretta vinaceigula
16957,Slaty Elaenia,Elaenia strepera
37524,Slaty Finch,Haplospiza rustica
37586,Slaty Flowerpiercer,Diglossa plumbea
16692,Slaty Gnateater,Conopophaga ardesiaca
22290,Slaty Monarch,Mayrornis lessoni
15553,Slaty Spinetail,Synallaxis brachyura
37107,Slaty Tanager,Creurgops dentatus
21599,Slaty Vireo,Vireo brevipennis
17929,Slaty-backed Chat-tyrant,Ochthoeca cinnamomeiventris
31620,Slaty-backed Flycatcher,Ficedula erithacus
12840,Slaty-backed Forest-falcon,Micrastur mirandollei
31491,Slaty-backed Forktail,Enicurus schistaceus
8535,Slaty-backed Goshawk,Tachyspiza luteoschistacea
7187,Slaty-backed Gull,Larus schistisagus
37331,Slaty-backed Hemispingus,Poospiza goeringi
31540,Slaty-backed Jungle-flycatcher,Vauriella goodfellowi
30274,Slaty-backed Nightingale-thrush,Catharus fuscater
19736,Slaty-backed Thornbill,Acanthiza robustirostris
30455,Slaty-backed Thrush,Geokichla schistacea
25537,Slaty-bellied Tesia,Tesia olivea
31599,Slaty-blue Flycatcher,Ficedula tricolor
5791,Slaty-breasted Rail,Lewinia striata
141,Slaty-breasted Tinamou,Crypturellus boucardi
5727,Slaty-breasted Wood-rail,Aramides saracura
17269,Slaty-capped Flycatcher,Leptopogon superciliaris
21389,Slaty-capped Shrike-vireo,Vireolanius leucotis
19924,Slaty-headed Longbill,Toxorhamphus poliopterus
13759,Slaty-headed Parakeet,Psittacula himalayana
6077,Slaty-legged Crake,Rallina eurizonoides
9933,Slaty-tailed Trogon,Trogon massena
15076,Slaty-winged Foliage-gleaner,Neophilydor fuscipenne
16410,Slender Antbird,Rhopornis ardesiacus
3298,Slender Sheartail,Doricha enicura
28515,Slender-billed Babbler,Argya longirostris
20840,Slender-billed Cicadabird,Edolisoma tenuirostre
23030,Slender-billed Crow,Corvus enca
4697,Slender-billed Cuckoo-Dove,Macropygia amboinensis
6673,Slender-billed Curlew,Numenius tenuirostris
37313,Slender-billed Finch,Xenospingus concolor
5660,Slender-billed Flufftail,Sarothrura watersi
36077,Slender-billed Grackle,Quiscalus palustris
24519,Slender-billed Greenbul,Stelgidillas gracilirostris
7092,Slender-billed Gull,Chroicocephalus genei
8705,Slender-billed Kite,Helicolestes hamatus
14498,Slender-billed Miner,Geositta tenuirostris
21770,Slender-billed Oriole,Oriolus tenuirostris
13462,Slender-billed Parakeet,Enicognathus leptorhynchus
7470,Slender-billed Prion,Pachyptila belcheri
27890,Slender-billed Scimitar-babbler,Pomatorhinus superciliaris
30082,Slender-billed Starling,Onychognathus tenuirostris
19737,Slender-billed Thornbill,Acanthiza iredalei
17296,Slender-billed Tyrannulet,Inezia tenuirostris
8247,Slender-billed Vulture,Gyps tenuirostris
33031,Slender-billed Weaver,Ploceus pelzelni
27742,Slender-billed White-eye,Zosterops tenuirostris
14900,Slender-billed Xenops,Xenops tenuirostris
17167,Slender-footed Tyrannulet,Zimmerius gracilipes
2131,Slender-tailed Nightjar,Caprimulgus clarus
3282,Slender-tailed Woodstar,Microstilbon burmeisteri
23037,Small Crow,Corvus samarensis
37080,Small Ground-finch,Geospiza fuliginosa
16928,Small Jamaican Elaenia,Myiopagis cotta
27743,Small Lifou White-eye,Zosterops minutus
20527,Small Minivet,Pericrocotus cinnamomeus
31136,Small Niltava,Niltava macgrigoriae
15070,Small Pale-browed Treehunter,
7634,Small Saint Helena Petrel,Bulweria bifax
32854,Small Snowfinch,Pyrgilauda davidiana
37073,Small Tree-finch,Camarhynchus parvulus
31134,Small Vivid Niltava,Niltava vivida
16955,Small-billed Elaenia,Elaenia parvirostris
148,Small-billed Tinamou,Crypturellus parvirostris
530,Smew,Mergellus albellus
34892,Smith's Longspur,Calcarius pictus
17675,Smoke-colored Pewee,Contopus fumigatus
17872,Smoky Bush-tyrant,Myiotheretes fumigatus
18992,Smoky Honeyeater,Melipotes fumigatus
23450,Smoky Robin,Melanodryas cryptoleuca
25704,Smoky Warbler,Phylloscopus fuligiventer
12209,Smoky-brown Woodpecker,Dryobates fumigatus
17451,Smoky-fronted Tody-flycatcher,Poecilotriccus fumifrons
3861,Smooth-billed Ani,Crotophaga ani
8700,Snail Kite,Rostrhamus sociabilis
4002,Snail-eating Coua,Coua delalandei
26198,Snares Fernbird,
6722,Snares Island Snipe,Coenocorypha huegeli
7337,Snares Penguin,Eudyptes robustus
23333,Snares Tomtit,
16615,Snethlage's Antpitta,Hylopezus paraensis
17355,Snethlage's Tody-tyrant,Hemitriccus minor
5790,Snoring Rail,Aramidopsis plateni
34894,Snow Bunting,Plectrophenax nivalis
272,Snow Goose,Anser caerulescens
33452,Snow Mountain Mannikin,Lonchura montana
1613,Snow Mountain Quail,Synoicus monorthonyx
23344,Snow Mountain Robin,Petroica archboldi
13816,Snow Mountain Tiger-parrot,
1059,Snow Partridge,Lerwa lerwa
7456,Snow Petrel,Pagodroma nivea
4440,Snow Pigeon,Columba leuconota
18389,Snow-capped Manakin,Lepidothrix nattereri
3495,Snowcap,Microchera albocoronata
7377,Snowy Albatross,Diomedea exulans
18327,Snowy Cotinga,Carpodectes nitidus
7973,Snowy Egret,Egretta thula
9475,Snowy Owl,Bubo scandiacus
6586,Snowy Plover,Anarhynchus nivosus
6387,Snowy Sheathbill,Chionis albus
3567,Snowy-bellied Hummingbird,Saucerottia edward
31604,Snowy-browed Flycatcher,Ficedula hyperythra
29555,Snowy-browed Nuthatch,Sitta villosa
28678,Snowy-cheeked Laughingthrush,Ianthocincla sukatschewi
31369,Snowy-crowned Robin-chat,Cossypha niveicapilla
7020,Snowy-crowned Tern,Sterna trudeaui
28007,Snowy-throated Babbler,Stachyris oglei
18054,Snowy-throated Kingbird,Tyrannus niveigularis
6536,Sociable Lapwing,Vanellus gregarius
32996,Sociable Weaver,Philetairus socius
17983,Social Flycatcher,Myiozetetes similis
5035,Socorro Dove,Zenaida graysoni
29730,Socorro Mockingbird,Mimus graysoni
13560,Socorro Parakeet,Psittacara brevipes
36232,Socorro Parula,
35624,Socorro Towhee,
29265,Socorro Wren,Troglodytes sissonii
34974,Socotra Bunting,Emberiza socotrana
8849,Socotra Buzzard,Buteo socotraensis
26547,Socotra Cisticola,Cisticola haesitatus
7741,Socotra Cormorant,Phalacrocorax nigrogularis
34490,Socotra Grosbeak,Rhynchostruthus socotranus
9341,Socotra Scops-owl,Otus socotranus
32932,Socotra Sparrow,Passer insularis
30095,Socotra Starling,Onychognathus frater
32428,Socotra Sunbird,Chalcomitra balfouri
26603,Socotra Warbler,Incana incana
27509,Socotra White-eye,Zosterops socotranus
7488,Soft-plumaged Petrel,Pterodroma mollis
34113,Sokoke Pipit,Anthus sokokensis
9274,Sokoke Scops-owl,Otus ireneae
35838,Solitary Cacique,Cacicus solitarius
6767,Solitary Sandpiper,Tringa solitaria
6731,Solitary Snipe,Gallinago solitaria
43,Solitary Tinamou,Tinamus solitarius
20788,Solomon Cicadabird,Edolisoma holopolium
23348,Solomon's Robin,Petroica polymorpha
4277,Solomons Brush Cuckoo,Cacomantis addendus
13063,Solomons Corella,Cacatua ducorpsii
2183,Solomons Frogmouth,Rigidipenna inexpectata
30610,Solomons Island Thrush,Turdus kulambangrae
1808,Solomons Nightjar,Eurostopodus nigripennis
22356,Solomons Pied Monarch,Symposiachrus barbatus
22127,Solomons Rufous Fantail,Rhipidura rufofronta
27712,Solomons White-eye,Zosterops kulambangrae
10882,Somali Bee-eater,Merops revoilii
35004,Somali Bunting,Emberiza poliopleura
6884,Somali Courser,Cursorius somalensis
25424,Somali Crombec,Sylvietta isabellina
23127,Somali Crow,Corvus edithae
22560,Somali Fiscal,Lanius somalicus
34494,Somali Grosbeak,Rhynchostruthus louisae
24247,Somali Lark,Corypha somalica
6,Somali Ostrich,Struthio molybdophanes
4456,Somali Pigeon,Columba oliviae
24486,Somali Short-toed Lark,Alaudala somalica
32954,Somali Sparrow,Passer castanopterus
30094,Somali Starling,Onychognathus blythii
30530,Somali Thrush,Turdus ludoviciae
23887,Somali Tit,Melaniparus thruppi
31937,Somali Wheatear,Oenanthe phillipsi
24510,Sombre Greenbul,Andropadus importunus
3535,Sombre Hummingbird,Eupetomena cirrochloris
10476,Sombre Kingfisher,Todiramphus funebris
2015,Sombre Nightjar,Caprimulgus fraenatus
5606,Sombre Pigeon,Cryptophaps poecilorrhoa
31964,Sombre Rockchat,Oenanthe dubia
30708,Sombre Thrush,
23678,Sombre Tit,Poecile lugubris
13720,Song Parrot,Geoffroyus heteroclitus
35478,Song Sparrow,Melospiza melodia
30475,Song Thrush,Turdus philomelos
29393,Song Wren,Cyphorhinus phaeocephalus
16061,Sooretama Slaty Antshrike,Thamnophilus ambiguus
7391,Sooty Albatross,Phoebetria fusca
36601,Sooty Ant-tanager,Driophlox gutturalis
16419,Sooty Antbird,Hafferia fortis
27995,Sooty Babbler,Stachyris herberti
2699,Sooty Barbthroat,Threnetes niger
31890,Sooty Chat,Myrmecocichla nigra
12926,Sooty Falcon,Falco concolor
31056,Sooty Flycatcher,Artomyias fuliginosa
35322,Sooty Fox-sparrow,
37045,Sooty Grassquit,Asemospiza fuliginosa
1157,Sooty Grouse,Dendragapus fuliginosus
7124,Sooty Gull,Ichthyaetus hemprichii
18929,Sooty Honeyeater,Melionyx fuscus
19145,Sooty Myzomela,Myzomela tristrami
6426,Sooty Oystercatcher,Haematopus fuliginosus
7566,Sooty Shearwater,Ardenna grisea
21251,Sooty Shrike-thrush,Colluricincla tenebrosa
2266,Sooty Swift,Cypseloides fumigatus
6950,Sooty Tern,Onychoprion fuscatus
22014,Sooty Thicket-fantail,Rhipidura threnothorax
30675,Sooty Thrush,Turdus nigrescens
25664,Sooty Tit,Aegithalos fuliginosus
17081,Sooty Tyrannulet,Serpophaga nigricans
28029,Sooty-capped Babbler,Malacopteron affine
35076,Sooty-capped Chlorospingus,Chlorospingus pileatus
2737,Sooty-capped Hermit,Phaethornis augusti
11007,Sooty-capped Puffbird,Bucco noanamae
18146,Sooty-crowned Flycatcher,Myiarchus phaeocephalus
35318,Sooty-faced Finch,Arremon crassirostris
15597,Sooty-fronted Spinetail,Synallaxis frontalis
25011,Sooty-headed Bulbul,Pycnonotus aurigaster
16873,Sooty-headed Tyrannulet,Phyllomyias griseiceps
29028,Sooty-headed Wren,Pheugopedius spadix
5880,Sora,Porzana carolina
32660,Souimanga Sunbird,Cinnyris sovimanga
348,South African Shelduck,Tadorna cana
25337,South African Swallow,Petrochelidon spilodera
6618,South American Painted-snipe,Nycticryphes semicollaris
6756,South American Snipe,Gallinago paraguaiae
7022,South American Tern,Sterna hirundinacea
7622,South Georgia Diving-petrel,Pelecanoides georgicus
34140,South Georgia Pipit,Anthus antarcticus
7797,South Georgia Shag,Leucocarbo georgianus
19937,South Island Kokako,Callaeas cinereus
6418,South Island Oystercatcher,Haematopus finschi
21604,South Island Piopio,Turnagra capensis
23338,South Island Robin,Petroica australis
19941,South Island Saddleback,Philesturnus carunculatus
6718,South Island Snipe,Coenocorypha iredalei
5978,South Island Takahe,Porphyrio hochstetteri
20654,South Melanesian Cuckooshrike,Coracina caledonica
20838,South Moluccan Cicadabird,Edolisoma amboinense
14362,South Moluccan Pitta,Erythropitta rubrinucha
32649,South Moluccan Sunbird,Cinnyris clementiae
27534,South Pare White-eye,Zosterops winifredae
10669,South Philippine Dwarf-Kingfisher,
8326,South Philippine Hawk-eagle,Nisaetus pinskeri
7209,South Polar Skua,Stercorarius maccormicki
12450,Southern Andean Flicker,Colaptes rupicola
31883,Southern Anteater Chat,Myrmecocichla formicivora
17130,Southern Antpipit,Corythopis delalandi
7828,Southern Bald Ibis,Geronticus calvus
4541,Southern Band-tailed Pigeon,
8295,Southern Banded Snake-eagle,Circaetus fasciolatus
17002,Southern Beardless Tyrannulet,Camptostoma obsoletum
17413,Southern Bentbill,Oncostoma olivaceum
3840,Southern Black Bustard,Afrotis afra
23864,Southern Black Tit,Melaniparus niger
20907,Southern Black-and-white Triller,
31026,Southern Black-flycatcher,Melaenornis pammelaina
8980,Southern Boobook,Ninox boobook
20252,Southern Boubou,Laniarius ferrugineus
17196,Southern Bristle-tyrant,Pogonotriccus eximius
18,Southern Brown Kiwi,Apteryx australis
33072,Southern Brown-throated Weaver,Ploceus xanthopterus
10922,Southern Carmine Bee-eater,Merops nubicoides
26,Southern Cassowary,Casuarius casuarius
29377,Southern Chestnut-breasted Wren,Cyphorhinus thoracicus
16250,Southern Chestnut-tailed Antbird,Sciaphylax hemimelaena
806,Southern Crested Guineafowl,Guttera edouardi
22177,Southern Crested-flycatcher,Trochocercus cyanomelas
32512,Southern Double-collared Sunbird,Cinnyris chalybeus
18857,Southern Emu-wren,Stipiturus malachurus
13256,Southern Festive Amazon,Amazona festiva
7451,Southern Fulmar,Fulmarus glacialoides
7444,Southern Giant Petrel,Macronectes giganteus
32900,Southern Grey-headed Sparrow,Passer diffusus
34570,Southern Grosbeak-canary,Crithagra buchanani
10073,Southern Ground-hornbill,Bucorvus leadbeateri
29931,Southern Hill Myna,Gracula indica
29229,Southern House Wren,Troglodytes musculus
28849,Southern Hyliota,Hyliota australis
23531,Southern Hylocitrea,
10710,Southern Indigo-banded Kingfisher,
6538,Southern Lapwing,Vanellus chilensis
14562,Southern Long-tailed Woodcreeper,Deconychura pallida
26010,Southern Marquesan Reed-warbler,Acrocephalus mendanae
25162,Southern Martin,Progne elegans
33086,Southern Masked Weaver,Ploceus velatus
13325,Southern Mealy Amazon,Amazona farinosa
29357,Southern Nightingale-wren,Microcerculus marginatus
22992,Southern Nutcracker,Nucifraga hemispila
28614,Southern Pied Babbler,Turdoides bicolor
443,Southern Pintail,Anas eatoni
482,Southern Pochard,Netta erythrophthalma
33260,Southern Red Bishop,Euplectes orix
10080,Southern Red-billed Hornbill,Tockus rufirostris
6565,Southern Red-breasted Plover,Anarhynchus obscurus
11503,Southern Red-fronted Tinkerbird,Pogoniulus pusillus
33213,Southern Red-headed Weaver,Anaplectes rubriceps
13546,Southern Red-shouldered Macaw,
36375,Southern Riverbank Warbler,Myiothlypis rivularis
7333,Southern Rockhopper Penguin,Eudyptes chrysocome
25182,Southern Rough-winged Swallow,Stelgidopteryx ruficollis
7375,Southern Royal Albatross,Diomedea epomophora
10163,Southern Rufous Hornbill,
22244,Southern Rufous Paradise-flycatcher,Terpsiphone cinnamomea
16087,Southern Rufous-capped Antshrike,Thamnophilus ruficapillus
15922,Southern Rufous-winged Antwren,Herpsilochmus rufimarginatus
226,Southern Screamer,Chauna torquata
17292,Southern Scrub-flycatcher,Sublegatus modestus
23409,Southern Scrub-robin,Drymodes brunneopygia
22295,Southern Shrikebill,Clytorhynchus pachycephaloides
6250,Southern Silvery Grebe,Podiceps occipitalis
10712,Southern Silvery Kingfisher,Ceyx argentatus
12791,Southern Sooty Woodpecker,Mulleripicus fuliginosus
14872,Southern Spot-crowned Woodcreeper,
14786,Southern Spotted Woodcreeper,
18038,Southern Streaked Flycatcher,
9970,Southern Surucua Trogon,Trogon surrucura
2530,Southern Swift,Chaetura meridionalis
20171,Southern Tchagra,Tchagra tchagra
17700,Southern Tropical Pewee,Contopus cinereus
21633,Southern Variable Pitohui,Pitohui uropygialis
22524,Southern White-crowned Shrike,Eurocephalus anguitimens
9432,Southern White-faced Owl,Ptilopsis granti
15841,Southern White-fringed Antwren,Formicivora grisea
29901,Southern White-necked Myna,Streptocitta albicollis
19689,Southern Whiteface,Aphelocephala leucopsis
15675,Southern Wing-banded Antbird,Myrmornis torquata
27541,Southern Yellow White-eye,Zosterops anderssoni
10092,Southern Yellow-billed Hornbill,Tockus leucomelas
36178,Southern Yellowthroat,Geothlypis velata
22594,Souza's Shrike,Lanius souzae
37887,Spangle-cheeked Tanager,Tangara dowii
2911,Spangled Coquette,Lophornis stictolophus
18313,Spangled Cotinga,Cotinga cayana
21805,Spangled Drongo,Dicrurus bracteatus
18997,Spangled Honeyeater,Melipotes ater
10357,Spangled Kookaburra,Dacelo tyro
8373,Spanish Imperial Eagle,Aquila adalberti
32934,Spanish Sparrow,Passer hispaniolensis
2819,Sparkling Violetear,Colibri coruscans
3297,Sparkling-tailed Woodstar,Tilmatura dupontii
16603,Speckle-breasted Antpitta,Cryptopezus nattereri
12042,Speckle-breasted Woodpecker,Dendropicos poecilolaemus
29092,Speckle-breasted Wren,
11716,Speckle-chested Piculet,Picumnus steindachneri
33004,Speckle-fronted Weaver,Sporopipes frontalis
9061,Speckled Boobook,Ninox punctulata
653,Speckled Chachalaca,Ortalis guttata
2925,Speckled Hummingbird,Adelomyia melanogenys
18543,Speckled Mourner,Laniocera rufescens
9806,Speckled Mousebird,Colius striatus
11668,Speckled Piculet,Picumnus innominatus
4443,Speckled Pigeon,Columba guinea
5995,Speckled Rail,Laterallus notatus
15428,Speckled Spinetail,Thripophaga gutturata
37784,Speckled Tanager,Ixothraupis guttata
11466,Speckled Tinkerbird,Pogoniulus scolopaceus
19566,Speckled Warbler,Pyrrholaemus sagittatus
4476,Speckled Woodpigeon,Columba hodgsonii
17193,Spectacled Bristle-tyrant,Pogonotriccus orbitalis
24888,Spectacled Bulbul,Rubigula erythropthalmos
7739,Spectacled Cormorant,Urile perspicillatus
373,Spectacled Duck,Speculanas specularis
503,Spectacled Eider,Somateria fischeri
34265,Spectacled Finch,Callacanthis burtoni
32115,Spectacled Flowerpecker,Dicaeum dayakorum
27195,Spectacled Fulvetta,Fulvetta ruficapilla
7236,Spectacled Guillemot,Cepphus carbo
5503,Spectacled Imperial-pigeon,Ducula perspicillata
19909,Spectacled Longbill,Oedistoma iliolophus
22327,Spectacled Monarch,Symposiachrus trivirgatus
9686,Spectacled Owl,Pulsatrix perspicillata
27285,Spectacled Parrotbill,Suthora conspicillata
13360,Spectacled Parrotlet,Forpus conspicillatus
7551,Spectacled Petrel,Procellaria conspicillata
15420,Spectacled Prickletail,Siptornis striaticollis
32796,Spectacled Spiderhunter,Arachnothera flavigaster
26315,Spectacled Tetraka,Xanthomixis zosterops
30826,Spectacled Thrush,Turdus nudigenis
17814,Spectacled Tyrant,Hymenops perspicillatus
27160,Spectacled Warbler,Curruca conspicillata
33038,Spectacled Weaver,Ploceus ocularis
36508,Spectacled Whitestart,Myioborus melanocephalus
33103,Speke's Weaver,Ploceus spekei
5530,Spice Imperial-pigeon,Ducula myristicivora
23967,Spike-heeled Lark,Chersomanes albofasciata
16833,Spillmann's Tapaculo,Scytalopus spillmanni
4829,Spinifex Pigeon,Geophaps plumifera
26190,Spinifexbird,Poodytes carteri
28565,Spiny Babbler,Turdoides nipalensis
19473,Spiny-cheeked Honeyeater,Acanthagenys rufogularis
16142,Spiny-faced Antshrike,Xenornis setifrons
16241,Spix's Antwarbler,Hypocnemis striata
704,Spix's Guan,Penelope jacquacu
13516,Spix's Macaw,Cyanopsitta spixii
15578,Spix's Spinetail,Synallaxis spixi
14744,Spix's Woodcreeper,Xiphorhynchus spixii
23197,Splendid Astrapia,Astrapia splendidissima
18823,Splendid Fairywren,Malurus splendens
30029,Splendid Starling,Lamprotornis splendidus
32590,Splendid Sunbird,Cinnyris coccinigastrus
12563,Splendid Woodpecker,
6818,Spoon-billed Sandpiper,Calidris pygmaea
16310,Spot-backed Antbird,Hylophylax naevius
16135,Spot-backed Antshrike,Hypoedaleus guttatus
15907,Spot-backed Antwren,Herpsilochmus dorsimaculatus
11019,Spot-backed Puffbird,Nystalus maculatus
902,Spot-bellied Bobwhite,Colinus leucopogon
9566,Spot-bellied Eagle-owl,Ketupa nipalensis
37880,Spot-bellied Tanager,
17782,Spot-billed Ground-tyrant,Muscisaxicola maculirostris
8095,Spot-billed Pelican,Pelecanus philippensis
11244,Spot-billed Toucanet,Selenidera maculirostris
15926,Spot-breasted Antvireo,Dysithamnus stictothorax
4748,Spot-breasted Cuckoo-Dove,Macropygia mackinlayi
7837,Spot-breasted Ibis,Bostrychia rara
6521,Spot-breasted Lapwing,Vanellus melanocephalus
28630,Spot-breasted Laughingthrush,Garrulax merulinus
35916,Spot-breasted Oriole,Icterus pectoralis
27236,Spot-breasted Parrotbill,Paradoxornis guttaticollis
989,Spot-breasted Quail,
27958,Spot-breasted Scimitar-babbler,Erythrogenys mcclellandi
15312,Spot-breasted Thornbird,Phacellodomus maculipectus
27394,Spot-breasted White-eye,Heleia muelleri
12400,Spot-breasted Woodpecker,Colaptes punctigula
29074,Spot-breasted Wren,Pheugopedius maculipectus
15947,Spot-crowned Antvireo,Dysithamnus puncticeps
11100,Spot-crowned Barbet,Capito maculicoronatus
34853,Spot-crowned Euphonia,Euphonia imitans
11541,Spot-flanked Barbet,Tricholaema lacrymosa
5876,Spot-flanked Gallinule,Porphyriops melanops
2263,Spot-fronted Swift,Cypseloides cherriei
28008,Spot-necked Babbler,Stachyris strialata
24942,Spot-necked Bulbul,Pycnonotus tympanistrigus
15902,Spot-tailed Antwren,Herpsilochmus sticturus
8494,Spot-tailed Goshawk,Tachyspiza trinotata
1929,Spot-tailed Nightjar,Antiurus maculicaudus
28778,Spot-throat,Modulatrix stictigula
28134,Spot-throated Babbler,Pellorneum albiventre
12696,Spot-throated Flameback,Dinopium everetti
3523,Spot-throated Hummingbird,Thaumasius taczanowskii
14528,Spot-throated Woodcreeper,Certhiasomus stictolaemus
3686,Spot-vented Emerald,
16328,Spot-winged Antbird,Myrmelastes leucostigma
15679,Spot-winged Antshrike,Pygiptila stellaris
12799,Spot-winged Falconet,Spiziapteryx circumcincta
34183,Spot-winged Grosbeak,Mycerobas melanozanthos
22320,Spot-winged Monarch,Symposiachrus guttula
13157,Spot-winged Parrotlet,Touit stictopterus
4530,Spot-winged Pigeon,Patagioenas maculosa
34336,Spot-winged Rosefinch,Carpodacus rodopeplus
29913,Spot-winged Starling,Saroglossa spilopterus
30415,Spot-winged Thrush,Geokichla spiloptera
934,Spot-winged Wood-quail,Odontophorus capueira
6058,Spotless Crake,Zapornia tabuensis
30004,Spotless Starling,Sturnus unicolor
16307,Spotted Antbird,Hylophylax naevioides
16611,Spotted Antpitta,Hylopezus macularius
16735,Spotted Bamboowren,Psilorhamphus guttatus
15235,Spotted Barbtail,Premnoplex brunnescens
19906,Spotted Berrypecker,Melanocharis piperata
18762,Spotted Bowerbird,Chlamydera maculata
6308,Spotted Buttonquail,Turnix ocellatus
18707,Spotted Catbird,Ailuroedus maculosus
5881,Spotted Crake,Porzana porzana
28330,Spotted Crocias,Laniellus albonotatus
9535,Spotted Eagle-owl,Bubo africanus
28844,Spotted Elachura,Elachura formosa
21965,Spotted Fantail,Rhipidura perlata
31100,Spotted Flycatcher,Muscicapa striata
31492,Spotted Forktail,Enicurus maculatus
26173,Spotted Grasshopper-warbler,Locustella thoracica
24547,Spotted Greenbul,Ixonotus guttatus
6783,Spotted Greenshank,Tringa guttifer
30409,Spotted Ground-thrush,Geokichla guttata
8613,Spotted Harrier,Circus assimilis
19214,Spotted Honeyeater,Xanthotis polygrammus
11642,Spotted Honeyguide,Indicator maculatus
28199,Spotted Illadopsis,Illadopsis turdina
5477,Spotted Imperial-pigeon,Ducula carola
19960,Spotted Jewel-babbler,Ptilorrhoa leucosticta
12882,Spotted Kestrel,Falco moluccensis
10296,Spotted Kingfisher,Actenoides lindsayi
28693,Spotted Laughingthrush,Ianthocincla ocellata
1803,Spotted Nightjar,Eurostopodus argus
196,Spotted Nothura,Nothura maculosa
9744,Spotted Owl,Strix occidentalis
9145,Spotted Owlet,Athene brama
31385,Spotted Palm-thrush,Cichladusa guttata
19529,Spotted Pardalote,Pardalotus punctatus
11715,Spotted Piculet,Picumnus pygmaeus
11000,Spotted Puffbird,Bucco tamatia
19982,Spotted Quail-thrush,Cinclosoma punctatum
5681,Spotted Rail,Pardirallus maculatus
6788,Spotted Redshank,Tringa erythropus
4375,Spotted Sandgrouse,Pterocles senegallus
6765,Spotted Sandpiper,Actitis macularius
19636,Spotted Scrubwren,Sericornis maculatus
7744,Spotted Shag,Phalacrocorax punctatus
37778,Spotted Tanager,Ixothraupis punctata
6359,Spotted Thick-knee,Burhinus capensis
17475,Spotted Tody-flycatcher,Todirostrum maculatum
35602,Spotted Towhee,Pipilo maculatus
232,Spotted Whistling-duck,Dendrocygna guttata
9702,Spotted Wood-owl,Strix seloputo
964,Spotted Wood-quail,Odontophorus guttatus
28902,Spotted Wren,Campylorhynchus gularis
34123,Sprague's Pipit,Anthus spragueii
1236,Spruce Grouse,Canachites canadensis
322,Spur-winged Goose,Plectropterus gambensis
6502,Spur-winged Lapwing,Vanellus spinosus
8035,Squacco Heron,Ardeola ralloides
16299,Squamate Antbird,Myrmoderus squamosus
24861,Square-tailed Bulbul,Hypsipetes ganeesa
21921,Square-tailed Drongo,Dicrurus ludwigii
4297,Square-tailed Drongo-cuckoo,Surniculus lugubris
8226,Square-tailed Kite,Lophoictinia isura
25058,Square-tailed Saw-wing,Psalidoprocne nitens
4835,Squatter Pigeon,Geophaps scripta
11380,Sri Lanka Barbet,Psilopogon rubricapillus
8956,Sri Lanka Bay-owl,Phodilus assimilis
22896,Sri Lanka Blue Magpie,Urocissa ornata
21797,Sri Lanka Drongo,Dicrurus lophorinus
2192,Sri Lanka Frogmouth,Batrachostomus moniliger
5177,Sri Lanka Green-pigeon,Treron pompadora
10178,Sri Lanka Grey Hornbill,Ocyceros gingalensis
14151,Sri Lanka Hanging-parrot,Loriculus beryllinus
29915,Sri Lanka Hill Myna,Gracula ptilogenys
1488,Sri Lanka Junglefowl,Gallus lafayettii
30372,Sri Lanka Scaly Thrush,Zoothera imbricata
27935,Sri Lanka Scimitar-babbler,Pomatorhinus melanurus
30940,Sri Lanka Shama,Copsychus leggei
1457,Sri Lanka Spurfowl,Galloperdix bicalcarata
25315,Sri Lanka Swallow,Cecropis hyperythra
26247,Sri Lanka Warbler,Elaphrornis palliseri
31529,Sri Lanka Whistling-thrush,Myophonus blighi
27403,Sri Lanka White-eye,Zosterops ceylonensis
4480,Sri Lanka Woodpigeon,Columba torringtoniae
20388,Sri Lanka Woodshrike,Tephrodornis affinis
29772,St. Lucia Thrasher,Ramphocinclus sanctaeluciae
29257,St. Lucia Wren,Troglodytes mesoleucus
29259,St. Vincent Wren,Troglodytes musicus
2139,Standard-winged Nightjar,Caprimulgus longipennis
23277,Standardwing Bird-of-paradise,Semioptera wallacii
33331,Star Finch,Emblema ruficauda
2097,Star-spotted Nightjar,Caprimulgus stellatus
15866,Star-throated Antwren,Rhopias gularis
24259,Stark's Lark,Spizocorys starki
963,Starred Wood-quail,Odontophorus stellatus
2215,Starry Owlet-nightjar,Aegotheles tatei
22466,Steel-blue Flycatcher,Myiagra ferrocyanea
33800,Steel-blue Whydah,Vidua hypocherina
3573,Steely-vented Hummingbird,Saucerottia saucerottei
15499,Steinbach's Canastero,Pseudasthenes steinbachi
7534,Stejneger's Petrel,Pterodroma longirostris
13970,Stella's Lorikeet,Charmosyna stellae
501,Steller's Eider,Polysticta stelleri
22778,Steller's Jay,Cyanocitta stelleri
8666,Steller's Sea-eagle,Haliaeetus pelagicus
4807,Stephan's Dove,Chalcophaps stephani
23202,Stephanie's Astrapia,Astrapia stephaniae
14220,Stephens Island Rockwren,Traversia lyalli
8366,Steppe Eagle,Aquila nipalensis
7785,Stewart Island Shag,Leucocarbo chalconotus
12070,Stierling's Woodpecker,Dendropicos stierlingi
26912,Stierling's Wren-warbler,Calamonastes stierlingi
16815,Stiles's Tapaculo,Scytalopus stilesi
6813,Stilt Sandpiper,Calidris himantopus
19944,Stitchbird,Notiomystis cincta
4450,Stock Dove,Columba oenas
18173,Stolid Flycatcher,Myiarchus stolidus
811,Stone Partridge,Ptilopachus petrosus
10373,Stork-billed Kingfisher,Pelargopsis capensis
7658,Storm's Stork,Ciconia stormi
26470,Stout Cisticola,Cisticola robustus
15051,Stout-billed Cinclodes,Cinclodes excelsior
20605,Stout-billed Cuckooshrike,Coracina caeruleogrisea
14933,Straight-billed Earthcreeper,Ochetorhynchus ruficaudus
2764,Straight-billed Hermit,Phaethornis bourcieri
15436,Straight-billed Reedhaunter,Limnoctites rectirostris
14793,Straight-billed Woodcreeper,Dendroplex picus
17087,Straneck's Tyrannulet,Serpophaga griseicapilla
33048,Strange Weaver,Ploceus alienus
17907,Strange-tailed Tyrant,Alectrurus risora
37841,Straw-backed Tanager,Stilpnia argyrofenges
24941,Straw-headed Bulbul,Pycnonotus zeylanicus
7821,Straw-necked Ibis,Threskiornis spinicollis
33801,Straw-tailed Whydah,Vidua fischeri
16070,Streak-backed Antshrike,Thamnophilus insignis
15358,Streak-backed Canastero,Asthenes wyatti
35896,Streak-backed Oriole,Icterus pustulatus
24794,Streak-breasted Bulbul,Hypsipetes siquijorensis
19407,Streak-breasted Honeyeater,Meliphaga reticulata
27895,Streak-breasted Scimitar-babbler,Pomatorhinus ruficollis
15185,Streak-breasted Treehunter,Thripadectes rufobrunneus
12631,Streak-breasted Woodpecker,Picus viridanus
15828,Streak-capped Antwren,Terenura maculata
15479,Streak-capped Spinetail,Cranioleuca hellmayri
15193,Streak-capped Treehunter,Thripadectes virgaticeps
16605,Streak-chested Antpitta,Hylopezus perspicillatus
15946,Streak-crowned Antvireo,Dysithamnus striaticeps
37659,Streak-crowned Mountain-tanager,
24951,Streak-eared Bulbul,Pycnonotus conradi
16095,Streak-fronted Antshrike,
15307,Streak-fronted Thornbird,Phacellodomus striaticeps
16222,Streak-headed Antbird,Drymophila striaticeps
19021,Streak-headed Honeyeater,Pycnopygius stictocephalus
33375,Streak-headed Mannikin,Mayrimunia tristissima
27381,Streak-headed White-eye,Heleia squamiceps
14850,Streak-headed Woodcreeper,Lepidocolaptes souleyetii
17219,Streak-necked Flycatcher,Mionectes striaticollis
28432,Streak-throated Barwing,Actinodura waldeni
17867,Streak-throated Bush-tyrant,Myiotheretes striaticollis
15373,Streak-throated Canastero,Asthenes humilis
2704,Streak-throated Hermit,Phaethornis rupurumii
25338,Streak-throated Swallow,Petrochelidon fluvicola
12639,Streak-throated Woodpecker,Picus xanthopygaeus
28437,Streaked Barwing,Actinodura souliei
19897,Streaked Berrypecker,Melanocharis striativentris
18738,Streaked Bowerbird,Amblyornis subalaris
24776,Streaked Bulbul,Ixos malaccensis
37530,Streaked Dacnis,
28339,Streaked Laughingthrush,Trochalopteron lineatum
26039,Streaked Reed-warbler,Acrocephalus sorghophilus
34310,Streaked Rosefinch,Carpodacus rubicilloides
36911,Streaked Saltator,Saltator striatipectus
25569,Streaked Scrub-warbler,Scotocerca inquieta
7555,Streaked Shearwater,Calonectris leucomelas
32813,Streaked Spiderhunter,Arachnothera magna
15287,Streaked Tit-spinetail,Leptasthenura striata
14947,Streaked Tuftedcheek,Pseudocolaptes boissonneautii
33152,Streaked Weaver,Ploceus manyar
28229,Streaked Wren-babbler,Gypsophila brevicaudata
14918,Streaked Xenops,Xenops rutilans
34612,Streaky Seedeater,Crithagra striolata
22075,Streaky-breasted Fantail,Rhipidura dedemi
5649,Streaky-breasted Flufftail,Sarothrura boehmi
32809,Streaky-breasted Spiderhunter,Arachnothera affinis
34589,Streaky-headed Seedeater,Crithagra gularis
14989,Streamcreeper,Lochmias nematura
17895,Streamer-tailed Tyrant,Gubernetes yetapa
16737,Stresemann's Bristlefront,Merulaxis stresemanni
16212,Striated Antbird,Drymophila devillei
16478,Striated Antthrush,Chamaeza nobilis
28561,Striated Babbler,Argya earlei
24731,Striated Bulbul,Alcurus striatus
12816,Striated Caracara,Daptrius australis
15004,Striated Earthcreeper,Geocerthia serrana
19576,Striated Fieldwren,Calamanthus fuliginosus
26254,Striated Grassbird,Megalurus palustris
18885,Striated Grasswren,Amytornis striatus
28316,Striated Laughingthrush,Grammatoptila striata
13963,Striated Lorikeet,Charmosyna multistriata
19542,Striated Pardalote,Pardalotus striatus
26604,Striated Prinia,Prinia crinigera
15429,Striated Softtail,Thripophaga macroura
29825,Striated Starling,Aplonis striata
19711,Striated Thornbill,Acanthiza lineata
28245,Striated Wren-babbler,Ptilocichla mindanensis
27314,Striated Yuhina,Staphida castaniceps
12220,Strickland's Woodpecker,Dryobates stricklandi
34955,Striolated Bunting,Emberiza striolata
18450,Striolated Manakin,Machaeropterus striolatus
15281,Striolated Tit-spinetail,Leptasthenura striolata
15743,Stripe-backed Antbird,Myrmorchilus strigilatus
7902,Stripe-backed Bittern,Botaurus involucris
28875,Stripe-backed Wren,Campylorhynchus nuchalis
37867,Stripe-bellied Tanager,
11224,Stripe-billed Araçari,
30121,Stripe-breasted Rhabdornis,Rhabdornis inornatus
34585,Stripe-breasted Seedeater,Crithagra striatipectus
15636,Stripe-breasted Spinetail,Synallaxis cinnamomea
3235,Stripe-breasted Starthroat,Heliomaster squamosus
23883,Stripe-breasted Tit,Melaniparus fasciiventer
12261,Stripe-breasted Woodpecker,Dendrocopos atratus
29153,Stripe-breasted Wren,Cantorchilus thoracicus
24593,Stripe-cheeked Bulbul,Arizelocichla milanjensis
12337,Stripe-cheeked Woodpecker,Piculus callopterus
15771,Stripe-chested Antwren,Myrmotherula longicauda
35295,Stripe-crowned Sparrow,Arremon dorbignii
15459,Stripe-crowned Spinetail,Cranioleuca pyrrhophia
36435,Stripe-crowned Warbler,Basileuterus culicivorus
962,Stripe-faced Wood-quail,Odontophorus balliviani
16543,Stripe-headed Antpitta,Grallaria andicolus
30117,Stripe-headed Rhabdornis,Rhabdornis mystacalis
35134,Stripe-headed Sparrow,Peucaea ruficauda
17373,Stripe-necked Tody-tyrant,Hemitriccus striaticollis
3507,Stripe-tailed Hummingbird,Eupherusa eximia
37445,Stripe-tailed Yellow-finch,Sicalis citrina
24955,Stripe-throated Bulbul,Pycnonotus finlaysoni
2717,Stripe-throated Hermit,Phaethornis striigularis
26333,Stripe-throated Jery,Neomixis striatigula
29155,Stripe-throated Wren,Cantorchilus leucopogon
27336,Stripe-throated Yuhina,Yuhina gularis
6114,Striped Crake,Aenigmatolimnas marginalis
3865,Striped Cuckoo,Tapera naevia
5655,Striped Flufftail,Sarothrura affinis
19236,Striped Honeyeater,Plectorhyncha lanceolata
10436,Striped Kingfisher,Halcyon chelicuti
28347,Striped Laughingthrush,Trochalopteron virgatum
9435,Striped Owl,Asio clamator
34100,Striped Pipit,Anthus lineiventris
26609,Striped Prinia,Prinia striata
35422,Striped Sparrow,Oriturus superciliosus
15189,Striped Treehunter,Thripadectes holostictus
14714,Striped Woodcreeper,Xiphorhynchus obsoletus
12175,Striped Woodpecker,Dryobates lignarius
28207,Striped Wren-babbler,Kenopia striata
19319,Strong-billed Honeyeater,Melithreptus validirostris
14673,Strong-billed Woodcreeper,Xiphocolaptes promeropirhynchus
16353,Stub-tailed Antbird,Sipia berlepschi
17573,Stub-tailed Spadebill,Platyrinchus cancrominus
1643,Stubble Quail,Coturnix pectoralis
30105,Stuhlmann's Starling,Poeoptera stuhlmanni
24980,Styan's Bulbul,Pycnonotus taivanus
9450,Stygian Owl,Asio stygius
23341,Subalpine Robin,Petroica bivittata
7614,Subantarctic Shearwater,Puffinus elegans
25931,Subdesert Brush-warbler,Nesillas lantzii
26336,Subdesert Jery,
4357,Subdesert Mesite,Monias benschi
35851,Subtropical Cacique,Cacicus uropygialis
17115,Subtropical Doradito,Pseudocolopteryx acutipennis
9235,Subtropical Pygmy-owl,Glaucidium parkeri
16673,Sucre Antpitta,Grallaricula cumanensis
32966,Sudan Golden Sparrow,Passer luteus
17024,Suiriri Flycatcher,Suiriri suiriri
20822,Sula Cicadabird,Edolisoma sula
4773,Sula Cuckoo-Dove,Turacoena sulaensis
10684,Sula Dwarf-kingfisher,Ceyx wallacii
5313,Sula Fruit-dove,Ptilinopus mangoliensis
24807,Sula Golden Bulbul,Hypsipetes longirostris
14176,Sula Hanging-parrot,Loriculus sclateri
31277,Sula Jungle-flycatcher,Cyornis colonus
14349,Sula Pitta,Erythropitta dohertyi
9368,Sula Scops-owl,Otus sulaensis
596,Sula Scrubfowl,Megapodius bernsteinii
28159,Sulawesi Babbler,Pellorneum celebense
31252,Sulawesi Blue Flycatcher,Cyornis omissus
31079,Sulawesi Brown-flycatcher,Muscicapa sodhii
4262,Sulawesi Brush Cuckoo,Cacomantis virescens
20811,Sulawesi Cicadabird,Edolisoma morio
23034,Sulawesi Crow,Corvus celebensis
4330,Sulawesi Cuckoo,Cuculus crassirostris
21804,Sulawesi Drongo,Dicrurus montanus
10673,Sulawesi Dwarf-kingfisher,Ceyx fallax
8406,Sulawesi Goshawk,Lophospiza griseiceps
26159,Sulawesi Grasshopper-warbler,Locustella castanea
5066,Sulawesi Ground Dove,Gallicolumba tristigmata
14170,Sulawesi Hanging-parrot,Loriculus stigmatus
8325,Sulawesi Hawk-eagle,Nisaetus lanceolatus
8217,Sulawesi Honey-buzzard,Pernis celebensis
10210,Sulawesi Hornbill,Rhabdotorrhinus exarhatus
25886,Sulawesi Leaf-warbler,Phylloscopus nesophilus
10349,Sulawesi Lilac Kingfisher,Cittura cyanotis
8888,Sulawesi Masked-owl,Tyto rosenbergii
29893,Sulawesi Myna,Basilornis celebensis
19097,Sulawesi Myzomela,Myzomela chloroptera
2060,Sulawesi Nightjar,Caprimulgus celebensis
14351,Sulawesi Pitta,Erythropitta celebensis
11946,Sulawesi Pygmy Woodpecker,Yungipicus temminckii
9371,Sulawesi Scops-owl,Otus manadensis
8260,Sulawesi Serpent-eagle,Spilornis rufipectus
30658,Sulawesi Thrush,Turdus turdoides
6712,Sulawesi Woodcock,Scolopax celebensis
24736,Sulphur-bellied Bulbul,Iole palawanensis
18030,Sulphur-bellied Flycatcher,Myiodynastes luteiventris
17045,Sulphur-bellied Tyrannulet,Mecocerculus minor
18331,Sulphur-bellied Tyrant-manakin,Neopelma sulphureiventer
25698,Sulphur-bellied Warbler,Phylloscopus griseolus
21040,Sulphur-bellied Whistler,Pachycephala sulfuriventer
29530,Sulphur-billed Nuthatch,Sitta oenochlamys
19146,Sulphur-breasted Myzomela,Myzomela jugularis
13511,Sulphur-breasted Parakeet,Aratinga maculata
25834,Sulphur-breasted Warbler,Phylloscopus ricketti
13089,Sulphur-crested Cockatoo,Cacatua galerita
18660,Sulphur-rumped Flycatcher,Myiobius sulphureipygius
36808,Sulphur-rumped Tanager,Heterospingus rubrifrons
37449,Sulphur-throated Finch,Sicalis taczanowskii
15437,Sulphur-throated Spinetail,Limnoctites sulphuriferus
13456,Sulphur-winged Parakeet,Pyrrhura hoffmanni
18047,Sulphury Flycatcher,Tyrannopsis sulphurea
23571,Sultan Tit,Melanochlora sultanea
4710,Sultan's Cuckoo-Dove,Macropygia doreya
5086,Sulu Bleeding-heart,Gallicolumba menagei
9032,Sulu Boobook,Ninox reyi
24820,Sulu Bulbul,
20678,Sulu Cuckooshrike,Coracina guillemardi
10174,Sulu Hornbill,Anthracoceros montani
31217,Sulu Jungle-flycatcher,Cyornis ocularis
11977,Sulu Pygmy Woodpecker,Yungipicus ramsayi
13671,Sulu Racquet-tail,Prioniturus verticalis
28146,Sumatran Babbler,Pellorneum buettikoferi
31471,Sumatran Blue Robin,Myiomela sumatrana
24772,Sumatran Bulbul,Ixos sumatranus
30218,Sumatran Cochoa,Cochoa beccarii
21802,Sumatran Drongo,Dicrurus sumatranus
32250,Sumatran Flowerpecker,Dicaeum beccarii
2198,Sumatran Frogmouth,Batrachostomus poliolophus
5261,Sumatran Green-pigeon,Treron oxyurus
3999,Sumatran Ground-cuckoo,Carpococcyx viridis
28663,Sumatran Laughingthrush,Garrulax bicolor
32064,Sumatran Leafbird,Chloropsis media
28488,Sumatran Mesia,
1051,Sumatran Partridge,Arborophila sumatrana
31566,Sumatran Shortwing,Brachypteryx saturata
22939,Sumatran Treepie,Dendrocitta occipitalis
9870,Sumatran Trogon,Apalharpactes mackloti
25823,Sumatran Warbler,
31514,Sumatran Whistling-thrush,Myophonus castaneus
12684,Sumatran Woodpecker,
28272,Sumatran Wren-babbler,Napothera albostriata
8978,Sumba Boobook,Ninox rudolfi
31070,Sumba Brown Flycatcher,Muscicapa segregata
6331,Sumba Buttonquail,Turnix everetti
20756,Sumba Cicadabird,Edolisoma dohertyi
13684,Sumba Eclectus,Eclectus cornelia
32260,Sumba Flowerpecker,Dicaeum wilhelminae
31673,Sumba Flycatcher,Ficedula harterti
5213,Sumba Green-pigeon,Treron teysmannii
10202,Sumba Hornbill,Rhyticeros everetti
19087,Sumba Myzomela,Myzomela dammermani
31174,Sumba Warbling-flycatcher,Eumyias stresemanni
28944,Sumichrast's Wren,Hylorchilus sumichrasti
36554,Summer Tanager,Piranga rubra
24309,Sun Lark,Galerida modesta
13510,Sun Parakeet,Aratinga solstitialis
7273,Sunbittern,Eurypyga helias
31473,Sunda Blue Robin,Myiomela diana
4622,Sunda Collared-dove,Streptopelia bitorquata
4342,Sunda Cuckoo,Cuculus lepidus
20699,Sunda Cuckooshrike,Coracina larvata
31506,Sunda Forktail,Enicurus velatus
2209,Sunda Frogmouth,Batrachostomus cornutus
26182,Sunda Grasshopper-warbler,Locustella montis
28655,Sunda Laughingthrush,Garrulax palliatus
20547,Sunda Minivet,Pericrocotus miniatus
9072,Sunda Owlet,Taenioptynx sylvaticus
21960,Sunda Pied Fantail,Rhipidura javanica
11980,Sunda Pygmy Woodpecker,Yungipicus moluccensis
27938,Sunda Scimitar-babbler,Pomatorhinus bornensis
9411,Sunda Scops-owl,Otus lempiji
459,Sunda Teal,Anas gibberifrons
30360,Sunda Thrush,Zoothera andromedae
30586,Sundaic Island Thrush,Turdus javanicus
5622,Sungrebe,Heliornis fulica
18816,Superb Fairywren,Malurus cyaneus
18687,Superb Lyrebird,Menura novaehollandiae
13630,Superb Parrot,Polytelis swainsonii
14449,Superb Pitta,Pitta superba
30058,Superb Starling,Lamprotornis superbus
32594,Superb Sunbird,Cinnyris superbus
37368,Superciliaried Hemispingus,Thlypopsis superciliaris
29135,Superciliated Wren,Cantorchilus superciliaris
22099,Supertramp Fantail,Rhipidura semicollaris
15063,Surf Cinclodes,Cinclodes taczanowskii
513,Surf Scoter,Melanitta perspicillata
6807,Surfbird,Calidris virgata
32896,Swahili Sparrow,Passer suahelicus
18129,Swainson's Flycatcher,Myiarchus swainsoni
8801,Swainson's Hawk,Buteo swainsoni
32894,Swainson's Sparrow,Passer swainsonii
1775,Swainson's Spurfowl,Pternistis swainsonii
30298,Swainson's Thrush,
36141,Swainson's Warbler,Limnothlypis swainsonii
17622,Swallow Flycatcher,
36837,Swallow Tanager,Tersina viridis
10857,Swallow-tailed Bee-eater,Merops hirundineus
18271,Swallow-tailed Cotinga,Phibalura flavirostris
7078,Swallow-tailed Gull,Creagrus furcatus
3529,Swallow-tailed Hummingbird,Eupetomena macroura
8222,Swallow-tailed Kite,Elanoides forficatus
1915,Swallow-tailed Nightjar,Uropsalis segmentata
11093,Swallow-winged Puffbird,Chelidoptera tenebrosa
20259,Swamp Boubou,Laniarius bicolor
31111,Swamp Flycatcher,Muscicapa aquatica
1505,Swamp Francolin,Ortygornis gularis
28169,Swamp Grass-babbler,Laticilla cinerascens
8632,Swamp Harrier,Circus approximans
2084,Swamp Nightjar,Caprimulgus natalensis
24550,Swamp Palm Bulbul,Thescelocichla leucopleura
35522,Swamp Sparrow,Melospiza georgiana
278,Swan Goose,Anser cygnoides
33534,Swee Waxbill,Coccopygia melanotis
1723,Swierstra's Spurfowl,Pternistis swierstrai
13886,Swift Parrot,Lathamus discolor
1375,Swinhoe's Pheasant,Lophura swinhoii
5991,Swinhoe's Rail,Coturnicops exquisitus
6736,Swinhoe's Snipe,Gallinago megala
7421,Swinhoe's Storm-petrel,Hydrobates monorhis
27427,Swinhoe's White-eye,Zosterops simplex
3155,Sword-billed Hummingbird,Ensifera ensifera
31295,Swynnerton's Robin,Swynnertonia swynnertoni
24308,Sykes's Lark,Galerida deva
2025,Sykes's Nightjar,Caprimulgus mahrattensis
26084,Sykes's Warbler,Iduna rama
34715,Syrian Serin,Serinus syriacus
12271,Syrian Woodpecker,Dendrocopos syriacus
14378,Tabar Pitta,
21846,Tablas Drongo,Dicrurus menagei
21938,Tablas Fantail,Rhipidura sauli
26526,Tabora Cisticola,Cisticola angusticauda
35118,Tacarcuna Chlorospingus,Chlorospingus tacarcunae
16809,Tacarcuna Tapaculo,Scytalopus panamensis
36455,Tacarcuna Warbler,Basileuterus tacarcunae
958,Tacarcuna Wood-quail,Odontophorus dialeucos
32475,Tacazze Sunbird,Nectarinia tacazze
16523,Tachira Antpitta,Grallaria chthonia
35687,Taczanowski's Brushfinch,Atlapetes taczanowskii
17794,Taczanowski's Ground-tyrant,Muscisaxicola griseus
161,Taczanowski's Tinamou,Nothoprocta taczanowskii
20475,Tagula Butcherbird,Cracticus louisiadensis
19394,Tagula Honeyeater,Meliphaga vicina
23171,Tagula Manucode,
21275,Tagula Shrike-thrush,Colluricincla discolor
27589,Tagula White-eye,Zosterops meeki
10569,Tahiti Kingfisher,Todiramphus veneratus
22272,Tahiti Monarch,Pomarea nigra
7541,Tahiti Petrel,Pseudobulweria rostrata
5874,Tahiti Rail,Gallirallus pacificus
26003,Tahiti Reed-warbler,Acrocephalus caffer
6792,Tahiti Sandpiper,Prosobonia leucoptera
25247,Tahiti Swallow,Hirundo tahitica
279,Taiga Bean Goose,Anser fabalis
26786,Taita Apalis,Apalis fuscigularis
13009,Taita Falcon,Falco fasciinucha
22543,Taita Fiscal,Lanius dorsalis
30507,Taita Thrush,Turdus helleri
27519,Taita White-eye,Zosterops silvanus
1478,Taiwan Bamboo-partridge,Bambusicola sonorivox
11344,Taiwan Barbet,Psilopogon nuchalis
28431,Taiwan Barwing,Actinodura morrisoniana
22897,Taiwan Blue Magpie,Urocissa caerulea
34234,Taiwan Bullfinch,Pyrrhula owstoni
31696,Taiwan Bush Robin,Tarsiger formosanus
25365,Taiwan Cupwing,Pnoepyga formosana
27221,Taiwan Fulvetta,Fulvetta formosana
26176,Taiwan Grasshopper-warbler,Locustella alishanensis
5282,Taiwan Green-pigeon,Treron formosae
28639,Taiwan Hwamei,Garrulax taewanus
28505,Taiwan Liocichla,Liocichla steerii
1037,Taiwan Partridge,Arborophila crudigularis
34342,Taiwan Rosefinch,Carpodacus formosanus
27913,Taiwan Scimitar-babbler,Pomatorhinus musicus
31546,Taiwan Shortwing,Brachypteryx goodfellowi
30547,Taiwan Thrush,Turdus niveiceps
31512,Taiwan Whistling-thrush,Myophonus insularis
27325,Taiwan Yuhina,Yuhina brunneiceps
3221,Talamanca Hummingbird,Eugenes spectabilis
6126,Talaud Bush-hen,Amaurornis magnirostris
10534,Talaud Kingfisher,Todiramphus enigma
14347,Talaud Pitta,
6093,Talaud Rail,Gymnocrex talaudensis
22082,Taliabu Fantail,Rhipidura sulaensis
26164,Taliabu Grasshopper-warbler,Locustella portenta
8870,Taliabu Masked-owl,Tyto nigrobrunnea
19096,Taliabu Myzomela,Myzomela wahe
37438,Tamarugo Conebill,Conirostrum tamarugense
23071,Tamaulipas Crow,Corvus imparatus
9230,Tamaulipas Pygmy-owl,Glaucidium sanchezi
4785,Tambourine Dove,Turtur tympanistria
1049,Tan-breasted Partridge,Arborophila rolli
18702,Tan-capped Catbird,Ailuroedus geislerorum
26417,Tana River Cisticola,Cisticola restrictus
35060,Tanager Finch,Oreothraupis arremonops
31256,Tanahjampea Blue Flycatcher,
9051,Tanimbar Boobook,Ninox forbesi
25501,Tanimbar Bush-warbler,Horornis carolinae
13061,Tanimbar Corella,Cacatua goffiniana
4729,Tanimbar Cuckoo-Dove,Macropygia timorlaoensis
13686,Tanimbar Eclectus,Eclectus riedeli
31660,Tanimbar Flycatcher,Ficedula riedeli
23386,Tanimbar Flyrobin,Microeca hemixantha
19173,Tanimbar Friarbird,Philemon plumigenis
22413,Tanimbar Monarch,Carterornis castus
21657,Tanimbar Oriole,Oriolus decipiens
598,Tanimbar Scrubfowl,Megapodius tenimberensis
29807,Tanimbar Starling,Aplonis crassa
20885,Tanimbar Triller,Lalage moesta
5340,Tanna Fruit-dove,Ptilinopus tannensis
5100,Tanna Ground Dove,Pampusana ferruginea
33098,Tanzanian Masked Weaver,Ploceus reichardi
10074,Tanzanian Red-billed Hornbill,Tockus ruahae
16644,Tapajos Antpitta,Myrmothera subcanescens
16402,Tapajos Fire-eye,Pyriglena similis
2709,Tapajos Hermit,Phaethornis aethopygus
16201,Tapajos Scale-backed Antbird,
14833,Tapajos Scythebill,Campylorhamphus probatus
27190,Tarim Hill-warbler,Rhopophilus albosuperciliaris
30627,Tasman Sea Island Thrush,Turdus poliocephalus
29828,Tasman Starling,Aplonis fusca
8996,Tasmanian Boobook,Ninox leucopsis
5890,Tasmanian Native-hen,Tribonyx mortierii
19621,Tasmanian Scrubwren,Sericornis humilis
19724,Tasmanian Thornbill,Acanthiza ewingii
16816,Tatamá Tapaculo,Scytalopus alvarezlopezi
150,Tataupa Tinamou,Crypturellus tataupa
33068,Taveta Golden Weaver,Ploceus castaneiceps
22141,Taveuni Silktail,Lamprolia victoriae
22059,Taveuni Streaked Fantail,
5151,Tawitawi Brown-dove,Phapitreron cinereiceps
16592,Tawny Antpitta,Grallaria quitensis
8369,Tawny Eagle,Aquila rapax
9556,Tawny Fish-owl,Ketupa flavipes
2175,Tawny Frogmouth,Podargus strigoides
26225,Tawny Grassbird,Cincloramphus timoriensis
9727,Tawny Owl,Strix aluco
34008,Tawny Pipit,Anthus campestris
18988,Tawny Straightbill,Timeliopsis griseigula
15269,Tawny Tit-spinetail,Sylviorthorhynchus yanacensis
22076,Tawny-backed Fantail,Rhipidura superflua
27753,Tawny-bellied Babbler,Dumetia hyperythra
2758,Tawny-bellied Hermit,Phaethornis syrmatophorus
9678,Tawny-bellied Screech-owl,Megascops watsonii
37302,Tawny-bellied Seedeater,Sporophila hypoxantha
26903,Tawny-breasted Camaroptera,
18655,Tawny-breasted Flycatcher,Myiobius villosus
19222,Tawny-breasted Honeyeater,Xanthotis flaviventer
33489,Tawny-breasted Parrotfinch,Erythrura hyperythra
69,Tawny-breasted Tinamou,Nothocercus julius
27868,Tawny-breasted Wren-babbler,Spelaeornis longicaudatus
9694,Tawny-browed Owl,Pulsatrix koeniswaldiana
34861,Tawny-capped Euphonia,Euphonia anneae
17632,Tawny-chested Flycatcher,Aphanotriccus capitalis
1974,Tawny-collared Nightjar,Antrostomus salvini
37151,Tawny-crested Tanager,Tachyphonus delatrii
21423,Tawny-crowned Greenlet,Tunchiornis ochraceiceps
19005,Tawny-crowned Honeyeater,Gliciphila melanops
17131,Tawny-crowned Pygmy-tyrant,Euscarthmus meloryphus
29418,Tawny-faced Gnatwren,Microbates cinereiventris
995,Tawny-faced Quail,Rhynchortyx cinctus
26685,Tawny-flanked Prinia,Prinia subflava
17134,Tawny-fronted Pygmy-tyrant,Euscarthmus fulviceps
25199,Tawny-headed Swallow,Alopochelidon fucata
16893,Tawny-rumped Tyrannulet,Tyranniscus uropygialis
35975,Tawny-shouldered Blackbird,Agelaius humeralis
6458,Tawny-throated Dotterel,Oreopholus ruficollis
11239,Tawny-tufted Toucanet,Selenidera nattereri
14583,Tawny-winged Woodcreeper,Dendrocincla anabatina
32687,Tboli Sunbird,Aethopyga tibolii
27368,Teardrop White-eye,Rukia ruki
28148,Temminck's Babbler,Pellorneum pyrrogenys
6871,Temminck's Courser,Cursorius temminckii
24420,Temminck's Lark,Eremophila bilopha
37269,Temminck's Seedeater,Sporophila falcirostris
6815,Temminck's Stint,Calidris temminckii
32765,Temminck's Sunbird,Aethopyga temminckii
1082,Temminck's Tragopan,Tragopan temminckii
21174,Temotu Whisler,Pachycephala vanikorensis
34176,Tenerife Blue Chaffinch,Fringilla teydea
29928,Tenggara Hill Myna,Gracula venerata
2307,Tenggara Swiftlet,Collocalia sumbawae
36149,Tennessee Warbler,Leiothlypis peregrina
16633,Tepui Antpitta,Myrmothera simplex
35657,Tepui Brushfinch,Atlapetes personatus
16986,Tepui Elaenia,Elaenia olivina
2835,Tepui Goldenthroat,Polytmus milleri
1905,Tepui Nightjar,
13171,Tepui Parrotlet,Nannopsittaca panychlora
15476,Tepui Spinetail,Cranioleuca demissa
2274,Tepui Swift,Streptoprocne phelpsi
92,Tepui Tinamou,Crypturellus ptaritepui
11279,Tepui Toucanet,Aulacorhynchus whitelianus
21496,Tepui Vireo,Vireo sclateri
36518,Tepui Whitestart,Myioborus castaneocapilla
29283,Tepui Wren,Troglodytes rufulus
6763,Terek Sandpiper,Xenus cinereus
24650,Terrestrial Brownbul,Phyllastrephus terrestris
31007,Tessmann's Flycatcher,Fraseria tessmanni
29967,Thai Pied Starling,Gracupica floweri
26314,Thamnornis,Thamnornis chloropetoides
24320,Thekla's Lark,Galerida theklae
19903,Thick-billed Berrypecker,Melanocharis crassirostris
4149,Thick-billed Cuckoo,Pachycoccyx audeberti
34847,Thick-billed Euphonia,Euphonia laniirostris
32100,Thick-billed Flowerpecker,Pachyglossa agilis
35336,Thick-billed Fox-sparrow,
18895,Thick-billed Grasswren,Amytornis modestus
5193,Thick-billed Green-pigeon,Treron curvirostra
5101,Thick-billed Ground Dove,Pampusana salamonis
4841,Thick-billed Ground-pigeon,Trugon terrestris
18065,Thick-billed Kingbird,Tyrannus crassirostris
24007,Thick-billed Lark,Ramphocoris clotbey
34885,Thick-billed Longspur,Rhynchophanes mccownii
14513,Thick-billed Miner,Geositta crassirostris
7250,Thick-billed Murre,Uria lomvia
13473,Thick-billed Parrot,Rhynchopsitta pachyrhyncha
23147,Thick-billed Raven,Corvus crassirostris
36949,Thick-billed Saltator,Saltator maxillosus
37244,Thick-billed Seed-finch,Sporophila funerea
34607,Thick-billed Seedeater,Crithagra burtoni
34778,Thick-billed Siskin,Spinus crassirostris
32792,Thick-billed Spiderhunter,Arachnothera crassirostris
21579,Thick-billed Vireo,Vireo crassirostris
26072,Thick-billed Warbler,Arundinax aedon
33007,Thick-billed Weaver,Amblyospiza albifrons
27395,Thick-billed White-eye,Heleia crassirostris
16629,Thicket Antpitta,Myrmothera dives
31678,Thicket Flycatcher,Ficedula luzoniensis
131,Thicket Tinamou,Crypturellus cinnamomeus
15261,Thorn-tailed Rayadito,Aphrastura spinicauda
6863,Three-banded Courser,Rhinoptilus cinctus
34362,Three-banded Rosefinch,Carpodacus trifasciatus
36457,Three-banded Warbler,Basileuterus trifasciatus
20168,Three-streaked Tchagra,Tchagra jamesi
18017,Three-striped Flycatcher,Conopias trivirgatus
37404,Three-striped Hemispingus,Microspingus trifasciatus
36464,Three-striped Warbler,Basileuterus tristriatus
10942,Three-toed Jacamar,Jacamaralcyon tridactyla
27239,Three-toed Parrotbill,Paradoxornis paradoxus
12000,Three-toed Woodpecker,Picoides tridactylus
18307,Three-wattled Bellbird,Procnias tricarunculatus
31445,Thrush Nightingale,Luscinia luscinia
16638,Thrush-like Antpitta,Myrmothera campanisona
28914,Thrush-like Wren,Campylorhynchus turdinus
31349,Thyolo Alethe,Chamaetylas choloensis
28758,Tibetan Babax,Pterorhinus koslowi
30638,Tibetan Blackbird,Turdus maximus
35020,Tibetan Bunting,Emberiza koslowi
1362,Tibetan Eared-pheasant,Crossoptilon harmani
24466,Tibetan Lark,Melanocorypha maxima
1281,Tibetan Partridge,Perdix hodgsoniae
34350,Tibetan Rosefinch,Carpodacus roborowskii
4358,Tibetan Sandgrouse,Syrrhaptes tibetanus
6550,Tibetan Sandplover,Anarhynchus atrifrons
34730,Tibetan Siskin,Spinus thibetanus
1570,Tibetan Snowcock,Tetraogallus tibetanus
32836,Tibetan Snowfinch,Montifringilla henrici
31230,Tickell's Blue Flycatcher,Cyornis tickelliae
10181,Tickell's Brown Hornbill,Anorrhinus tickelli
25699,Tickell's Leaf-warbler,Phylloscopus affinis
30556,Tickell's Thrush,Turdus unicolor
17117,Ticking Doradito,Pseudocolopteryx citreola
22616,Tiger Shrike,Lanius tigrinus
29290,Timberline Wren,Thryorchilus browni
13102,Timneh Parrot,Psittacus timneh
8992,Timor Boobook,Ninox fusca
20759,Timor Cicadabird,Edolisoma timoriense
4727,Timor Cuckoo-Dove,Macropygia magna
21975,Timor Fantail,Rhipidura rufiventris
21607,Timor Figbird,Sphecotheres viridis
32262,Timor Flowerpecker,Dicaeum hanieli
19166,Timor Friarbird,Philemon inornatus
5217,Timor Green-pigeon,Treron psittaceus
5585,Timor Imperial-pigeon,Ducula cineracea
25881,Timor Leaf-warbler,Phylloscopus presbytes
2054,Timor Nightjar,Caprimulgus ritae
21653,Timor Oriole,Oriolus melanotis
33374,Timor Sparrow,Padda fuscata
25561,Timor Stubtail,Urosphena subulata
31169,Timor Warbling-flycatcher,Eumyias hyacinthinus
21072,Timor Whistler,Pachycephala calliope
33339,Timor Zebra Finch,Taeniopygia guttata
22407,Tinian Monarch,Monarcha takatsukasae
26418,Tinkling Cisticola,Cisticola rufilatus
26500,Tiny Cisticola,Cisticola nana
8639,Tiny Hawk,Microspizias superciliosus
32503,Tiny Sunbird,Cinnyris minullus
18329,Tiny Tyrant-manakin,Tyranneutes virescens
19928,Tit Berrypecker,Oreocharis arfaki
25592,Tit-hylia,Pholidornis rushiae
37533,Tit-like Dacnis,Xenodacnis parina
6227,Titicaca Grebe,Rollandia microptera
21417,Tobago Greenlet,
11156,Toco Toucan,Ramphastos toco
35202,Tocuyo Sparrow,Arremonops tocuyensis
15906,Todd's Antwren,Herpsilochmus stictocephalus
1892,Todd's Nightjar,Setopagis heterura
18103,Todd's Sirystes,Sirystes subcanescens
10781,Tody Motmot,Hylomanes momotula
9042,Togian Boobook,Ninox burhani
24803,Togian Golden Bulbul,Hypsipetes aureus
27578,Togian White-eye,Zosterops somadikartai
33811,Togo Paradise-whydah,Vidua togoensis
11402,Togo Yellow-billed Barbet,
3429,Tolima Blossomcrown,Anthocephala berlepschi
5001,Tolima Dove,Leptotila conoveri
5350,Tongan Fruit-dove,Ptilinopus porphyraceus
580,Tongan Scrubfowl,Megapodius pritchardii
21176,Tongan Whistler,Pachycephala jacquinoti
1444,Tonkin Partridge,
18723,Tooth-billed Bowerbird,Scenopoeetes dentirostris
2823,Tooth-billed Hummingbird,Androdon aequatorialis
5135,Tooth-billed Pigeon,Didunculus strigirostris
36535,Tooth-billed Tanager,
28922,Tooth-billed Wren,Odontorchilus cinereus
5598,Topknot Pigeon,Lopholaimus antarcticus
24687,Toro Olive Greenbul,Phyllastrephus hypochloris
9296,Torotorka Scops-Owl,
315,Torrent Duck,Merganetta armata
23382,Torrent Flyrobin,Monachella muelleriana
17074,Torrent Tyrannulet,Serpophaga cinerea
22444,Torrent-lark,Grallina bruijnii
23109,Torresian Crow,Corvus orru
5593,Torresian Imperial-pigeon,Ducula spilorrhoa
10492,Torresian Kingfisher,Todiramphus sordidus
11153,Toucan Barbet,Semnornis ramphastinus
2879,Tourmaline Sunangel,Heliangelus exortis
7582,Townsend's Shearwater,Puffinus auricularis
30183,Townsend's Solitaire,Myadestes townsendi
7427,Townsend's Storm-petrel,Hydrobates socorroensis
36342,Townsend's Warbler,Setophaga townsendi
31851,Tractrac Chat,Emarginata tractrac
22802,Transvolcanic Jay,Aphelocoma ultramarina
25340,Tree Martin,Petrochelidon nigricans
34067,Tree Pipit,Anthus trivialis
25132,Tree Swallow,Tachycineta bicolor
36637,Tres Marias Chat,
3353,Tres Marias Hummingbird,Cynanthus lawrencei
35978,Tricolored Blackbird,Agelaius tricolor
6199,Tricolored Grebe,
7959,Tricolored Heron,Egretta tricolor
33423,Tricoloured Munia,Lonchura malacca
33509,Tricoloured Parrotfinch,Erythrura tricolor
26361,Trilling Cisticola,Cisticola woosnami
16778,Trilling Tapaculo,Scytalopus parvirostris
7511,Trindade Petrel,Pterodroma arminjoniana
34824,Trinidad Euphonia,Euphonia trinitatis
10806,Trinidad Motmot,Momotus bahamensis
717,Trinidad Piping-guan,Pipile pipile
7380,Tristan Albatross,Diomedea dabbenena
5914,Tristan Moorhen,Gallinula nesiotis
30745,Tristan Thrush,Turdus eremita
34987,Tristram's Bunting,Emberiza tristrami
30096,Tristram's Starling,Onychognathus tristramii
7442,Tristram's Storm-petrel,Hydrobates tristrami
27129,Tristram's Warbler,Curruca deserticola
37275,Tropeiro Seedeater,Sporophila beltoni
20243,Tropical Boubou,Laniarius major
29443,Tropical Gnatcatcher,Polioptila plumbea
18056,Tropical Kingbird,Tyrannus melancholicus
29689,Tropical Mockingbird,Mimus gilvus
36228,Tropical Parula,Setophaga pitiayumi
9598,Tropical Screech-owl,Megascops choliba
19642,Tropical Scrubwren,Sericornis beccarii
7596,Tropical Shearwater,Puffinus bailloni
23181,Trumpet Manucode,Phonygammus keraudrenii
34258,Trumpeter Finch,Bucanetes githagineus
10130,Trumpeter Hornbill,Bycanistes bucinator
301,Trumpeter Swan,Cygnus buccinator
32575,Tsavo Sunbird,Cinnyris tsavoensis
16798,Tschudi's Tapaculo,Scytalopus acutirostris
14735,Tschudi's Woodcreeper,
5626,Tsingy Forest Rail,Mentocrex beankaensis
10573,Tuamotu Kingfisher,Todiramphus gambieri
26015,Tuamotu Reed-warbler,Acrocephalus atyphus
6794,Tuamotu Sandpiper,Prosobonia parvirostris
13261,Tucuman Amazon,Amazona tucumana
37329,Tucuman Mountain-finch,Poospiza baeri
16127,Tufted Antshrike,Mackenziaena severa
2903,Tufted Coquette,Lophornis ornatus
496,Tufted Duck,Aythya fuligula
17656,Tufted Flycatcher,Mitrephanes phaeocercus
22756,Tufted Jay,Cyanocorax dickeyi
7212,Tufted Puffin,Fratercula cirrhata
15273,Tufted Tit-spinetail,Leptasthenura platensis
17064,Tufted Tit-tyrant,Anairetes parulus
23653,Tufted Titmouse,Baeolophus bicolor
19023,Tui,Prosthemadera novaeseelandiae
13179,Tui Parakeet,Brotogeris sanctithomae
32645,Tukangbesi Sunbird,Cinnyris infrenatus
11938,Tullberg's Woodpecker,Campethera tullbergi
3522,Tumbes Hummingbird,Thaumasius baeri
35124,Tumbes Sparrow,Rhynchospiza stolzmanni
25135,Tumbes Swallow,Tachycineta stolzmanni
17096,Tumbes Tyrannulet,Nesotriccus tumbezanus
17908,Tumbes Tyrant,Ochthoeca salvini
286,Tundra Bean Goose,Anser serrirostris
302,Tundra Swan,Cygnus columbianus
20263,Turati's Boubou,Laniarius turatii
22982,Turkestan Ground-jay,Podoces panderi
24499,Turkestan Short-toed Lark,Alaudala heinei
8117,Turkey Vulture,Cathartes aura
27043,Turner's Eremomela,Eremomela turneri
18316,Turquoise Cotinga,Cotinga ridgwayi
36877,Turquoise Dacnis,Dacnis hartlaubi
31159,Turquoise Flycatcher,Eumyias panayensis
22696,Turquoise Jay,Cyanolyca turcosa
13941,Turquoise Parrot,Neophema pulchella
37957,Turquoise Tanager,Tangara mexicana
10835,Turquoise-browed Motmot,Eumomota superciliosa
3355,Turquoise-crowned Hummingbird,Cynanthus doubledayi
13319,Turquoise-fronted Amazon,Amazona aestiva
11350,Turquoise-throated Barbet,Psilopogon chersonesus
3068,Turquoise-throated Puffleg,Eriocnemis godini
13347,Turquoise-winged Parrotlet,Forpus spengeli
5002,Tuxtla Quail-Dove,Zentrygon carrikeri
23280,Twelve-wired Bird-of-paradise,Seleucidis melanoleucus
34621,Twite,Linaria flavirostris
6578,Two-banded Plover,Anarhynchus falklandicus
11030,Two-banded Puffbird,Hypnelus bicinctus
36380,Two-banded Warbler,Myiothlypis bivittata
34679,Two-barred Crossbill,Loxia leucoptera
25791,Two-barred Warbler,Phylloscopus plumbeitarsus
20321,Tylas Vanga,Tylas eduardi
14566,Tyrannine Woodcreeper,Dendrocincla tyrannina
3018,Tyrian Metaltail,Metallura tyrianthina
25693,Tytler's Leaf-warbler,Phylloscopus tytleri
22279,Ua Pou Monarch,Pomarea mira
1000,Udzungwa Forest-partridge,Xenoperdix udzungwensis
25771,Uganda Woodland-warbler,Phylloscopus budongoensis
22403,Ugi Monarch,
34402,Ula-ai-hawane,Ciridops anna
31631,Ultramarine Flycatcher,Ficedula superciliaris
36701,Ultramarine Grosbeak,Cyanoloxia brissonii
10474,Ultramarine Kingfisher,Todiramphus leucopygius
13984,Ultramarine Lorikeet,Vini ultramarina
20111,Uluguru Bushshrike,Malaconotus alius
24578,Uluguru Mountain Greenbul,Arizelocichla neumanni
32329,Uluguru Violet-backed Sunbird,Anthreptes neglectus
17314,Unadorned Flycatcher,Myiophobus inornatus
16492,Undulated Antpitta,Grallaria squamigera
16129,Undulated Antshrike,Frederickena unduliger
107,Undulated Tinamou,Crypturellus undulatus
15812,Unicolored Antwren,Myrmotherula unicolor
36111,Unicolored Blackbird,Agelasticus cyanopus
22805,Unicolored Jay,Aphelocoma unicolor
16796,Unicolored Tapaculo,Scytalopus unicolor
30832,Unicolored Thrush,Turdus haplochrous
16028,Uniform Antshrike,Thamnophilus unicolor
5706,Uniform Crake,Amaurolimnas concolor
37523,Uniform Finch,Haplospiza unicolor
2400,Uniform Swiftlet,Aerodramus vanikorensis
15180,Uniform Treehunter,Thripadectes ignobilis
14669,Uniform Woodcreeper,Hylexetastes uniformis
9094,Unspotted Saw-whet Owl,Aegolius ridgwayi
17070,Unstreaked Tit-tyrant,Uromyias agraphia
26099,Upcher's Warbler,Hippolais languida
16042,Upland Antshrike,Thamnophilus aroyae
8856,Upland Buzzard,Buteo hemilasius
335,Upland Goose,Chloephaga picta
34096,Upland Pipit,Anthus sylvanus
6656,Upland Sandpiper,Bartramia longicauda
13440,Upper Magdalena Parakeet,
9765,Ural Owl,Strix uralensis
16863,Urich's Tyrannulet,Phyllomyias urichi
16601,Urrao Antpitta,Grallaria urraoensis
32614,Ursula's Sunbird,Cinnyris ursulae
16586,Urubamba Antpitta,Grallaria occabambae
31410,Usambara Akalat,Sheppardia montana
32543,Usambara Double-collared Sunbird,Cinnyris usambaricus
28854,Usambara Hyliota,Hyliota usambara
30508,Usambara Thrush,Turdus roehli
33181,Usambara Weaver,Ploceus nicolli
11428,Usambiro Barbet,
31055,Ussher's Flycatcher,Artomyias ussheri
16792,Utcubamba Tapaculo,Scytalopus intermedius
21172,Utupua Whistler,Pachycephala utupuae
37085,Vampire Ground-finch,Geospiza septentrionalis
20302,Van Dam's Vanga,Xenopirostris damii
22480,Vanikoro Flycatcher,Myiagra vanikorensis
30613,Vanikoro Island Thrush,Turdus vanikorensis
22288,Vanikoro Monarch,Mayrornis schistaceus
27668,Vanikoro White-eye,Zosterops gibbsi
19002,Vanuatu Honeyeater,Gliciphila notabilis
5560,Vanuatu Imperial-pigeon,Ducula bakeri
10475,Vanuatu Kingfisher,Todiramphus farquhari
613,Vanuatu Scrubfowl,Megapodius layardi
22056,Vanuatu Streaked Fantail,Rhipidura spilodera
21147,Vanuatu Whistler,Pachycephala chlorura
27656,Vanuatu White-eye,Zosterops flavifrons
7504,Vanuatu petrel,Pterodroma occulta
16073,Variable Antshrike,Thamnophilus caerulescens
8499,Variable Goshawk,Tachyspiza hiogaster
8760,Variable Hawk,Geranoaetus polyosoma
28242,Variable Limestone-babbler,Gypsophila crispifrons
35962,Variable Oriole,Icterus pyrrhopterus
6422,Variable Oystercatcher,Haematopus unicolor
21263,Variable Shrike-thrush,Colluricincla fortis
32604,Variable Sunbird,Cinnyris venustus
31966,Variable Wheatear,Oenanthe picata
36723,Varied Bunting,Passerina versicolor
19408,Varied Honeyeater,Gavicalis versicolor
14018,Varied Lorikeet,Psitteuteles versicolor
20940,Varied Sittella,Daphoenositta chrysoptera
30208,Varied Solitaire,Myadestes coloratus
30222,Varied Thrush,Ixoreus naevius
23660,Varied Tit,Sittiparus varius
20887,Varied Triller,Lalage leucomela
16502,Variegated Antpitta,Grallaria varia
17183,Variegated Bristle-tyrant,Pogonotriccus poecilotis
18812,Variegated Fairywren,Malurus lamberti
18048,Variegated Flycatcher,Empidonomus varius
28348,Variegated Laughingthrush,Trochalopteron variegatum
145,Variegated Tinamou,Crypturellus variegatus
11717,Varzea Piculet,Picumnus varzeae
18514,Varzea Schiffornis,Schiffornis major
30831,Varzea Thrush,Turdus sanchezorum
13590,Vasa Parrot,Coracopsis vasa
2514,Vaux's Swift,Chaetura vauxi
30340,Veery,Catharus fuscescens
7158,Vega Gull,Larus vegae
37064,Vegetarian Finch,Platyspiza crassirostris
22363,Vella Lavella Monarch,Symposiachrus nigrotectus
27650,Vella Lavella White-eye,Zosterops vellalavella
14223,Velvet Asity,Philepitta castanea
22508,Velvet Flycatcher,Myiagra eichhorni
514,Velvet Scoter,Melanitta fusca
3187,Velvet-browed Brilliant,Heliodoxa xanthogonys
34823,Velvet-fronted Euphonia,Euphonia concinna
36079,Velvet-fronted Grackle,Lampropsar tanagrinus
29520,Velvet-fronted Nuthatch,Sitta frontalis
21900,Velvet-mantled Drongo,Dicrurus modestus
3166,Velvet-purple Coronet,Boissonneaua jardini
17842,Velvety Black-tyrant,Knipolegus nigerrimus
18379,Velvety Manakin,Lepidothrix velutina
17194,Venezuelan Bristle-tyrant,Pogonotriccus venezuelanus
37612,Venezuelan Flowerpiercer,Diglossa venezuelensis
18134,Venezuelan Flycatcher,Myiarchus venezuelensis
13415,Venezuelan Parakeet,
2948,Venezuelan Sylph,Aglaiocercus berlepschi
35924,Venezuelan Troupial,Icterus icterus
17159,Venezuelan Tyrannulet,Zimmerius petersi
960,Venezuelan Wood-quail,Odontophorus columbianus
21692,Ventriloquial Oriole,Oriolus consobrinus
2849,Veraguas Mango,Anthracothorax veraguensis
23941,Verdin,Auriparus flaviceps
31155,Verditer Flycatcher,Eumyias thalassinus
9577,Vermiculated Fishing-owl,Scotopelia bouvieri
9650,Vermiculated Screech-owl,
36667,Vermilion Cardinal,Cardinalis phoeniceus
17764,Vermilion Flycatcher,
37632,Vermilion Tanager,Calochaetes coccineus
14147,Vernal Hanging-parrot,Loriculus vernalis
4009,Verreaux's Coua,Coua verreauxi
8389,Verreaux's Eagle,Aquila verreauxii
9543,Verreaux's Eagle-owl,Ketupa lactea
3644,Versicolored Emerald,Chrysuronia versicolor
3304,Vervain Hummingbird,Mellisuga minima
35425,Vesper Sparrow,Pooecetes gramineus
5130,Victoria Crowned-pigeon,Goura victoria
23242,Victoria's Riflebird,Ptiloris victoriae
25446,Victorin's Warbler,Cryptillas victorini
11558,Vieillot's Barbet,Lybius vieilloti
33117,Vieillot's Black Weaver,Ploceus nigerrimus
1371,Vietnam Pheasant,Lophura edwardsi
28326,Vietnamese Cutia,Cutia legalleni
34484,Vietnamese Greenfinch,Chloris monguilloti
35721,Vilcabamba Brushfinch,Atlapetes terborghi
3111,Vilcabamba Inca,
15439,Vilcabamba Spinetail,
16772,Vilcabamba Tapaculo,Scytalopus urubambae
15395,Vilcabamba Thistletail,Asthenes vilcabambae
33778,Village Indigobird,Vidua chalybeata
33105,Village Weaver,Ploceus cucullatus
4662,Vinaceous Dove,Streptopelia vinacea
33773,Vinaceous Firefinch,
34340,Vinaceous Rosefinch,Carpodacus vinaceus
13260,Vinaceous-breasted Amazon,Amazona vinacea
29954,Vinous-breasted Myna,Acridotheres leucocephalus
8467,Vinous-breasted Sparrowhawk,Tachyspiza rhodogaster
27296,Vinous-throated Parrotbill,Suthora webbiana
3980,Violaceous Coucal,Centropus violaceus
34838,Violaceous Euphonia,Euphonia violacea
22724,Violaceous Jay,Cyanocorax violaceus
4943,Violaceous Quail-Dove,Geotrygon violacea
9964,Violaceous Trogon,Trogon violaceus
23043,Violet Crow,Corvus violaceus
4186,Violet Cuckoo,Chrysococcyx xanthorhynchus
3448,Violet Sabrewing,Campylopterus hemileucurus
3754,Violet Turaco,Tauraco violaceus
10055,Violet Woodhoopoe,Phoeniculus damarensis
28856,Violet-backed Hyliota,Hyliota violacea
30073,Violet-backed Starling,Cinnyricinclus leucogaster
3715,Violet-bellied Hummingbird,Chlorestes julie
32577,Violet-breasted Sunbird,Cinnyris chalcomelas
3500,Violet-capped Hummingbird,Goldmania violiceps
3494,Violet-capped Woodnymph,Thalurania glaucopis
3216,Violet-chested Hummingbird,Sternoclyta cyanopectus
3541,Violet-crowned Hummingbird,Ramosomyia violiceps
33677,Violet-eared Waxbill,Granatina granatina
3206,Violet-fronted Brilliant,Heliodoxa leadbeateri
25147,Violet-green Swallow,Tachycineta thalassina
3418,Violet-headed Hummingbird,Klais guimeti
14066,Violet-necked Lory,Trichoglossus squamatus
32330,Violet-tailed Sunbird,Anthreptes aurantius
2945,Violet-tailed Sylph,Aglaiocercus coelestis
3033,Violet-throated Metaltail,Metallura baroni
5762,Virginia Rail,Rallus limicola
36161,Virginia's Warbler,Leiothlypis virginiae
36884,Viridian Dacnis,Dacnis viguieri
3028,Viridian Metaltail,Metallura williami
21933,Visayan Blue Fantail,Rhipidura samarensis
24815,Visayan Bulbul,Hypsipetes guimarasensis
20673,Visayan Cuckooshrike,Coracina panayensis
21940,Visayan Fantail,Rhipidura albiventris
10226,Visayan Hornbill,Penelopides panini
26747,Visayan Miniature Babbler,Micromacronus leytensis
27345,Visayan Pygmy Babbler,Dasycrotapha pygmaea
30126,Visayan Rhabdornis,Rhabdornis rabori
9419,Visayan Scops-owl,Otus nigrorum
30923,Visayan Shama,Copsychus superciliaris
14242,Visayan Wattled Broadbill,Sarcophanops samarensis
33100,Vitelline Masked Weaver,Ploceus vitellinus
36321,Vitelline Warbler,Setophaga vitellina
18728,Vogelkop Bowerbird,Amblyornis inornata
19480,Vogelkop Melidectes,Melidectes leucostephes
2233,Vogelkop Owlet-nightjar,Aegotheles affinis
19679,Vogelkop Scrubwren,Aethomyias rufescens
21046,Vogelkop Whistler,Pachycephala meyeri
3331,Volcano Hummingbird,Selasphorus flammula
35348,Volcano Junco,Junco vulcani
2386,Volcano Swiftlet,Aerodramus vulcanorum
10088,Von der Decken's Hornbill,Tockus deckeni
810,Vulturine Guineafowl,Acryllium vulturinum
13217,Vulturine Parrot,Pyrilia vulturina
11249,Wagler's Toucanet,
8357,Wahlberg's Eagle,Hieraaetus wahlbergi
23222,Wahnes's Parotia,Parotia wahnesi
563,Waigeo Brushturkey,Aepypodius bruijnii
21630,Waigeo Pitohui,Pitohui cerviniventris
21269,Waigeo Shrike-thrush,Colluricincla affinis
26429,Wailing Cisticola,Cisticola lais
27568,Wakatobi White-eye,Zosterops flavissimus
5875,Wake Island Rail,Gallirallus wakensis
19104,Wakolo Myzomela,Myzomela wakoloensis
18793,Wallace's Fairywren,Sipodotus wallacii
5342,Wallace's Fruit-dove,Ptilinopus wallacii
8315,Wallace's Hawk-eagle,Nisaetus nanus
2217,Wallace's Owlet-nightjar,Aegotheles wallacii
9426,Wallace's Scops-owl,Otus silvicola
20640,Wallacean Cuckooshrike,Coracina personata
21860,Wallacean Drongo,Dicrurus densus
30579,Wallacean Island Thrush,Turdus schlegelii
21223,Wallacean Whistler,Pachycephala arctitorquis
29616,Wallcreeper,Tichodroma muraria
30090,Waller's Starling,Onychognathus walleri
6771,Wandering Tattler,Tringa incana
236,Wandering Whistling-duck,Dendrocygna arcuata
27728,Wangi-Wangi White-eye,Zosterops paruhbesar
17116,Warbling Doradito,Pseudocolopteryx flaviventris
21498,Warbling Vireo,Vireo gilvus
20334,Ward's Flycatcher,Pseudobias wardi
9910,Ward's Trogon,Harpactes wardi
34640,Warsangli Linnet,Linaria johannis
34087,Water Pipit,Anthus spinoletta
6366,Water Thick-knee,Burhinus vermiculatus
6115,Watercock,Gallicrex cinerea
2294,Waterfall Swift,Hydrochous gigas
16539,Watkins's Antpitta,Grallaria watkinsi
560,Wattled Brushturkey,Aepypodius arfakianus
6173,Wattled Crane,Bugeranus carunculatus
760,Wattled Curassow,Crax globulosa
728,Wattled Guan,Aburria aburri
7842,Wattled Ibis,Bostrychia carunculata
6624,Wattled Jacana,Jacana jacana
6517,Wattled Lapwing,Vanellus senegallus
20962,Wattled Ploughbill,Eulacestoma nigropectus
30005,Wattled Starling,Creatophora cinerea
7387,Waved Albatross,Phoebastria irrorata
12466,Waved Woodpecker,Celeus undatus
13427,Wavy-breasted Parakeet,
28704,Wayanad Laughingthrush,Pterorhinus delesserti
14603,Wedge-billed Woodcreeper,Glyphorynchus spirurus
7436,Wedge-rumped Storm-petrel,Hydrobates tethys
8391,Wedge-tailed Eagle,Aquila audax
36763,Wedge-tailed Grass-finch,Emberizoides herbicola
5265,Wedge-tailed Green-pigeon,Treron sphenurus
2968,Wedge-tailed Hillstar,Oreotrochilus adela
3411,Wedge-tailed Sabrewing,
7562,Wedge-tailed Shearwater,Ardenna pacifica
26313,Wedge-tailed Tetraka,Hartertula flavoviridis
19592,Weebill,Smicrornis brevirostris
5816,Weka,Gallirallus australis
25251,Welcome Swallow,Hirundo neoxena
20057,West African Batis,Batis occulta
7066,West African Crested Tern,Thalasseus albididorsalis
10108,West African Pied Hornbill,Lophoceros semifasciatus
34595,West African Seedeater,Crithagra canicapilla
20062,West African Wattle-eye,Dyaphorophyia hormophora
233,West Indian Whistling-duck,Dendrocygna arborea
11863,West Indian Woodpecker,Melanerpes superciliaris
646,West Mexican Chachalaca,Ortalis poliocephala
34825,West Mexican Euphonia,Euphonia godmani
5060,West Peruvian Dove,Zenaida meloda
9152,West Solomons Owl,Athene jacquinoti
8294,Western Banded Snake-eagle,Circaetus cinerascens
14624,Western Barred Woodcreeper,Dendrocolaptes sanctithomae
24595,Western Bearded Greenbul,Criniger barbatus
31923,Western Black-eared Wheatear,Oenanthe hispanica
20050,Western Black-headed Batis,Batis erlangeri
21709,Western Black-headed Oriole,Oriolus brachyrynchus
18499,Western Black-tailed Tityra,Tityra cayana
33693,Western Bluebill,Spermophaga haematina
30138,Western Bluebird,Sialia mexicana
25667,Western Bonelli's Warbler,Phylloscopus bonelli
18752,Western Bowerbird,Chlamydera guttata
19522,Western Bristlebird,Dasyornis longirostris
5103,Western Bronze Ground Dove,Pampusana beccarii
4505,Western Bronze-naped Pigeon,Columba iriditorques
1245,Western Capercaillie,Tetrao urogallus
8059,Western Cattle Egret,Ardea ibis
35731,Western Chat-tanager,Calyptophilus tertius
13064,Western Corella,Cacatua pastinator
19929,Western Crested Berrypecker,Paramythia olivacea
795,Western Crested Guineafowl,Guttera verreauxi
22184,Western Crested-flycatcher,Trochocercus nitens
25839,Western Crowned Leaf-warbler,Phylloscopus occipitalis
5122,Western Crowned-pigeon,Goura cristata
10144,Western Dwarf Hornbill,Horizocerus hartlaubi
3367,Western Emerald,Chlorostilbon melanorhynchus
19590,Western Fieldwren,Calamanthus montanellus
16395,Western Fire-eye,Pyriglena maura
19822,Western Gerygone,Gerygone fusca
2295,Western Glossy Swiftlet,Collocalia affinis
18889,Western Grasswren,Amytornis textilis
6256,Western Grebe,Aechmophorus occidentalis
11477,Western Green Tinkerbird,Pogoniulus coryphaea
18610,Western Grey-collared Becard,
7142,Western Gull,Larus occidentalis
37351,Western Hemispingus,
14403,Western Hooded Pitta,Pitta sordida
18068,Western Kingbird,Tyrannus verticalis
4157,Western Koel,Eudynamys scolopaceus
10148,Western Long-tailed Hornbill,Horizocerus albocristatus
8624,Western Marsh-harrier,Circus aeruginosus
35769,Western Meadowlark,Sturnella neglecta
32509,Western Miombo Sunbird,Cinnyris gertrudis
24569,Western Mountain Greenbul,Arizelocichla tephrolaema
2993,Western Mountaineer,
28688,Western Moustached Laughingthrush,Ianthocincla cineracea
23948,Western Nicator,Nicator chloris
17512,Western Olivaceous Flatbill,Rhynchocyclus aequinoctialis
26093,Western Olivaceous Warbler,Iduna opaca
14540,Western Olivaceous Woodcreeper,
17336,Western Ornate Flycatcher,Myiotriccus ornatus
5336,Western Ornate Fruit-dove,Ptilinopus ornatus
15712,Western Ornate Stipplethroat,Epinecrophylla ornata
27118,Western Orphean Warbler,Curruca hortensis
23207,Western Parotia,Parotia sefilata
10125,Western Piping Hornbill,Bycanistes fistulator
3737,Western Plantain-eater,Crinifer piscator
20002,Western Quail-thrush,Cinclosoma marginatum
10076,Western Red-billed Hornbill,Tockus kempi
30679,Western Red-legged Thrush,
11200,Western Red-necked Araçari,
7982,Western Reef-egret,Egretta gularis
29559,Western Rock Nuthatch,Sitta neumayer
13872,Western Rosella,Platycercus icterotis
15684,Western Russet Antshrike,Thamnistes anabatinus
6846,Western Sandpiper,Calidris mauri
9614,Western Screech-owl,Megascops kennicottii
20980,Western Shrike-tit,Falcunculus leucogaster
28464,Western Spectacled Barwing,Actinodura ramsayi
35747,Western Spindalis,Spindalis zena
18923,Western Spinebill,Acanthorhynchus superciliosus
4674,Western Spotted Dove,
11017,Western Striolated Puffbird,Nystalus obamai
27146,Western Subalpine Warbler,Curruca iberiae
23227,Western Superb Bird-of-paradise,Lophorina superba
5344,Western Superb Fruit-dove,
36562,Western Tanager,Piranga ludoviciana
19744,Western Thornbill,Acanthiza inornata
1077,Western Tragopan,Tragopan melanocephalus
17698,Western Tropical Pewee,Contopus punensis
32321,Western Violet-backed Sunbird,Anthreptes longuemarei
5774,Western Water Rail,Rallus aquaticus
19463,Western Wattlebird,Anthochaera lunulata
20737,Western Wattled Cuckooshrike,Lobotos lobatus
2800,Western Wedge-billed Hummingbird,Schistes albogularis
19952,Western Whipbird,Psophodes nigrogularis
21113,Western Whistler,
17585,Western White-throated Spadebill,
17683,Western Wood-pewee,Contopus sordidulus
15215,Western Woodhaunter,Automolus virgatus
23474,Western Yellow Robin,Eopsaltria griseogularis
33877,Western Yellow Wagtail,Motacilla flava
11400,Western Yellow-billed Barbet,Trachylaemus goffinii
11517,Western Yellow-spotted Barbet,
7554,Westland Petrel,Procellaria westlandica
21608,Wetar Figbird,Sphecotheres hypoleucus
5087,Wetar Ground Dove,Pampusana hoedtii
19082,Wetar Myzomela,Myzomela kuehni
21655,Wetar Oriole,Oriolus finschi
9366,Wetar Scops-owl,Otus tempestatis
33119,Weyns's Weaver,Ploceus weynsi
7624,Whenua Hou Diving-petrel,
31784,Whinchat,Saxicola rubetra
7222,Whiskered Auklet,Aethia pygmaea
32091,Whiskered Flowerpecker,Pachyglossa propria
18663,Whiskered Flycatcher,Myiobius barbatus
14341,Whiskered Pitta,Erythropitta kochi
9584,Whiskered Screech-owl,Megascops trichopsis
7004,Whiskered Tern,Chlidonias hybrida
2251,Whiskered Treeswift,Hemiprocne comata
29047,Whiskered Wren,Pheugopedius mystacalis
27326,Whiskered Yuhina,Yuhina flavicollis
25782,Whistler's Warbler,Phylloscopus whistleri
26356,Whistling Cisticola,Cisticola lateralis
5464,Whistling Dove,Ptilinopus layardi
4320,Whistling Hawk-Cuckoo,Hierococcyx nisicolor
7955,Whistling Heron,Syrigma sibilatrix
8665,Whistling Kite,Haliastur sphenurus
4284,Whistling Long-tailed Cuckoo,
36218,Whistling Warbler,Catharopeza bishopi
4027,Whistling Yellowbill,Ceuthmochares australis
18304,White Bellbird,Procnias albus
13076,White Cockatoo,Cacatua alba
1364,White Eared-pheasant,Crossoptilon crossoptilon
8750,White Hawk,Pseudastur albicollis
7857,White Ibis,Eudocimus albus
5592,White Imperial-pigeon,Ducula luctuosa
17854,White Monjita,Xolmis irupero
32882,White Nile Sparrow,Passer shelleyi
7662,White Stork,Ciconia ciconia
5975,White Swamphen,Porphyrio albus
33918,White Wagtail,Motacilla alba
11784,White Woodpecker,Melanerpes candidus
30361,White's Thrush,Zoothera aurea
23871,White-backed Black Tit,Melaniparus leuconotus
241,White-backed Duck,Thalassornis leuconotus
16404,White-backed Fire-eye,Pyriglena leuconota
9831,White-backed Mousebird,Colius colius
7989,White-backed Night Heron,Calherodius leuconotus
6437,White-backed Stilt,
25094,White-backed Swallow,Cheramoeca leucosterna
30640,White-backed Thrush,Turdus kessleri
8244,White-backed Vulture,Gyps africanus
12314,White-backed Woodpecker,Dendrocopos leucotos
20422,White-backed Woodswallow,Artamus insignis
29715,White-banded Mockingbird,Mimus triurus
25188,White-banded Swallow,Atticora fasciata
37741,White-banded Tanager,Neothraupis fasciata
17046,White-banded Tyrannulet,Mecocerculus stictopterus
11718,White-barred Piculet,Picumnus cirratus
16107,White-bearded Antshrike,Biatas nigropectus
17977,White-bearded Flycatcher,Phelpsia inornata
24606,White-bearded Greenbul,Criniger ndussumensis
3000,White-bearded Helmetcrest,Oxypogon lindenii
2749,White-bearded Hermit,Phaethornis hispidus
18407,White-bearded Manakin,Manacus manacus
16363,White-bellied Antbird,Myrmeciza longipes
16560,White-bellied Antpitta,Grallaria hypoleuca
11570,White-bellied Barbet,
31222,White-bellied Blue Flycatcher,Cyornis pallidipes
31786,White-bellied Bushchat,Saxicola gutturalis
3818,White-bellied Bustard,Eupodotis senegalensis
34558,White-bellied Canary,Crithagra dorsostriata
651,White-bellied Chachalaca,Ortalis leucogastra
15056,White-bellied Cinclodes,Cinclodes palliatus
23557,White-bellied Crested-flycatcher,Elminia albiventris
33322,White-bellied Crimson Finch,
20703,White-bellied Cuckooshrike,Coracina papuensis
36886,White-bellied Dacnis,Dacnis albiventris
21890,White-bellied Drongo,Dicrurus caerulescens
3701,White-bellied Emerald,Chlorestes candida
21341,White-bellied Erpornis,Erpornis zantholeuca
21955,White-bellied Fantail,Rhipidura euryura
17277,White-bellied Flycatcher,
3736,White-bellied Go-away-bird,Crinifer leucogaster
8536,White-bellied Goshawk,Tachyspiza haplochroa
5273,White-bellied Green-pigeon,Treron sieboldii
8083,White-bellied Heron,Ardea insignis
3690,White-bellied Hummingbird,Elliotomyia chionogaster
5474,White-bellied Imperial-pigeon,Ducula forsteni
10606,White-bellied Kingfisher,Corythornis leucogaster
20520,White-bellied Minivet,Pericrocotus erythropygius
3237,White-bellied Mountain-gem,Lampornis hemileucus
33415,White-bellied Munia,Lonchura leucogastra
188,White-bellied Nothura,Nothura boraquira
11708,White-bellied Piculet,Picumnus spilogaster
21242,White-bellied Pitohui,Pseudorectes incertus
17406,White-bellied Pygmy-tyrant,Myiornis albiventris
31463,White-bellied Redstart,Luscinia phaenicuroides
31327,White-bellied Robin-chat,Cossyphicula roberti
8678,White-bellied Sea-eagle,Icthyophaga leucogaster
37281,White-bellied Seedeater,Sporophila leucoptera
6644,White-bellied Seedsnipe,Attagis malouinus
31122,White-bellied Sholakili,Sholicola albiventris
15524,White-bellied Spinetail,Mazaria propinqua
7358,White-bellied Storm-petrel,Fregetta grallaria
37962,White-bellied Tanager,Tangara brasiliensis
22018,White-bellied Thicket-fantail,Rhipidura leucothorax
23870,White-bellied Tit,Melaniparus albiventris
17366,White-bellied Tody-tyrant,Hemitriccus griseipectus
22952,White-bellied Treepie,Dendrocitta leucogastra
36451,White-bellied Warbler,
21217,White-bellied Whistler,Pachycephala leucogastra
12537,White-bellied Woodpecker,Dryocopus javensis
3283,White-bellied Woodstar,Chaetocercus mulsant
29294,White-bellied Wren,Uropsila leucogastra
16298,White-bibbed Antbird,Myrmoderus loricatus
28004,White-bibbed Babbler,Stachyris thoracica
5403,White-bibbed Fruit-dove,Ptilinopus rivoli
18367,White-bibbed Manakin,Corapipo leucorrhoa
25276,White-bibbed Swallow,Hirundo nigrita
32972,White-billed Buffalo-Weaver,Bubalornis albirostris
23048,White-billed Crow,Corvus woodfordi
30101,White-billed Starling,Onychognathus albirostris
16174,White-breasted Antbird,Rhegmatorhina hoffmannsi
27973,White-breasted Babbler,Stachyris grammiceps
20600,White-breasted Cuckooshrike,Ceblepyris pectoralis
5088,White-breasted Ground Dove,Pampusana jobiensis
768,White-breasted Guineafowl,Agelastes meleagrides
8567,White-breasted Hawk,
4355,White-breasted Mesite,Mesitornis variegatus
22351,White-breasted Monarch,Symposiachrus menckei
33558,White-breasted Nigrita,Nigrita fusconotus
29503,White-breasted Nuthatch,Sitta carolinensis
27251,White-breasted Parrotbill,Paradoxornis ruficeps
23477,White-breasted Robin,Eopsaltria georgiana
32603,White-breasted Sunbird,Cinnyris talatala
16740,White-breasted Tapaculo,Eleoscytalopus indigoticus
6116,White-breasted Waterhen,Amaurornis phoenicurus
21236,White-breasted Whistler,Pachycephala lanioides
29303,White-breasted Wood-wren,Henicorhina leucosticta
20405,White-breasted Woodswallow,Artamus leucorynchus
37505,White-bridled Finch,Melanodera melanodera
16379,White-browed Antbird,Myrmoborus leucophrys
16621,White-browed Antpitta,Hylopezus ochroleucus
19852,White-browed Babbler,Pomatostomus superciliosus
35263,White-browed Brushfinch,Arremon torquatus
24946,White-browed Bulbul,Pycnonotus luteolus
31693,White-browed Bush-robin,Tarsiger indicus
31785,White-browed Bushchat,Saxicola macrorhynchus
17954,White-browed Chat-tyrant,Ochthoeca leucophrys
37437,White-browed Conebill,Conirostrum ferrugineiventre
3943,White-browed Coucal,Centropus superciliosus
6105,White-browed Crake,Poliolimnas cinereus
25441,White-browed Crombec,Sylvietta leucophrys
21956,White-browed Fantail,Rhipidura aureola
15105,White-browed Foliage-gleaner,Anabacerthia amaurotis
30979,White-browed Forest-flycatcher,Fraseria cinerascens
27202,White-browed Fulvetta,Fulvetta vinipectus
29463,White-browed Gnatcatcher,Polioptila bilineata
17808,White-browed Ground-tyrant,Muscisaxicola albilora
716,White-browed Guan,Penelope jacucaca
8771,White-browed Hawk,Leucopternis kuhli
37336,White-browed Hemispingus,
2734,White-browed Hermit,Phaethornis stuarti
31539,White-browed Jungle-flycatcher,Vauriella insignis
28730,White-browed Laughingthrush,Pterorhinus sannio
35793,White-browed Meadowlark,Leistes superciliaris
29573,White-browed Nuthatch,Sitta victoriae
9103,White-browed Owl,Athene superciliaris
11767,White-browed Piculet,Sasia ochracea
18552,White-browed Purpletuft,Iodopleura isabellae
26044,White-browed Reed-warbler,Acrocephalus tangorum
23432,White-browed Robin,Poecilodryas superciliosa
31356,White-browed Robin-chat,Cossypha heuglini
27915,White-browed Scimitar-babbler,Pomatorhinus schisticeps
30874,White-browed Scrub-robin,Cercotrichas leucophrys
19624,White-browed Scrubwren,Sericornis frontalis
30919,White-browed Shama,Copsychus luzoniensis
21320,White-browed Shrike-babbler,Pteruthius aeralatus
32980,White-browed Sparrow-Weaver,Plocepasser mahali
15321,White-browed Spinetail,Hellmayrea gularis
16763,White-browed Tapaculo,Scytalopus superciliaris
23677,White-browed Tit,Poecile superciliosus
15286,White-browed Tit-spinetail,Leptasthenura xenothorax
25597,White-browed Tit-warbler,Leptopoecile sophiae
18782,White-browed Treecreeper,Climacteris affinis
33937,White-browed Wagtail,Motacilla maderaspatensis
20424,White-browed Woodswallow,Artamus superciliosus
29167,White-browed Wren,
7404,White-capped Albatross,
34941,White-capped Bunting,Emberiza stewarti
32023,White-capped Dipper,Cinclus leucocephalus
5386,White-capped Fruit-dove,Ptilinopus dupetithouarsii
22405,White-capped Monarch,Monarcha richardsii
33436,White-capped Munia,Lonchura ferruginosa
13243,White-capped Parrot,
36751,White-capped Tanager,Sericossypha albocristata
31720,White-capped Water-redstart,Phoenicurus leucocephalus
16159,White-cheeked Antbird,Gymnopithys leucaspis
11309,White-cheeked Barbet,Psilopogon viridis
34236,White-cheeked Bullfinch,Pyrrhula leucogenis
18265,White-cheeked Cotinga,Zaratornis stresemanni
19251,White-cheeked Honeyeater,Phylidonyris niger
28708,White-cheeked Laughingthrush,Pterorhinus vassali
29496,White-cheeked Nuthatch,Sitta leucopsis
1038,White-cheeked Partridge,Arborophila atrogularis
434,White-cheeked Pintail,Anas bahamensis
29961,White-cheeked Starling,Spodiopsar cineraceus
7039,White-cheeked Tern,Sterna repressa
25642,White-cheeked Tit,Aegithalos leucogenys
17440,White-cheeked Tody-flycatcher,Poecilotriccus albifacies
3749,White-cheeked Turaco,Menelikornis leucotis
31346,White-chested Alethe,Chamaetylas fuelleborni
28154,White-chested Babbler,Pellorneum rostratum
3665,White-chested Emerald,Chrysuronia brevirostris
11037,White-chested Puffbird,Malacoptila fusca
2272,White-chested Swift,Cypseloides lemosi
11497,White-chested Tinkerbird,
27739,White-chested White-eye,Zosterops albogularis
10960,White-chinned Jacamar,Galbula tombacea
19042,White-chinned Myzomela,Myzomela albigula
7548,White-chinned Petrel,Procellaria aequinoctialis
26739,White-chinned Prinia,Schistolais leucopogon
3708,White-chinned Sapphire,Chlorestes cyanus
2264,White-chinned Swift,Cypseloides cryptus
15408,White-chinned Thistletail,Asthenes fuliginosa
30688,White-chinned Thrush,Turdus aurantius
14570,White-chinned Woodcreeper,Dendrocincla merula
30657,White-collared Blackbird,Turdus albocinctus
15066,White-collared Foliage-gleaner,Anabazenops fuscus
22691,White-collared Jay,Cyanolyca viridicyanus
8175,White-collared Kite,Leptodon forbesi
18423,White-collared Manakin,Manacus candei
22360,White-collared Monarch,Symposiachrus vidua
33527,White-collared Oliveback,Nesocharis ansorgei
4449,White-collared Pigeon,Columba albitorques
37209,White-collared Seedeater,Sporophila morelleti
30112,White-collared Starling,Grafisia torquata
2280,White-collared Swift,Streptoprocne zonaris
27309,White-collared Yuhina,Parayuhina diademata
2922,White-crested Coquette,Lophornis adorabilis
16946,White-crested Elaenia,Elaenia albiceps
714,White-crested Guan,Penelope pileata
20336,White-crested Helmetshrike,Prionops plumatus
28658,White-crested Laughingthrush,Garrulax leucolophus
17600,White-crested Spadebill,Platyrinchus platyrhynchos
7877,White-crested Tiger-heron,Tigriornis leucolopha
3763,White-crested Turaco,Tauraco leucolophus
17082,White-crested Tyrannulet,Serpophaga subcristata
4232,White-crowned Cuckoo,Caliechthrus leucolophus
31497,White-crowned Forktail,Enicurus leschenaulti
10153,White-crowned Hornbill,Berenicornis comatus
6508,White-crowned Lapwing,Vanellus albiceps
18460,White-crowned Manakin,Pseudopipra pipra
13250,White-crowned Parrot,Pionus senilis
23908,White-crowned Penduline-tit,Remiz coronatus
4523,White-crowned Pigeon,Patagioenas leucocephala
31352,White-crowned Robin-chat,Cossypha albicapillus
30934,White-crowned Shama,Copsychus stricklandii
35406,White-crowned Sparrow,Zonotrichia leucophrys
30069,White-crowned Starling,Lamprotornis albicapillus
16782,White-crowned Tapaculo,Scytalopus atratus
31983,White-crowned Wheatear,Oenanthe leucopyga
11449,White-eared Barbet,Stactolaema leucotis
4211,White-eared Bronze-cuckoo,Chalcites meyerii
5136,White-eared Brown-dove,Phapitreron leucotis
25021,White-eared Bulbul,Pycnonotus leucotis
18699,White-eared Catbird,Ailuroedus buccoides
37417,White-eared Conebill,Conirostrum leucogenys
35563,White-eared Ground-sparrow,Melozone leucotis
19298,White-eared Honeyeater,Nesoptilotis leucotis
3402,White-eared Hummingbird,Basilinna leucotis
10924,White-eared Jacamar,Galbalcyrhynchus leucotis
22408,White-eared Monarch,Carterornis leucotis
18911,White-eared Myza,Myza sarasinorum
7992,White-eared Night Heron,Oroanassa magnifica
13404,White-eared Parakeet,Pyrrhura leucotis
11011,White-eared Puffbird,Nystalus chacuru
28409,White-eared Sibia,Heterophasia auricularis
30239,White-eared Solitaire,Entomodestes leucotis
26978,White-eared Tailorbird,Orthotomus cinereiceps
35921,White-edged Oriole,Icterus graceannae
18194,White-eyed Attila,Attila bolivianus
8686,White-eyed Buzzard,Butastur teesa
15232,White-eyed Foliage-gleaner,Automolus leucophthalmus
7125,White-eyed Gull,Ichthyaetus leucophthalmus
13578,White-eyed Parakeet,Psittacara leucophthalmus
25057,White-eyed River Martin,Pseudochelidon sirintarae
23317,White-eyed Robin,Pachycephalopsis poliosoma
31011,White-eyed Slaty-flycatcher,Melaenornis fischeri
29815,White-eyed Starling,Aplonis brunneicapillus
15724,White-eyed Stipplethroat,Epinecrophylla leucophthalma
30699,White-eyed Thrush,Turdus jamaicensis
17363,White-eyed Tody-tyrant,Hemitriccus zosterops
21571,White-eyed Vireo,Vireo griseus
13331,White-faced Amazon,Amazona kawalli
11593,White-faced Barbet,
4770,White-faced Cuckoo-Dove,Turacoena manadensis
7986,White-faced Heron,Egretta novaehollandiae
7862,White-faced Ibis,Plegadis chihi
22880,White-faced Jay,
11078,White-faced Nunbird,Hapaloptila castanea
1057,White-faced Partridge,Arborophila orientalis
6609,White-faced Plover,Anarhynchus dealbatus
5007,White-faced Quail-Dove,Zentrygon albifacies
23481,White-faced Robin,Eopsaltria leucops
29985,White-faced Starling,Sturnornis albofrontatus
7351,White-faced Storm-petrel,Pelagodroma marina
228,White-faced Whistling-duck,Dendrocygna viduata
36516,White-faced Whitestart,Myioborus albifacies
15778,White-flanked Antwren,Myrmotherula axillaris
32727,White-flanked Sunbird,Aethopyga eximia
13266,White-fronted Amazon,Amazona albifrons
10879,White-fronted Bee-eater,Merops bullockoides
31931,White-fronted Black-chat,Oenanthe albifrons
18962,White-fronted Chat,Epthianura albifrons
12852,White-fronted Falconet,Microhierax latifrons
22118,White-fronted Fantail,Rhipidura melanolaema
17786,White-fronted Ground-tyrant,Muscisaxicola albifrons
19355,White-fronted Honeyeater,Purnella albifrons
18398,White-fronted Manakin,Lepidothrix serena
11083,White-fronted Nunbird,Monasa morphoeus
6594,White-fronted Plover,Anarhynchus marginatus
4948,White-fronted Quail-Dove,Geotrygon leucometopia
9264,White-fronted Scops-owl,Otus sagittatus
2265,White-fronted Swift,Cypseloides storeri
7049,White-fronted Tern,Sterna striata
23673,White-fronted Tit,Sittiparus semilarvatus
16882,White-fronted Tyrannulet,Acrochordopus zeledoni
20072,White-fronted Wattle-eye,Platysteira albifrons
36503,White-fronted Whitestart,Myioborus albifrons
11814,White-fronted Woodpecker,Melanerpes cactorum
19340,White-gaped Honeyeater,Stomiopera unicolor
22012,White-gorgeted Fantail,Rhipidura coultasi
31177,White-gorgeted Flycatcher,Anthipes monileger
28608,White-headed Babbler,Turdoides leucocephala
11562,White-headed Barbet,Lybius leucocephalus
35675,White-headed Brushfinch,Atlapetes albiceps
32977,White-headed Buffalo-Weaver,Dinemellia dinemelli
24849,White-headed Bulbul,Hypsipetes thompsoni
553,White-headed Duck,Oxyura leucocephala
5432,White-headed Fruit-dove,Ptilinopus eugeniae
30622,White-headed Island Thrush,Turdus pritzbueri
17904,White-headed Marsh-tyrant,Arundinicola leucocephala
9827,White-headed Mousebird,Colius leucocephalus
33438,White-headed Munia,Lonchura maja
7481,White-headed Petrel,Pterodroma lessonii
4500,White-headed Pigeon,Columba leucomela
31379,White-headed Robin-chat,Cossypha heinrichi
25062,White-headed Saw-wing,Psalidoprocne albiceps
29978,White-headed Starling,Sturnia erythropygia
314,White-headed Steamerduck,Tachyeres leucocephalus
20305,White-headed Vanga,Artamella viridis
8233,White-headed Vulture,Trigonoceps occipitalis
10038,White-headed Woodhoopoe,Phoeniculus bollei
12245,White-headed Woodpecker,Dryobates albolarvatus
28859,White-headed Wren,Campylorhynchus albobrunneus
28050,White-hooded Babbler,Gampsorhynchus rufulus
16369,White-lined Antbird,Myrmoborus lophotes
11452,White-lined Barbet,
19405,White-lined Honeyeater,Meliphaga albilineata
37152,White-lined Tanager,Tachyphonus rufus
16623,White-lored Antpitta,Myrmothera fulviventris
34831,White-lored Euphonia,Euphonia chrysopasta
29493,White-lored Gnatcatcher,Polioptila albiloris
21703,White-lored Oriole,Oriolus albiloris
15542,White-lored Spinetail,Synallaxis albilora
16997,White-lored Tyrannulet,Ornithion inerme
36389,White-lored Warbler,Myiothlypis conspicillata
11106,White-mantled Barbet,Capito hypoleucus
16147,White-masked Antbird,Pithys castaneus
35641,White-naped Brushfinch,Atlapetes albinucha
6165,White-naped Crane,Antigone vipio
19203,White-naped Friarbird,Philemon albitorques
19333,White-naped Honeyeater,Melithreptus lunatus
22770,White-naped Jay,Cyanocorax cyanopogon
13995,White-naped Lory,Lorius albidinucha
22410,White-naped Monarch,Carterornis pileatus
5115,White-naped Pheasant-pigeon,
4477,White-naped Pigeon,Columba albinucha
37231,White-naped Seedeater,Sporophila fringilloides
2293,White-naped Swift,Streptoprocne semicollaris
23847,White-naped Tit,Machlolophus nuchalis
12733,White-naped Woodpecker,Chrysocolaptes festivus
18561,White-naped Xenopsaris,Xenopsaris albinucha
27335,White-naped Yuhina,Yuhina bakeri
28000,White-necked Babbler,Stachyris leucotis
23080,White-necked Crow,Corvus leucognaphalus
8722,White-necked Hawk,Buteogallus lacernulatus
8044,White-necked Heron,Ardea pacifica
2669,White-necked Jacobin,Florisuga mellivora
28668,White-necked Laughingthrush,Garrulax strepitans
13447,White-necked Parakeet,Pyrrhura albipectus
7521,White-necked Petrel,Pterodroma cervicalis
10981,White-necked Puffbird,Notharchus hyperrhynchus
23146,White-necked Raven,Corvus albicollis
23492,White-necked Rockfowl,Picathartes gymnocephalus
30781,White-necked Thrush,Turdus albicollis
16143,White-plumed Antbird,Pithys albifrons
19437,White-plumed Honeyeater,Ptilotula penicillata
19306,White-quilled Honeyeater,
4847,White-quilled Rock-pigeon,Petrophassa albipennis
35674,White-rimmed Brushfinch,Atlapetes leucopis
36361,White-rimmed Warbler,Myiothlypis leucoblephara
18012,White-ringed Flycatcher,Conopias albovittatus
18364,White-ruffed Manakin,Corapipo altera
28584,White-rumped Babbler,Turdoides leucopygia
17824,White-rumped Black-tyrant,
20698,White-rumped Cuckooshrike,Coracina leucopygia
8747,White-rumped Hawk,Parabuteo leucorrhous
10370,White-rumped Kingfisher,Caridonax fulgidus
17853,White-rumped Monjita,Xolmis velatus
33406,White-rumped Munia,Lonchura striata
12857,White-rumped Pygmy-falcon,Neohierax insignis
23458,White-rumped Robin,Melanodryas bimaculata
6844,White-rumped Sandpiper,Calidris fuscicollis
34525,White-rumped Seedeater,Crithagra leucopygia
30942,White-rumped Shama,Copsychus malabaricus
18101,White-rumped Sirystes,Sirystes albocinereus
32835,White-rumped Snowfinch,Onychostruthus taczanowskii
2466,White-rumped Spinetail,Zoonavena sylvatica
25133,White-rumped Swallow,Tachycineta leucorrhoa
2656,White-rumped Swift,Apus caffer
2364,White-rumped Swiftlet,Aerodramus spodiopygius
37383,White-rumped Tanager,Cypsnagra hirundinacea
20913,White-rumped Triller,Lalage leucopygialis
8243,White-rumped Vulture,Gyps bengalensis
12773,White-rumped Woodpecker,Meiglyptes tristis
16417,White-shouldered Antbird,Akletos melanoceps
16017,White-shouldered Antshrike,Thamnophilus aethiops
18835,White-shouldered Fairywren,Malurus alboscapulatus
16409,White-shouldered Fire-eye,Pyriglena leucoptera
7824,White-shouldered Ibis,Pseudibis davisoni
29973,White-shouldered Starling,Sturnia sinensis
37131,White-shouldered Tanager,Loriotus luctuosus
20869,White-shouldered Triller,Lalage sueurii
37613,White-sided Flowerpiercer,Diglossa albilatera
2959,White-sided Hillstar,Oreotrochilus leucopleurus
28699,White-speckled Laughingthrush,Ianthocincla bieti
25028,White-spectacled Bulbul,Pycnonotus xanthopygos
25772,White-spectacled Warbler,Phylloscopus intermedius
21952,White-spotted Fantail,Rhipidura albogularis
5628,White-spotted Flufftail,Sarothrura pulchra
33380,White-spotted Mannikin,Mayrimunia leucosticta
20066,White-spotted Wattle-eye,Dyaphorophyia tonsa
12169,White-spotted Woodpecker,Dryobates spilogaster
31298,White-starred Robin,Pogonocichla stellata
15957,White-streaked Antvireo,Dysithamnus leucostictus
19039,White-streaked Friarbird,Melitograis gilolensis
19238,White-streaked Honeyeater,Trichodere cockerelli
5665,White-striped Forest Rail,Rallicula leucospila
36357,White-striped Warbler,Myiothlypis leucophrys
14847,White-striped Woodcreeper,Lepidocolaptes leucogaster
30833,White-tailed Alethe,Alethe diademata
30163,White-tailed Ant-thrush,Neocossyphus poensis
23553,White-tailed Blue Flycatcher,Elminia albicauda
31466,White-tailed Blue Robin,Myiomela leucura
15332,White-tailed Canastero,
26451,White-tailed Cisticola,Cisticola anderseni
18323,White-tailed Cotinga,Xipholena lamellipennis
23560,White-tailed Crested-flycatcher,Elminia albonotata
3499,White-tailed Emerald,Microchera chionura
31116,White-tailed Flycatcher,Leucoptilon concretum
2831,White-tailed Goldenthroat,Polytmus guainumbi
24567,White-tailed Greenbul,Baeopogon clamans
8756,White-tailed Hawk,Geranoaetus albicaudatus
3180,White-tailed Hillstar,Urochroa leucura
3504,White-tailed Hummingbird,Eupherusa poliocerca
22745,White-tailed Jay,Cyanocorax mystacalis
8140,White-tailed Kite,Elanus leucurus
6537,White-tailed Lapwing,Vanellus leucurus
24158,White-tailed Lark,Mirafra albicauda
4468,White-tailed Laurel-pigeon,Columba junoniae
25855,White-tailed Leaf-warbler,Phylloscopus intensior
22339,White-tailed Monarch,Symposiachrus leucurus
1922,White-tailed Nightjar,Hydropsalis cayennensis
29574,White-tailed Nuthatch,Sitta himalayensis
1175,White-tailed Ptarmigan,Lagopus leucura
3445,White-tailed Sabrewing,Campylopterus ensipennis
8670,White-tailed Sea-eagle,Haliaeetus albicilla
17886,White-tailed Shrike-tyrant,Agriornis albicauda
3132,White-tailed Starfrontlet,Coeligena phalerata
31807,White-tailed Stonechat,Saxicola leucurus
25250,White-tailed Swallow,Hirundo megaensis
18513,White-tailed Tityra,Tityra leucura
9950,White-tailed Trogon,Trogon chionurus
7286,White-tailed Tropicbird,Phaethon lepturus
17042,White-tailed Tyrannulet,Mecocerculus poecilocercus
26993,White-tailed Warbler,Poliolais lopezi
10134,White-thighed Hornbill,Bycanistes albotibialis
25190,White-thighed Swallow,Atticora tibialis
16168,White-throated Antbird,Oneillornis salvini
16555,White-throated Antpitta,Grallaria albigula
28564,White-throated Babbler,Argya gularis
15248,White-throated Barbtail,Premnoplex tatei
10883,White-throated Bee-eater,Merops albicollis
24712,White-throated Bulbul,Alophoixus flaveolus
31806,White-throated Bushchat,Saxicola insignis
15511,White-throated Cacholote,Pseudoseisura gutturalis
34601,White-throated Canary,Crithagra albogularis
12821,White-throated Caracara,Daptrius albogularis
6018,White-throated Crake,Laterallus albigularis
31998,White-throated Dipper,Cinclus cinclus
15014,White-throated Earthcreeper,Upucerthia albigula
21942,White-throated Fantail,Rhipidura albicollis
21158,White-throated Fiji Whistler,Pachycephala vitiensis
32096,White-throated Flowerpecker,Pachyglossa vincens
17729,White-throated Flycatcher,Empidonax albigularis
15118,White-throated Foliage-gleaner,Syndactyla roraimae
1530,White-throated Francolin,Campocolinus albogularis
19797,White-throated Gerygone,Gerygone olivacea
18872,White-throated Grasswren,Amytornis woodwardi
24639,White-throated Greenbul,Phyllastrephus albigularis
5093,White-throated Ground Dove,Pampusana xanthonura
8796,White-throated Hawk,Buteo albigula
19328,White-throated Honeyeater,Melithreptus albogularis
3672,White-throated Hummingbird,Leucochloris albicollis
10941,White-throated Jacamar,Brachygalba albogularis
22707,White-throated Jay,Cyanolyca mirabilis
31537,White-throated Jungle-flycatcher,Vauriella albigularis
18055,White-throated Kingbird,Tyrannus albogularis
10408,White-throated Kingfisher,Halcyon smyrnensis
28761,White-throated Laughingthrush,Pterorhinus albogularis
22713,White-throated Magpie-jay,Cyanocorax formosus
18363,White-throated Manakin,Corapipo gutturalis
28572,White-throated Mountain-babbler,Turdoides gilberti
3263,White-throated Mountain-gem,Lampornis castaneoventris
2480,White-throated Needletail,Hirundapus caudacutus
1806,White-throated Nightjar,Eurostopodus mystacalis
26307,White-throated Oxylabes,Oxylabes madagascariensis
17703,White-throated Pewee,Contopus albogularis
721,White-throated Piping-guan,Pipile grayi
5012,White-throated Quail-Dove,Zentrygon frenata
5784,White-throated Rail,Dryolimnas cuvieri
31715,White-throated Redstart,Phoenicurus schisticeps
31444,White-throated Robin,Irania gutturalis
31390,White-throated Robin-chat,Dessonornis humeralis
31744,White-throated Rock-thrush,Monticola gularis
9592,White-throated Screech-owl,Megascops albogularis
37280,White-throated Seedeater,Sporophila albogularis
37163,White-throated Shrike-tanager,Lanio leucothorax
37536,White-throated Sierra-finch,Idiopsar erythronotus
35414,White-throated Sparrow,Zonotrichia albicollis
25277,White-throated Swallow,Hirundo albigularis
2538,White-throated Swift,Aeronautes saxatalis
16721,White-throated Tapaculo,Scelorchilus albicollis
30764,White-throated Thrush,Turdus assimilis
62,White-throated Tinamou,Tinamus guttatus
25655,White-throated Tit,Aegithalos niveogularis
35546,White-throated Towhee,Melozone albicollis
18768,White-throated Treecreeper,Cormobates leucophaea
14932,White-throated Treerunner,Pygarrhichas albogularis
17028,White-throated Tyrannulet,Mecocerculus leucophrys
14705,White-throated Woodcreeper,Xiphocolaptes albicollis
12339,White-throated Woodpecker,Piculus leucolaemus
28274,White-throated Wren-babbler,Napothera pasquieri
14916,White-throated Xenops,Xenops minutus
4955,White-tipped Dove,Leptotila verreauxi
22341,White-tipped Monarch,Symposiachrus everetti
18268,White-tipped Plantcutter,Phytotoma rutila
9923,White-tipped Quetzal,Pharomachrus fulgidus
2673,White-tipped Sicklebill,Eutoxeres aquila
2541,White-tipped Swift,Aeronautes montivagus
6223,White-tufted Grebe,Rollandia rolland
3090,White-tufted Sunbeam,Aglaeactis castelnaudii
34834,White-vented Euphonia,Euphonia minuta
3460,White-vented Plumeleteer,Chalybura buffonii
30925,White-vented Shama,Copsychus niger
7345,White-vented Storm-petrel,Oceanites gracilis
2822,White-vented Violetear,Colibri serrirostris
21014,White-vented Whistler,Pachycephala homeyeri
11729,White-wedged Piculet,Picumnus albosquamatus
2750,White-whiskered Hermit,Phaethornis yaruqui
28359,White-whiskered Laughingthrush,Trochalopteron morrisonianum
11048,White-whiskered Puffbird,Malacoptila panamensis
15615,White-whiskered Spinetail,Synallaxis candei
26819,White-winged Apalis,Apalis chariessa
18593,White-winged Becard,Pachyramphus polychopterus
17823,White-winged Black-tyrant,Knipolegus aterrimus
35705,White-winged Brushfinch,Atlapetes leucopterus
23148,White-winged Chough,Corcorax melanorhamphos
20752,White-winged Cicadabird,Edolisoma ostentum
15057,White-winged Cinclodes,Cinclodes atacamensis
31779,White-winged Cliff-chat,Monticola semirufus
4635,White-winged Collared-dove,Streptopelia reichenowi
5941,White-winged Coot,Fulica leucoptera
18324,White-winged Cotinga,Xipholena atropurpurea
5056,White-winged Dove,Zenaida asiatica
355,White-winged Duck,Asarcornis scutulata
18850,White-winged Fairywren,Malurus leucopterus
22005,White-winged Fantail,Rhipidura cockerelli
5652,White-winged Flufftail,Sarothrura ayresi
34184,White-winged Grosbeak,Mycerobas carnipes
703,White-winged Guan,Penelope albipennis
24277,White-winged Lark,Alauda leucoptera
22911,White-winged Magpie,
1900,White-winged Nightjar,Eleothreptus candicans
13183,White-winged Parakeet,Brotogeris versicolurus
7526,White-winged Petrel,Pterodroma leucoptera
4531,White-winged Pigeon,
2162,White-winged Potoo,Nyctibius leucopterus
31739,White-winged Redstart,Phoenicurus erythrogastrus
23445,White-winged Robin,Melanodryas sigillata
516,White-winged Scoter,Melanitta deglandi
37156,White-winged Shrike-tanager,Lanio versicolor
32838,White-winged Snowfinch,Montifringilla nivalis
25140,White-winged Swallow,Tachycineta albiventer
26296,White-winged Swamp-warbler,Bradypterus carpalis
36563,White-winged Tanager,Piranga leucoptera
16756,White-winged Tapaculo,Scytalopus krabbei
7017,White-winged Tern,Chlidonias leucopterus
20878,White-winged Triller,Lalage tricolor
6142,White-winged Trumpeter,Psophia leucoptera
35745,White-winged Warbler,Xenoligea montana
33294,White-winged Widowbird,Euplectes albonotatus
12276,White-winged Woodpecker,Dendrocopos leucopterus
20937,Whitehead,Mohoua albicilla
14305,Whitehead's Broadbill,Calyptomena whiteheadi
32819,Whitehead's Spiderhunter,Arachnothera juliae
2388,Whitehead's Swiftlet,Aerodramus whiteheadi
9888,Whitehead's Trogon,Harpactes whiteheadi
306,Whooper Swan,Cygnus cygnus
6177,Whooping Crane,Grus americana
10797,Whooping Motmot,Momotus subrufescens
11455,Whyte's Barbet,Stactolaema whytii
32522,Whyte's Double-collared Sunbird,
1568,Whyte's Francolin,Scleroptila whytei
18333,Wied's Tyrant-manakin,Neopelma aurifrons
1107,Wild Turkey,Meleagris gallopavo
37500,Wilkins's Finch,Nesospiza wilkinsi
20219,Willard's Sooty Boubou,Laniarius willardi
11615,Willcocks's Honeyguide,Indicator willcocksi
6784,Willet,Tringa semipalmata
24132,Williams's Lark,Mirafra williamsi
11871,Williamson's Sapsucker,Sphyrapicus thyroideus
21966,Willie Wagtail,Rhipidura leucophrys
16257,Willis's Antbird,Cercomacroides laeta
17723,Willow Flycatcher,Empidonax traillii
1184,Willow Grouse,Lagopus lagopus
23745,Willow Tit,Poecile montanus
25714,Willow Warbler,Phylloscopus trochilus
23269,Wilson's Bird-of-paradise,Diphyllodes respublica
33794,Wilson's Indigobird,Vidua wilsoni
6760,Wilson's Phalarope,Phalaropus tricolor
6569,Wilson's Plover,Anarhynchus wilsonia
6746,Wilson's Snipe,Gallinago delicata
7340,Wilson's Storm-petrel,Oceanites oceanicus
36474,Wilson's Warbler,Cardellina pusilla
26442,Winding Cisticola,Cisticola marginatus
3328,Wine-throated Hummingbird,Selasphorus ellioti
14966,Wing-banded Hornero,Furnarius figulus
29371,Wing-banded Wren,Microcerculus bambla
16850,Wing-barred Piprites,Piprites chloris
37226,Wing-barred Seedeater,Sporophila americana
26583,Wing-snapping Cisticola,Cisticola ayresii
26929,Winifred's Warbler,Scepomycter winifredae
29200,Winter Wren,Troglodytes hiemalis
2897,Wire-crested Thorntail,Discosura popelairii
18438,Wire-tailed Manakin,Pipra filicauda
25278,Wire-tailed Swallow,Hirundo smithii
5323,Wompoo Fruit-dove,Ptilinopus magnificus
4845,Wonga Pigeon,Leucosarcia melanoleuca
357,Wood Duck,Aix sponsa
6773,Wood Sandpiper,Tringa glareola
6734,Wood Snipe,Gallinago nemoricola
7643,Wood Stork,Mycteria americana
30240,Wood Thrush,Hylocichla mustelina
25666,Wood Warbler,Phylloscopus sibilatrix
22608,Woodchat Shrike,Lanius senator
33553,Woodhouse's Antpecker,Parmoptila woodhousei
22823,Woodhouse's Scrub Jay,Aphelocoma woodhouseii
10447,Woodland Kingfisher,Halcyon senegalensis
34038,Woodland Pipit,Anthus nyassae
24252,Woodlark,Lullula arborea
37068,Woodpecker Finch,Camarhynchus pallidus
20029,Woodwards' Batis,Batis fratrum
36130,Worm-eating Warbler,Helmitheros vermivorum
35241,Worthen's Sparrow,Spizella wortheni
10199,Wreathed Hornbill,Rhyticeros undulatus
14997,Wren-like Rushbird,Phleocryptes melanops
35759,Wrenthrush,Zeledonia coronata
27223,Wrentit,Chamaea fasciata
10213,Wrinkled Hornbill,Rhabdotorrhinus corrugatus
10208,Writhed Hornbill,Rhabdotorrhinus leucocephalus
6564,Wrybill,Anarhynchus frontalis
3406,Xantus's Hummingbird,Basilinna xantusii
24643,Xavier's Greenbul,Phyllastrephus xavieri
16200,Xingu Scale-backed Antbird,Willisornis vidua
14837,Xingu Scythebill,Campylorhamphus multostriatus
22981,Xinjiang Ground-jay,Podoces biddulphi
20803,Yap Cicadabird,Edolisoma nesiotis
22406,Yap Monarch,Monarcha godeffroyi
27683,Yap Olive White-eye,Zosterops oleagineus
27726,Yap Plain White-eye,Zosterops hypolais
15746,Yapacana Antbird,Aprositornis disjuncta
7575,Yelkouan Shearwater,Puffinus yelkouan
33268,Yellow Bishop,Euplectes capensis
7921,Yellow Bittern,Botaurus sinensis
35023,Yellow Bunting,Emberiza sulphurata
34572,Yellow Canary,Crithagra flaviventris
37747,Yellow Cardinal,Gubernatrix cristata
18957,Yellow Chat,Epthianura crocea
36614,Yellow Grosbeak,Pheucticus chrysopeplus
19341,Yellow Honeyeater,Stomiopera flava
25390,Yellow Longbill,Macrosphenus flavicans
35888,Yellow Oriole,Icterus nigrogularis
23914,Yellow Penduline-tit,Anthoscopus parvulus
5992,Yellow Rail,Coturnicops noveboracensis
19872,Yellow Satinbird,Cnemophilus macgregorii
19707,Yellow Thornbill,Acanthiza nana
23848,Yellow Tit,Machlolophus holsti
17101,Yellow Tyrannulet,Capsiempis flaveola
19469,Yellow Wattlebird,Anthochaera paradoxa
14048,Yellow-and-green Lorikeet,Trichoglossus flavoviridis
35865,Yellow-backed Oriole,Icterus chrysater
36813,Yellow-backed Tanager,Hemithraupis flavicollis
5414,Yellow-banded Fruit-dove,Ptilinopus solomonensis
24607,Yellow-bearded Greenbul,Criniger olivaceus
24695,Yellow-bellied Bulbul,Alophoixus phaeocephalus
17919,Yellow-bellied Chat-tyrant,Silvicultrix diadema
36876,Yellow-bellied Dacnis,Dacnis flaviventer
16929,Yellow-bellied Elaenia,Elaenia flavogaster
26997,Yellow-bellied Eremomela,Eremomela icteropygialis
23533,Yellow-bellied Fairy-fantail,Chelidorhynx hypoxanthus
32095,Yellow-bellied Flowerpecker,Pachyglossa melanozantha
17721,Yellow-bellied Flycatcher,Empidonax flaviventris
19752,Yellow-bellied Gerygone,Gerygone chrysogaster
24558,Yellow-bellied Greenbul,Chlorocichla flaviventris
28845,Yellow-bellied Hyliota,Hyliota flavigaster
19921,Yellow-bellied Longbill,Toxorhamphus novaeguineae
26671,Yellow-bellied Prinia,Prinia flaviventris
23381,Yellow-bellied Robin,Cryptomicroeca flaviventris
11874,Yellow-bellied Sapsucker,Sphyrapicus varius
37237,Yellow-bellied Seedeater,Sporophila nigricollis
34755,Yellow-bellied Siskin,Spinus xanthogastrus
14225,Yellow-bellied Sunbird-asity,Neodrepanis hypoxantha
37791,Yellow-bellied Tanager,Ixothraupis xanthogastra
23610,Yellow-bellied Tit,Periparus venustulus
16993,Yellow-bellied Tyrannulet,Ornithion semiflavum
25447,Yellow-bellied Warbler,Abroscopus superciliaris
20079,Yellow-bellied Wattle-eye,
33528,Yellow-bellied Waxbill,Coccopygia quartinia
21032,Yellow-bellied Whistler,Pachycephala philippinensis
13996,Yellow-bibbed Lory,Lorius chlorocercus
13270,Yellow-billed Amazon,Amazona collaria
28530,Yellow-billed Babbler,Argya affinis
22898,Yellow-billed Blue Magpie,Urocissa flavirostris
35805,Yellow-billed Cacique,Amblycercus holosericeus
37768,Yellow-billed Cardinal,Paroaria capitata
23009,Yellow-billed Chough,Pyrrhocorax graculus
18326,Yellow-billed Cotinga,Carpodectes antoniae
4110,Yellow-billed Cuckoo,Coccyzus americanus
406,Yellow-billed Duck,Anas undulata
8053,Yellow-billed Egret,Ardea brachyrhyncha
19285,Yellow-billed Honeyeater,Gymnomyza viridis
10943,Yellow-billed Jacamar,Galbula albirostris
10581,Yellow-billed Kingfisher,Syma torotoro
8657,Yellow-billed Kite,
7300,Yellow-billed Loon,Gavia adamsii
13988,Yellow-billed Lorikeet,Neopsittacus musschenbroekii
22978,Yellow-billed Magpie,Pica nuttalli
4038,Yellow-billed Malkoha,Rhamphococcyx calyorhynchus
11092,Yellow-billed Nunbird,Monasa flavirostris
29526,Yellow-billed Nuthatch,Sitta solangiae
30130,Yellow-billed Oxpecker,Buphagus africanus
439,Yellow-billed Pintail,Anas georgica
22527,Yellow-billed Shrike,Corvinella corvina
7875,Yellow-billed Spoonbill,Platalea flavipes
7644,Yellow-billed Stork,Mycteria ibis
453,Yellow-billed Teal,Anas flavirostris
6980,Yellow-billed Tern,Sternula superciliaris
17058,Yellow-billed Tit-tyrant,Anairetes flavirostris
11288,Yellow-billed Toucanet,
3759,Yellow-billed Turaco,Tauraco macrorhynchus
16558,Yellow-breasted Antpitta,Grallaria flavotincta
16236,Yellow-breasted Antwarbler,Hypocnemis subflava
15914,Yellow-breasted Antwren,Herpsilochmus axillaris
26798,Yellow-breasted Apalis,Apalis flavida
11417,Yellow-breasted Barbet,Trachyphonus margaritatus
20284,Yellow-breasted Boatbill,Machaerirhynchus flaviventer
20272,Yellow-breasted Boubou,Laniarius atroflavus
18764,Yellow-breasted Bowerbird,Chlamydera lauterbachi
35693,Yellow-breasted Brushfinch,Atlapetes latinuchus
35001,Yellow-breasted Bunting,Emberiza aureola
35764,Yellow-breasted Chat,Icteria virens
6009,Yellow-breasted Crake,Laterallus flaviventer
32073,Yellow-breasted Flowerpecker,Prionochilus maculatus
31318,Yellow-breasted Forest-robin,
5300,Yellow-breasted Fruit-dove,Ptilinopus occipitalis
34481,Yellow-breasted Greenfinch,Chloris spinoides
34117,Yellow-breasted Pipit,Hemimacronyx chloris
13615,Yellow-breasted Pygmy-parrot,Micropsitta meeki
19877,Yellow-breasted Satinbird,Loboparadisea sericea
26984,Yellow-breasted Tailorbird,Orthotomus samarensis
25826,Yellow-breasted Warbler,Phylloscopus montis
37508,Yellow-bridled Finch,Melanodera xanthogramma
16246,Yellow-browed Antwarbler,Hypocnemis hypoxantha
24767,Yellow-browed Bulbul,Acritillas indica
34993,Yellow-browed Bunting,Emberiza chrysophrys
26897,Yellow-browed Camaroptera,Camaroptera superciliaris
34511,Yellow-browed Citril,Crithagra frontalis
19481,Yellow-browed Melidectes,Melidectes rufocrissalis
34616,Yellow-browed Seedeater,Crithagra whytii
21386,Yellow-browed Shrike-vireo,Vireolanius eximius
35176,Yellow-browed Sparrow,Ammodramus aurifrons
23567,Yellow-browed Tit,Sylviparus modestus
17493,Yellow-browed Tody-flycatcher,Todirostrum chrysocrotaphum
11274,Yellow-browed Toucanet,Aulacorhynchus huallagae
17780,Yellow-browed Tyrant,Satrapa icterophrys
25681,Yellow-browed Warbler,Phylloscopus inornatus
12357,Yellow-browed Woodpecker,Piculus aurulentus
13601,Yellow-capped Pygmy-parrot,Micropsitta keiensis
33178,Yellow-capped Weaver,Ploceus dorsomaculatus
10143,Yellow-casqued Hornbill,Ceratogymna elata
18568,Yellow-cheeked Becard,
23854,Yellow-cheeked Tit,Machlolophus spilonotus
13185,Yellow-chevroned Parakeet,Brotogeris chiriri
15514,Yellow-chinned Spinetail,Certhiaxis cinnamomeus
32335,Yellow-chinned Sunbird,Anthreptes rectirostris
34808,Yellow-collared Chlorophonia,Chlorophonia flavirostris
14207,Yellow-collared Lovebird,Agapornis personatus
13519,Yellow-collared Macaw,Primolius auricollis
13080,Yellow-crested Cockatoo,Cacatua sulphurea
20346,Yellow-crested Helmetshrike,Prionops alberti
18405,Yellow-crested Manakin,Heterocercus flavivertex
37137,Yellow-crested Tanager,Loriotus rufiventer
12039,Yellow-crested Woodpecker,Chloropicus xantholophus
13309,Yellow-crowned Amazon,Amazona ochrocephala
11358,Yellow-crowned Barbet,Psilopogon henricii
33244,Yellow-crowned Bishop,Euplectes afer
34721,Yellow-crowned Canary,Serinus flavivertex
16915,Yellow-crowned Elaenia,Myiopagis flavivertex
34830,Yellow-crowned Euphonia,Euphonia luteicapilla
32125,Yellow-crowned Flowerpecker,Dicaeum anthonyi
20265,Yellow-crowned Gonolek,Laniarius barbarus
7926,Yellow-crowned Night Heron,Nyctanassa violacea
16894,Yellow-crowned Tyrannulet,Tyrannulus elatus
36443,Yellow-crowned Warbler,
36502,Yellow-crowned Whitestart,Myioborus flavivertex
12029,Yellow-crowned Woodpecker,Leiopicus mahrattensis
11365,Yellow-eared Barbet,Psilopogon australis
24970,Yellow-eared Bulbul,Pycnonotus penicillatus
13542,Yellow-eared Parrot,Ognorhynchus icterotis
32797,Yellow-eared Spiderhunter,Arachnothera chrysogenys
11237,Yellow-eared Toucanet,Selenidera spectabilis
12205,Yellow-eared Woodpecker,Dryobates maculifrons
27181,Yellow-eyed Babbler,Chrysomma sinense
31021,Yellow-eyed Black-flycatcher,Melaenornis ardesiacus
24538,Yellow-eyed Bristlebill,Bleda ugandae
35367,Yellow-eyed Junco,Junco phaeonotus
7324,Yellow-eyed Penguin,Megadyptes antipodes
4455,Yellow-eyed Pigeon,Columba eversmanni
29805,Yellow-eyed Starling,Aplonis mystacea
12717,Yellow-faced Flameback,Chrysocolaptes xanthocephalus
37000,Yellow-faced Grassquit,Tiaris olivaceus
19447,Yellow-faced Honeyeater,Caligavis chrysops
29883,Yellow-faced Myna,Mino dumontii
13255,Yellow-faced Parrot,Alipiopsitta xanthops
13366,Yellow-faced Parrotlet,Forpus xanthops
34774,Yellow-faced Siskin,Spinus yarrellii
37920,Yellow-faced Tanager,
31081,Yellow-footed Flycatcher,Muscicapa sethsmithi
5222,Yellow-footed Green-pigeon,Treron phoenicopterus
7140,Yellow-footed Gull,Larus livens
11613,Yellow-footed Honeyguide,Melignomon eisentrauti
11329,Yellow-fronted Barbet,Psilopogon flavifrons
34546,Yellow-fronted Canary,Crithagra mozambica
13911,Yellow-fronted Parakeet,Cyanoramphus auriceps
13111,Yellow-fronted Parrot,Poicephalus flavifrons
11505,Yellow-fronted Tinkerbird,Pogoniulus chrysoconus
36504,Yellow-fronted Whitestart,Myioborus ornatus
11804,Yellow-fronted Woodpecker,Melanerpes flavifrons
19402,Yellow-gaped Honeyeater,Meliphaga flavirictus
35652,Yellow-green Brushfinch,Atlapetes luteoviridis
21410,Yellow-green Greenlet,
36675,Yellow-green Grosbeak,Caryothraustes canadensis
37731,Yellow-green Tanager,Bangsia flavovirens
17206,Yellow-green Tyrannulet,Phylloscartes flavovirens
21463,Yellow-green Vireo,Vireo flavoviridis
13296,Yellow-headed Amazon,Amazona oratrix
35767,Yellow-headed Blackbird,Xanthocephalus xanthocephalus
35672,Yellow-headed Brushfinch,Atlapetes flaviceps
12810,Yellow-headed Caracara,Daptrius chimachima
18337,Yellow-headed Manakin,Chloropipo flavicapilla
35760,Yellow-headed Warbler,Teretistris fernandinae
36119,Yellow-hooded Blackbird,Chrysomus icterocephalus
755,Yellow-knobbed Curassow,Crax daubentoni
567,Yellow-legged Brushturkey,Talegalla fuscirostris
6271,Yellow-legged Buttonquail,Turnix tanki
23377,Yellow-legged Flyrobin,Kempiella griseoceps
7163,Yellow-legged Gull,Larus michahellis
4501,Yellow-legged Pigeon,Columba pallidiceps
30758,Yellow-legged Thrush,Turdus flavipes
125,Yellow-legged Tinamou,Crypturellus noctivagus
33189,Yellow-legged Weaver,Ploceus flavipes
13289,Yellow-lored Amazon,Amazona xantholora
24536,Yellow-lored Bristlebill,Bleda notatus
36608,Yellow-lored Tanager,Chlorothraupis frenata
17481,Yellow-lored Tody-flycatcher,Todirostrum poliocephalum
35287,Yellow-mandibled Sparrow,
33136,Yellow-mantled Weaver,Ploceus tricolor
33284,Yellow-mantled Widowbird,Euplectes macroura
17546,Yellow-margined Flatbill,Tolmomyias assimilis
13303,Yellow-naped Amazon,Amazona auropalliata
14113,Yellow-naped Fig-parrot,
1778,Yellow-necked Spurfowl,Pternistis leucoscepus
17526,Yellow-olive Flatbill,Tolmomyias sulphurescens
19436,Yellow-plumed Honeyeater,Ptilotula ornata
11181,Yellow-ridged Toucan,
15669,Yellow-rumped Antwren,Euchrepomis sharpei
35842,Yellow-rumped Cacique,Cacicus cela
32085,Yellow-rumped Flowerpecker,Prionochilus xanthopygius
31590,Yellow-rumped Flycatcher,Ficedula zanthopygia
11648,Yellow-rumped Honeyguide,Indicator xanthonotus
33471,Yellow-rumped Mannikin,Lonchura flaviprymna
36125,Yellow-rumped Marshbird,Pseudoleistes guirahuro
34537,Yellow-rumped Seedeater,Crithagra xanthopygia
34777,Yellow-rumped Siskin,Spinus uropygialis
19695,Yellow-rumped Thornbill,Acanthiza chrysorrhoa
11486,Yellow-rumped Tinkerbird,Pogoniulus bilineatus
37638,Yellow-scarfed Tanager,Iridosornis reinhardti
12423,Yellow-shafted Flicker,Colaptes auratus
13316,Yellow-shouldered Amazon,Amazona barbadensis
35972,Yellow-shouldered Blackbird,Agelaius xanthomus
37022,Yellow-shouldered Grassquit,Loxipasser anoxanthus
36741,Yellow-shouldered Grosbeak,Parkerthraustes humeralis
32119,Yellow-sided Flowerpecker,Dicaeum aureolimbatum
27398,Yellow-spectacled White-eye,Heleia wallacei
32861,Yellow-spotted Bush-sparrow,Gymnoris pyrgita
19347,Yellow-spotted Honeyeater,Meliphaga notata
24676,Yellow-streaked Greenbul,Phyllastrephus flavostriatus
14035,Yellow-streaked Lory,Chalcopsitta scintillata
25694,Yellow-streaked Warbler,Phylloscopus armandii
35730,Yellow-striped Brushfinch,Atlapetes citrinellus
13016,Yellow-tailed Black-cockatoo,Zanda funerea
35911,Yellow-tailed Oriole,Icterus mesomelas
13374,Yellow-tailed Parrot,
35651,Yellow-thighed Brushfinch,Atlapetes tibialis
15776,Yellow-throated Antwren,Myrmotherula ambigua
26784,Yellow-throated Apalis,Apalis flavigularis
24969,Yellow-throated Bulbul,Pycnonotus xantholaemus
34997,Yellow-throated Bunting,Emberiza elegans
32864,Yellow-throated Bush-sparrow,Gymnoris superciliaris
35061,Yellow-throated Chlorospingus,Chlorospingus flavigularis
4194,Yellow-throated Cuckoo,Chrysococcyx flavigularis
34842,Yellow-throated Euphonia,Euphonia hirundinacea
21162,Yellow-throated Fiji Whistler,Pachycephala graeffii
18015,Yellow-throated Flycatcher,Conopias parvus
28056,Yellow-throated Fulvetta,Schoeniparus cinereus
24540,Yellow-throated Greenbul,Atimastillas flavicollis
14188,Yellow-throated Hanging-parrot,Loriculus pusillus
19304,Yellow-throated Honeyeater,Nesoptilotis flavicollis
28709,Yellow-throated Laughingthrush,Pterorhinus galbanus
32032,Yellow-throated Leafbird,Chloropsis palawanensis
33948,Yellow-throated Longclaw,Macronyx croceus
19508,Yellow-throated Miner,Manorina flavigula
24582,Yellow-throated Mountain Greenbul,Arizelocichla chlorigula
23950,Yellow-throated Nicator,Nicator vireo
4383,Yellow-throated Sandgrouse,Pterocles gutturalis
19601,Yellow-throated Scrubwren,Neosericornis citreogularis
34543,Yellow-throated Seedeater,Crithagra flavigula
17597,Yellow-throated Spadebill,Platyrinchus flavigularis
37634,Yellow-throated Tanager,Iridosornis analis
11482,Yellow-throated Tinkerbird,Pogoniulus subsulphureus
11159,Yellow-throated Toucan,Ramphastos ambiguus
21538,Yellow-throated Vireo,Vireo flavifrons
36315,Yellow-throated Warbler,Setophaga dominica
21087,Yellow-throated Whistler,Pachycephala macrorhyncha
27692,Yellow-throated White-eye,Zosterops metcalfii
25743,Yellow-throated Woodland-warbler,Phylloscopus ruficapilla
12343,Yellow-throated Woodpecker,Piculus flavigula
19421,Yellow-tinted Honeyeater,Ptilotula flavescens
36881,Yellow-tufted Dacnis,
19356,Yellow-tufted Honeyeater,Lichenostomus melanops
34103,Yellow-tufted Pipit,Anthus crenatus
11800,Yellow-tufted Woodpecker,Melanerpes cruentatus
24992,Yellow-vented Bulbul,Pycnonotus goiavier
27013,Yellow-vented Eremomela,Eremomela flavicrissalis
32092,Yellow-vented Flowerpecker,Pachyglossa chrysorrhea
5262,Yellow-vented Green-pigeon,Treron seimundi
25836,Yellow-vented Warbler,Phylloscopus cantator
12181,Yellow-vented Woodpecker,Dryobates dignus
24871,Yellow-wattled Bulbul,Microtarsus urostictus
6504,Yellow-wattled Lapwing,Vanellus malabaricus
24617,Yellow-whiskered Greenbul,Eurillas latirostris
36106,Yellow-winged Blackbird,Agelasticus thilius
35810,Yellow-winged Cacique,Cassiculus melanicterus
17544,Yellow-winged Flatbill,Tolmomyias flavotectus
33725,Yellow-winged Pytilia,Pytilia hypogrammica
37826,Yellow-winged Tanager,Thraupis abbas
21539,Yellow-winged Vireo,Vireo carmioli
34913,Yellowhammer,Emberiza citrinella
20935,Yellowhead,Mohoua ochrocephala
24817,Yellowish Bulbul,Hypsipetes everetti
17750,Yellowish Flycatcher,Empidonax flavescens
5596,Yellowish Imperial-pigeon,Ducula subflavescens
34124,Yellowish Pipit,Anthus chii
27404,Yellowish White-eye,Zosterops nigrorum
25517,Yellowish-bellied Bush-warbler,Horornis acanthizoides
13673,Yellowish-breasted Racquet-tail,Prioniturus flavicans
18938,Yellowish-streaked Honeyeater,Ptiloprora meekiana
34639,Yemen Linnet,Linaria yemenensis
34563,Yemen Serin,Crithagra menachensis
30546,Yemen Thrush,Turdus menachensis
27112,Yemen Warbler,Curruca buryi
18110,Yucatan Flycatcher,Myiarchus yucatanensis
29461,Yucatan Gnatcatcher,Polioptila albiventris
22749,Yucatan Jay,Cyanocorax yucatanicus
1976,Yucatan Nightjar,Antrostomus badius
1950,Yucatan Poorwill,Nyctiphrynus yucatanicus
25179,Yucatan Rough-winged Swallow,
21472,Yucatan Vireo,Vireo magister
11822,Yucatan Woodpecker,Melanerpes pygmaeus
28904,Yucatan Wren,Campylorhynchus yucatanicus
4971,Yungas Dove,Leptotila megalura
712,Yungas Guan,Penelope bridgesi
18339,Yungas Manakin,Chiroxiphia boliviana
9225,Yungas Pygmy-owl,Glaucidium bolivianum
9664,Yungas Screech-owl,Megascops hoyi
35125,Yungas Sparrow,Rhynchospiza dabbenei
17360,Yungas Tody-tyrant,Hemitriccus spodiops
16868,Yungas Tyrannulet,Phyllomyias weedeni
36460,Yungas Warbler,Basileuterus punctipectus
28309,Yunnan Fulvetta,Alcippe fratercula
29550,Yunnan Nuthatch,Sitta yunnanensis
11572,Zambian Barbet,Lybius chaplini
26097,Zambian Yellow Warbler,
24824,Zamboanga Bulbul,Hypsipetes rufigularis
20248,Zanzibar Boubou,Laniarius sublacteus
33255,Zanzibar Red Bishop,Euplectes nigroventris
5699,Zapata Rail,Mustelirallus cerverai
35527,Zapata Sparrow,Torreornis inexpectata
29025,Zapata Wren,Ferminia cerverai
31147,Zappey's Flycatcher,Cyanoptila cumatilis
32962,Zarudny's Sparrow,Passer zarudnyi
4854,Zebra Dove,Geopelia striata
33666,Zebra Waxbill,Amandava subflava
16426,Zeledon's Antbird,Hafferia zeledoni
5049,Zenaida Dove,Zenaida aurita
11612,Zenker's Honeyguide,Melignomon zenkeri
7893,Zigzag Heron,Zebrilus undulatus
16767,Zimmer's Tapaculo,Scytalopus zimmeri
17369,Zimmer's Tody-tyrant,Hemitriccus minimus
14809,Zimmer's Woodcreeper,Dendroplex kienerii
7491,Zino's Petrel,Pterodroma madeira
26528,Zitting Cisticola,Cisticola juncidis
5572,Zoe's Imperial-pigeon,Ducula zoeae
8794,Zone-tailed Hawk,Buteo albonotatus
17951,d'Orbigny's Chat-tyrant,Ochthoeca oenanthoides
